{"timestamp":"2026-02-23T00:04:25.820319Z","level":"info","event":"Filling up the DagBag from /opt/airflow/dags/hello_world_dag.py","logger":"airflow.models.dagbag.BundleDagBag","filename":"dagbag.py","lineno":593}
{"timestamp":"2026-02-23T00:04:25.829114Z","level":"warning","event":"The `airflow.operators.python.PythonOperator` attribute is deprecated. Please use `'airflow.providers.standard.operators.python.PythonOperator'`.","category":"DeprecatedImportWarning","filename":"/opt/airflow/dags/hello_world_dag.py","lineno":4,"logger":"py.warnings"}
{"timestamp":"2026-02-23T00:04:25.829239Z","level":"warning","event":"The `airflow.operators.empty.EmptyOperator` attribute is deprecated. Please use `'airflow.providers.standard.operators.empty.EmptyOperator'`.","category":"DeprecatedImportWarning","filename":"/opt/airflow/dags/hello_world_dag.py","lineno":5,"logger":"py.warnings"}
{"timestamp":"2026-02-23T00:04:25.829317Z","level":"warning","event":"The `airflow.utils.timezone.datetime` attribute is deprecated. Please use `'airflow.sdk.timezone.datetime'`.","category":"DeprecatedImportWarning","filename":"/opt/airflow/dags/hello_world_dag.py","lineno":27,"logger":"py.warnings"}
{"timestamp":"2026-02-23T00:17:32.019422Z","level":"info","event":"Filling up the DagBag from /opt/airflow/dags/hello_world_dag.py","logger":"airflow.models.dagbag.BundleDagBag","filename":"dagbag.py","lineno":593}
{"timestamp":"2026-02-23T00:17:32.028291Z","level":"warning","event":"The `airflow.operators.python.PythonOperator` attribute is deprecated. Please use `'airflow.providers.standard.operators.python.PythonOperator'`.","category":"DeprecatedImportWarning","filename":"/opt/airflow/dags/hello_world_dag.py","lineno":4,"logger":"py.warnings"}
{"timestamp":"2026-02-23T00:17:32.028849Z","level":"warning","event":"The `airflow.operators.empty.EmptyOperator` attribute is deprecated. Please use `'airflow.providers.standard.operators.empty.EmptyOperator'`.","category":"DeprecatedImportWarning","filename":"/opt/airflow/dags/hello_world_dag.py","lineno":5,"logger":"py.warnings"}
{"timestamp":"2026-02-23T00:17:32.029087Z","level":"warning","event":"The `airflow.utils.timezone.datetime` attribute is deprecated. Please use `'airflow.sdk.timezone.datetime'`.","category":"DeprecatedImportWarning","filename":"/opt/airflow/dags/hello_world_dag.py","lineno":27,"logger":"py.warnings"}
{"timestamp":"2026-02-23T00:42:18.554364Z","level":"info","event":"Filling up the DagBag from /opt/airflow/dags/hello_world_dag.py","logger":"airflow.models.dagbag.BundleDagBag","filename":"dagbag.py","lineno":593}
{"timestamp":"2026-02-23T00:42:18.565257Z","level":"warning","event":"The `airflow.operators.python.PythonOperator` attribute is deprecated. Please use `'airflow.providers.standard.operators.python.PythonOperator'`.","category":"DeprecatedImportWarning","filename":"/opt/airflow/dags/hello_world_dag.py","lineno":4,"logger":"py.warnings"}
{"timestamp":"2026-02-23T00:42:18.565376Z","level":"warning","event":"The `airflow.operators.empty.EmptyOperator` attribute is deprecated. Please use `'airflow.providers.standard.operators.empty.EmptyOperator'`.","category":"DeprecatedImportWarning","filename":"/opt/airflow/dags/hello_world_dag.py","lineno":5,"logger":"py.warnings"}
{"timestamp":"2026-02-23T00:42:18.565421Z","level":"warning","event":"The `airflow.utils.timezone.datetime` attribute is deprecated. Please use `'airflow.sdk.timezone.datetime'`.","category":"DeprecatedImportWarning","filename":"/opt/airflow/dags/hello_world_dag.py","lineno":27,"logger":"py.warnings"}
{"timestamp":"2026-02-23T01:05:35.415460Z","level":"info","event":"Filling up the DagBag from /opt/airflow/dags/hello_world_dag.py","logger":"airflow.models.dagbag.BundleDagBag","filename":"dagbag.py","lineno":593}
{"timestamp":"2026-02-23T01:05:35.459437Z","level":"warning","event":"The `airflow.operators.python.PythonOperator` attribute is deprecated. Please use `'airflow.providers.standard.operators.python.PythonOperator'`.","category":"DeprecatedImportWarning","filename":"/opt/airflow/dags/hello_world_dag.py","lineno":4,"logger":"py.warnings"}
{"timestamp":"2026-02-23T01:05:35.459574Z","level":"warning","event":"The `airflow.operators.empty.EmptyOperator` attribute is deprecated. Please use `'airflow.providers.standard.operators.empty.EmptyOperator'`.","category":"DeprecatedImportWarning","filename":"/opt/airflow/dags/hello_world_dag.py","lineno":5,"logger":"py.warnings"}
{"timestamp":"2026-02-23T01:05:35.459651Z","level":"warning","event":"The `airflow.utils.timezone.datetime` attribute is deprecated. Please use `'airflow.sdk.timezone.datetime'`.","category":"DeprecatedImportWarning","filename":"/opt/airflow/dags/hello_world_dag.py","lineno":27,"logger":"py.warnings"}
{"timestamp":"2026-02-23T01:36:07.115448Z","level":"info","event":"Filling up the DagBag from /opt/airflow/dags/hello_world_dag.py","logger":"airflow.models.dagbag.BundleDagBag","filename":"dagbag.py","lineno":593}
{"timestamp":"2026-02-23T01:36:07.132044Z","level":"warning","event":"The `airflow.operators.python.PythonOperator` attribute is deprecated. Please use `'airflow.providers.standard.operators.python.PythonOperator'`.","category":"DeprecatedImportWarning","filename":"/opt/airflow/dags/hello_world_dag.py","lineno":4,"logger":"py.warnings"}
{"timestamp":"2026-02-23T01:36:07.132186Z","level":"warning","event":"The `airflow.operators.empty.EmptyOperator` attribute is deprecated. Please use `'airflow.providers.standard.operators.empty.EmptyOperator'`.","category":"DeprecatedImportWarning","filename":"/opt/airflow/dags/hello_world_dag.py","lineno":5,"logger":"py.warnings"}
{"timestamp":"2026-02-23T01:36:07.132683Z","level":"warning","event":"The `airflow.utils.timezone.datetime` attribute is deprecated. Please use `'airflow.sdk.timezone.datetime'`.","category":"DeprecatedImportWarning","filename":"/opt/airflow/dags/hello_world_dag.py","lineno":27,"logger":"py.warnings"}
{"timestamp":"2026-02-23T02:09:10.986774Z","level":"info","event":"Filling up the DagBag from /opt/airflow/dags/hello_world_dag.py","logger":"airflow.models.dagbag.BundleDagBag","filename":"dagbag.py","lineno":593}
{"timestamp":"2026-02-23T02:09:11.017992Z","level":"warning","event":"The `airflow.operators.python.PythonOperator` attribute is deprecated. Please use `'airflow.providers.standard.operators.python.PythonOperator'`.","category":"DeprecatedImportWarning","filename":"/opt/airflow/dags/hello_world_dag.py","lineno":4,"logger":"py.warnings"}
{"timestamp":"2026-02-23T02:09:11.018432Z","level":"warning","event":"The `airflow.operators.empty.EmptyOperator` attribute is deprecated. Please use `'airflow.providers.standard.operators.empty.EmptyOperator'`.","category":"DeprecatedImportWarning","filename":"/opt/airflow/dags/hello_world_dag.py","lineno":5,"logger":"py.warnings"}
{"timestamp":"2026-02-23T02:09:11.018537Z","level":"warning","event":"The `airflow.utils.timezone.datetime` attribute is deprecated. Please use `'airflow.sdk.timezone.datetime'`.","category":"DeprecatedImportWarning","filename":"/opt/airflow/dags/hello_world_dag.py","lineno":27,"logger":"py.warnings"}
{"timestamp":"2026-02-23T02:09:42.158211Z","level":"info","event":"Filling up the DagBag from /opt/airflow/dags/hello_world_dag.py","logger":"airflow.models.dagbag.BundleDagBag","filename":"dagbag.py","lineno":593}
{"timestamp":"2026-02-23T02:09:42.178797Z","level":"warning","event":"The `airflow.operators.python.PythonOperator` attribute is deprecated. Please use `'airflow.providers.standard.operators.python.PythonOperator'`.","category":"DeprecatedImportWarning","filename":"/opt/airflow/dags/hello_world_dag.py","lineno":4,"logger":"py.warnings"}
{"timestamp":"2026-02-23T02:09:42.179188Z","level":"warning","event":"The `airflow.operators.empty.EmptyOperator` attribute is deprecated. Please use `'airflow.providers.standard.operators.empty.EmptyOperator'`.","category":"DeprecatedImportWarning","filename":"/opt/airflow/dags/hello_world_dag.py","lineno":5,"logger":"py.warnings"}
{"timestamp":"2026-02-23T02:09:42.179881Z","level":"warning","event":"The `airflow.utils.timezone.datetime` attribute is deprecated. Please use `'airflow.sdk.timezone.datetime'`.","category":"DeprecatedImportWarning","filename":"/opt/airflow/dags/hello_world_dag.py","lineno":27,"logger":"py.warnings"}
{"timestamp":"2026-02-23T02:10:13.180056Z","level":"info","event":"Filling up the DagBag from /opt/airflow/dags/hello_world_dag.py","logger":"airflow.models.dagbag.BundleDagBag","filename":"dagbag.py","lineno":593}
{"timestamp":"2026-02-23T02:10:13.213562Z","level":"warning","event":"The `airflow.operators.python.PythonOperator` attribute is deprecated. Please use `'airflow.providers.standard.operators.python.PythonOperator'`.","category":"DeprecatedImportWarning","filename":"/opt/airflow/dags/hello_world_dag.py","lineno":4,"logger":"py.warnings"}
{"timestamp":"2026-02-23T02:10:13.213751Z","level":"warning","event":"The `airflow.operators.empty.EmptyOperator` attribute is deprecated. Please use `'airflow.providers.standard.operators.empty.EmptyOperator'`.","category":"DeprecatedImportWarning","filename":"/opt/airflow/dags/hello_world_dag.py","lineno":5,"logger":"py.warnings"}
{"timestamp":"2026-02-23T02:10:13.213849Z","level":"warning","event":"The `airflow.utils.timezone.datetime` attribute is deprecated. Please use `'airflow.sdk.timezone.datetime'`.","category":"DeprecatedImportWarning","filename":"/opt/airflow/dags/hello_world_dag.py","lineno":27,"logger":"py.warnings"}
{"timestamp":"2026-02-23T02:10:44.243000Z","level":"info","event":"Filling up the DagBag from /opt/airflow/dags/hello_world_dag.py","logger":"airflow.models.dagbag.BundleDagBag","filename":"dagbag.py","lineno":593}
{"timestamp":"2026-02-23T02:10:44.255043Z","level":"warning","event":"The `airflow.operators.python.PythonOperator` attribute is deprecated. Please use `'airflow.providers.standard.operators.python.PythonOperator'`.","category":"DeprecatedImportWarning","filename":"/opt/airflow/dags/hello_world_dag.py","lineno":4,"logger":"py.warnings"}
{"timestamp":"2026-02-23T02:10:44.255133Z","level":"warning","event":"The `airflow.operators.empty.EmptyOperator` attribute is deprecated. Please use `'airflow.providers.standard.operators.empty.EmptyOperator'`.","category":"DeprecatedImportWarning","filename":"/opt/airflow/dags/hello_world_dag.py","lineno":5,"logger":"py.warnings"}
{"timestamp":"2026-02-23T02:10:44.255185Z","level":"warning","event":"The `airflow.utils.timezone.datetime` attribute is deprecated. Please use `'airflow.sdk.timezone.datetime'`.","category":"DeprecatedImportWarning","filename":"/opt/airflow/dags/hello_world_dag.py","lineno":27,"logger":"py.warnings"}
{"timestamp":"2026-02-23T02:11:14.684611Z","level":"info","event":"Filling up the DagBag from /opt/airflow/dags/hello_world_dag.py","logger":"airflow.models.dagbag.BundleDagBag","filename":"dagbag.py","lineno":593}
{"timestamp":"2026-02-23T02:11:14.703425Z","level":"warning","event":"The `airflow.operators.python.PythonOperator` attribute is deprecated. Please use `'airflow.providers.standard.operators.python.PythonOperator'`.","category":"DeprecatedImportWarning","filename":"/opt/airflow/dags/hello_world_dag.py","lineno":4,"logger":"py.warnings"}
{"timestamp":"2026-02-23T02:11:14.703835Z","level":"warning","event":"The `airflow.operators.empty.EmptyOperator` attribute is deprecated. Please use `'airflow.providers.standard.operators.empty.EmptyOperator'`.","category":"DeprecatedImportWarning","filename":"/opt/airflow/dags/hello_world_dag.py","lineno":5,"logger":"py.warnings"}
{"timestamp":"2026-02-23T02:11:14.704173Z","level":"warning","event":"The `airflow.utils.timezone.datetime` attribute is deprecated. Please use `'airflow.sdk.timezone.datetime'`.","category":"DeprecatedImportWarning","filename":"/opt/airflow/dags/hello_world_dag.py","lineno":27,"logger":"py.warnings"}
{"timestamp":"2026-02-23T02:11:44.838959Z","level":"info","event":"Filling up the DagBag from /opt/airflow/dags/hello_world_dag.py","logger":"airflow.models.dagbag.BundleDagBag","filename":"dagbag.py","lineno":593}
{"timestamp":"2026-02-23T02:11:44.864457Z","level":"warning","event":"The `airflow.operators.python.PythonOperator` attribute is deprecated. Please use `'airflow.providers.standard.operators.python.PythonOperator'`.","category":"DeprecatedImportWarning","filename":"/opt/airflow/dags/hello_world_dag.py","lineno":4,"logger":"py.warnings"}
{"timestamp":"2026-02-23T02:11:44.864552Z","level":"warning","event":"The `airflow.operators.empty.EmptyOperator` attribute is deprecated. Please use `'airflow.providers.standard.operators.empty.EmptyOperator'`.","category":"DeprecatedImportWarning","filename":"/opt/airflow/dags/hello_world_dag.py","lineno":5,"logger":"py.warnings"}
{"timestamp":"2026-02-23T02:11:44.864613Z","level":"warning","event":"The `airflow.utils.timezone.datetime` attribute is deprecated. Please use `'airflow.sdk.timezone.datetime'`.","category":"DeprecatedImportWarning","filename":"/opt/airflow/dags/hello_world_dag.py","lineno":27,"logger":"py.warnings"}
{"timestamp":"2026-02-23T02:12:15.033910Z","level":"info","event":"Filling up the DagBag from /opt/airflow/dags/hello_world_dag.py","logger":"airflow.models.dagbag.BundleDagBag","filename":"dagbag.py","lineno":593}
{"timestamp":"2026-02-23T02:12:15.045185Z","level":"warning","event":"The `airflow.operators.python.PythonOperator` attribute is deprecated. Please use `'airflow.providers.standard.operators.python.PythonOperator'`.","category":"DeprecatedImportWarning","filename":"/opt/airflow/dags/hello_world_dag.py","lineno":4,"logger":"py.warnings"}
{"timestamp":"2026-02-23T02:12:15.045301Z","level":"warning","event":"The `airflow.operators.empty.EmptyOperator` attribute is deprecated. Please use `'airflow.providers.standard.operators.empty.EmptyOperator'`.","category":"DeprecatedImportWarning","filename":"/opt/airflow/dags/hello_world_dag.py","lineno":5,"logger":"py.warnings"}
{"timestamp":"2026-02-23T02:12:15.045358Z","level":"warning","event":"The `airflow.utils.timezone.datetime` attribute is deprecated. Please use `'airflow.sdk.timezone.datetime'`.","category":"DeprecatedImportWarning","filename":"/opt/airflow/dags/hello_world_dag.py","lineno":27,"logger":"py.warnings"}
{"timestamp":"2026-02-23T02:12:46.050614Z","level":"info","event":"Filling up the DagBag from /opt/airflow/dags/hello_world_dag.py","logger":"airflow.models.dagbag.BundleDagBag","filename":"dagbag.py","lineno":593}
{"timestamp":"2026-02-23T02:12:46.059583Z","level":"warning","event":"The `airflow.operators.python.PythonOperator` attribute is deprecated. Please use `'airflow.providers.standard.operators.python.PythonOperator'`.","category":"DeprecatedImportWarning","filename":"/opt/airflow/dags/hello_world_dag.py","lineno":4,"logger":"py.warnings"}
{"timestamp":"2026-02-23T02:12:46.059673Z","level":"warning","event":"The `airflow.operators.empty.EmptyOperator` attribute is deprecated. Please use `'airflow.providers.standard.operators.empty.EmptyOperator'`.","category":"DeprecatedImportWarning","filename":"/opt/airflow/dags/hello_world_dag.py","lineno":5,"logger":"py.warnings"}
{"timestamp":"2026-02-23T02:12:46.059724Z","level":"warning","event":"The `airflow.utils.timezone.datetime` attribute is deprecated. Please use `'airflow.sdk.timezone.datetime'`.","category":"DeprecatedImportWarning","filename":"/opt/airflow/dags/hello_world_dag.py","lineno":27,"logger":"py.warnings"}
{"timestamp":"2026-02-23T02:13:16.628934Z","level":"info","event":"Filling up the DagBag from /opt/airflow/dags/hello_world_dag.py","logger":"airflow.models.dagbag.BundleDagBag","filename":"dagbag.py","lineno":593}
{"timestamp":"2026-02-23T02:13:16.639350Z","level":"warning","event":"The `airflow.operators.python.PythonOperator` attribute is deprecated. Please use `'airflow.providers.standard.operators.python.PythonOperator'`.","category":"DeprecatedImportWarning","filename":"/opt/airflow/dags/hello_world_dag.py","lineno":4,"logger":"py.warnings"}
{"timestamp":"2026-02-23T02:13:16.639444Z","level":"warning","event":"The `airflow.operators.empty.EmptyOperator` attribute is deprecated. Please use `'airflow.providers.standard.operators.empty.EmptyOperator'`.","category":"DeprecatedImportWarning","filename":"/opt/airflow/dags/hello_world_dag.py","lineno":5,"logger":"py.warnings"}
{"timestamp":"2026-02-23T02:13:16.639498Z","level":"warning","event":"The `airflow.utils.timezone.datetime` attribute is deprecated. Please use `'airflow.sdk.timezone.datetime'`.","category":"DeprecatedImportWarning","filename":"/opt/airflow/dags/hello_world_dag.py","lineno":27,"logger":"py.warnings"}
{"timestamp":"2026-02-23T02:13:46.802483Z","level":"info","event":"Filling up the DagBag from /opt/airflow/dags/hello_world_dag.py","logger":"airflow.models.dagbag.BundleDagBag","filename":"dagbag.py","lineno":593}
{"timestamp":"2026-02-23T02:13:46.810401Z","level":"warning","event":"The `airflow.operators.python.PythonOperator` attribute is deprecated. Please use `'airflow.providers.standard.operators.python.PythonOperator'`.","category":"DeprecatedImportWarning","filename":"/opt/airflow/dags/hello_world_dag.py","lineno":4,"logger":"py.warnings"}
{"timestamp":"2026-02-23T02:13:46.810490Z","level":"warning","event":"The `airflow.operators.empty.EmptyOperator` attribute is deprecated. Please use `'airflow.providers.standard.operators.empty.EmptyOperator'`.","category":"DeprecatedImportWarning","filename":"/opt/airflow/dags/hello_world_dag.py","lineno":5,"logger":"py.warnings"}
{"timestamp":"2026-02-23T02:13:46.810549Z","level":"warning","event":"The `airflow.utils.timezone.datetime` attribute is deprecated. Please use `'airflow.sdk.timezone.datetime'`.","category":"DeprecatedImportWarning","filename":"/opt/airflow/dags/hello_world_dag.py","lineno":27,"logger":"py.warnings"}
{"timestamp":"2026-02-23T02:14:16.993391Z","level":"info","event":"Filling up the DagBag from /opt/airflow/dags/hello_world_dag.py","logger":"airflow.models.dagbag.BundleDagBag","filename":"dagbag.py","lineno":593}
{"timestamp":"2026-02-23T02:14:17.002933Z","level":"warning","event":"The `airflow.operators.python.PythonOperator` attribute is deprecated. Please use `'airflow.providers.standard.operators.python.PythonOperator'`.","category":"DeprecatedImportWarning","filename":"/opt/airflow/dags/hello_world_dag.py","lineno":4,"logger":"py.warnings"}
{"timestamp":"2026-02-23T02:14:17.003041Z","level":"warning","event":"The `airflow.operators.empty.EmptyOperator` attribute is deprecated. Please use `'airflow.providers.standard.operators.empty.EmptyOperator'`.","category":"DeprecatedImportWarning","filename":"/opt/airflow/dags/hello_world_dag.py","lineno":5,"logger":"py.warnings"}
{"timestamp":"2026-02-23T02:14:17.003106Z","level":"warning","event":"The `airflow.utils.timezone.datetime` attribute is deprecated. Please use `'airflow.sdk.timezone.datetime'`.","category":"DeprecatedImportWarning","filename":"/opt/airflow/dags/hello_world_dag.py","lineno":27,"logger":"py.warnings"}
{"timestamp":"2026-02-23T02:14:47.611746Z","level":"info","event":"Filling up the DagBag from /opt/airflow/dags/hello_world_dag.py","logger":"airflow.models.dagbag.BundleDagBag","filename":"dagbag.py","lineno":593}
{"timestamp":"2026-02-23T02:14:47.621543Z","level":"warning","event":"The `airflow.operators.python.PythonOperator` attribute is deprecated. Please use `'airflow.providers.standard.operators.python.PythonOperator'`.","category":"DeprecatedImportWarning","filename":"/opt/airflow/dags/hello_world_dag.py","lineno":4,"logger":"py.warnings"}
{"timestamp":"2026-02-23T02:14:47.621632Z","level":"warning","event":"The `airflow.operators.empty.EmptyOperator` attribute is deprecated. Please use `'airflow.providers.standard.operators.empty.EmptyOperator'`.","category":"DeprecatedImportWarning","filename":"/opt/airflow/dags/hello_world_dag.py","lineno":5,"logger":"py.warnings"}
{"timestamp":"2026-02-23T02:14:47.621699Z","level":"warning","event":"The `airflow.utils.timezone.datetime` attribute is deprecated. Please use `'airflow.sdk.timezone.datetime'`.","category":"DeprecatedImportWarning","filename":"/opt/airflow/dags/hello_world_dag.py","lineno":27,"logger":"py.warnings"}
{"timestamp":"2026-02-23T02:15:17.855643Z","level":"info","event":"Filling up the DagBag from /opt/airflow/dags/hello_world_dag.py","logger":"airflow.models.dagbag.BundleDagBag","filename":"dagbag.py","lineno":593}
{"timestamp":"2026-02-23T02:15:17.866997Z","level":"warning","event":"The `airflow.operators.python.PythonOperator` attribute is deprecated. Please use `'airflow.providers.standard.operators.python.PythonOperator'`.","category":"DeprecatedImportWarning","filename":"/opt/airflow/dags/hello_world_dag.py","lineno":4,"logger":"py.warnings"}
{"timestamp":"2026-02-23T02:15:17.867089Z","level":"warning","event":"The `airflow.operators.empty.EmptyOperator` attribute is deprecated. Please use `'airflow.providers.standard.operators.empty.EmptyOperator'`.","category":"DeprecatedImportWarning","filename":"/opt/airflow/dags/hello_world_dag.py","lineno":5,"logger":"py.warnings"}
{"timestamp":"2026-02-23T02:15:17.867142Z","level":"warning","event":"The `airflow.utils.timezone.datetime` attribute is deprecated. Please use `'airflow.sdk.timezone.datetime'`.","category":"DeprecatedImportWarning","filename":"/opt/airflow/dags/hello_world_dag.py","lineno":27,"logger":"py.warnings"}
{"timestamp":"2026-02-23T02:15:48.115017Z","level":"info","event":"Filling up the DagBag from /opt/airflow/dags/hello_world_dag.py","logger":"airflow.models.dagbag.BundleDagBag","filename":"dagbag.py","lineno":593}
{"timestamp":"2026-02-23T02:15:48.124585Z","level":"warning","event":"The `airflow.operators.python.PythonOperator` attribute is deprecated. Please use `'airflow.providers.standard.operators.python.PythonOperator'`.","category":"DeprecatedImportWarning","filename":"/opt/airflow/dags/hello_world_dag.py","lineno":4,"logger":"py.warnings"}
{"timestamp":"2026-02-23T02:15:48.124729Z","level":"warning","event":"The `airflow.operators.empty.EmptyOperator` attribute is deprecated. Please use `'airflow.providers.standard.operators.empty.EmptyOperator'`.","category":"DeprecatedImportWarning","filename":"/opt/airflow/dags/hello_world_dag.py","lineno":5,"logger":"py.warnings"}
{"timestamp":"2026-02-23T02:15:48.124815Z","level":"warning","event":"The `airflow.utils.timezone.datetime` attribute is deprecated. Please use `'airflow.sdk.timezone.datetime'`.","category":"DeprecatedImportWarning","filename":"/opt/airflow/dags/hello_world_dag.py","lineno":27,"logger":"py.warnings"}
{"timestamp":"2026-02-23T02:16:18.518405Z","level":"info","event":"Filling up the DagBag from /opt/airflow/dags/hello_world_dag.py","logger":"airflow.models.dagbag.BundleDagBag","filename":"dagbag.py","lineno":593}
{"timestamp":"2026-02-23T02:16:18.527382Z","level":"warning","event":"The `airflow.operators.python.PythonOperator` attribute is deprecated. Please use `'airflow.providers.standard.operators.python.PythonOperator'`.","category":"DeprecatedImportWarning","filename":"/opt/airflow/dags/hello_world_dag.py","lineno":4,"logger":"py.warnings"}
{"timestamp":"2026-02-23T02:16:18.527962Z","level":"warning","event":"The `airflow.operators.empty.EmptyOperator` attribute is deprecated. Please use `'airflow.providers.standard.operators.empty.EmptyOperator'`.","category":"DeprecatedImportWarning","filename":"/opt/airflow/dags/hello_world_dag.py","lineno":5,"logger":"py.warnings"}
{"timestamp":"2026-02-23T02:16:18.528210Z","level":"warning","event":"The `airflow.utils.timezone.datetime` attribute is deprecated. Please use `'airflow.sdk.timezone.datetime'`.","category":"DeprecatedImportWarning","filename":"/opt/airflow/dags/hello_world_dag.py","lineno":27,"logger":"py.warnings"}
{"timestamp":"2026-02-23T02:16:48.674796Z","level":"info","event":"Filling up the DagBag from /opt/airflow/dags/hello_world_dag.py","logger":"airflow.models.dagbag.BundleDagBag","filename":"dagbag.py","lineno":593}
{"timestamp":"2026-02-23T02:16:48.683021Z","level":"warning","event":"The `airflow.operators.python.PythonOperator` attribute is deprecated. Please use `'airflow.providers.standard.operators.python.PythonOperator'`.","category":"DeprecatedImportWarning","filename":"/opt/airflow/dags/hello_world_dag.py","lineno":4,"logger":"py.warnings"}
{"timestamp":"2026-02-23T02:16:48.683099Z","level":"warning","event":"The `airflow.operators.empty.EmptyOperator` attribute is deprecated. Please use `'airflow.providers.standard.operators.empty.EmptyOperator'`.","category":"DeprecatedImportWarning","filename":"/opt/airflow/dags/hello_world_dag.py","lineno":5,"logger":"py.warnings"}
{"timestamp":"2026-02-23T02:16:48.683140Z","level":"warning","event":"The `airflow.utils.timezone.datetime` attribute is deprecated. Please use `'airflow.sdk.timezone.datetime'`.","category":"DeprecatedImportWarning","filename":"/opt/airflow/dags/hello_world_dag.py","lineno":27,"logger":"py.warnings"}
{"timestamp":"2026-02-23T02:17:18.827534Z","level":"info","event":"Filling up the DagBag from /opt/airflow/dags/hello_world_dag.py","logger":"airflow.models.dagbag.BundleDagBag","filename":"dagbag.py","lineno":593}
{"timestamp":"2026-02-23T02:17:18.839379Z","level":"warning","event":"The `airflow.operators.python.PythonOperator` attribute is deprecated. Please use `'airflow.providers.standard.operators.python.PythonOperator'`.","category":"DeprecatedImportWarning","filename":"/opt/airflow/dags/hello_world_dag.py","lineno":4,"logger":"py.warnings"}
{"timestamp":"2026-02-23T02:17:18.839480Z","level":"warning","event":"The `airflow.operators.empty.EmptyOperator` attribute is deprecated. Please use `'airflow.providers.standard.operators.empty.EmptyOperator'`.","category":"DeprecatedImportWarning","filename":"/opt/airflow/dags/hello_world_dag.py","lineno":5,"logger":"py.warnings"}
{"timestamp":"2026-02-23T02:17:18.839533Z","level":"warning","event":"The `airflow.utils.timezone.datetime` attribute is deprecated. Please use `'airflow.sdk.timezone.datetime'`.","category":"DeprecatedImportWarning","filename":"/opt/airflow/dags/hello_world_dag.py","lineno":27,"logger":"py.warnings"}
{"timestamp":"2026-02-23T02:17:49.032175Z","level":"info","event":"Filling up the DagBag from /opt/airflow/dags/hello_world_dag.py","logger":"airflow.models.dagbag.BundleDagBag","filename":"dagbag.py","lineno":593}
{"timestamp":"2026-02-23T02:17:49.041064Z","level":"warning","event":"The `airflow.operators.python.PythonOperator` attribute is deprecated. Please use `'airflow.providers.standard.operators.python.PythonOperator'`.","category":"DeprecatedImportWarning","filename":"/opt/airflow/dags/hello_world_dag.py","lineno":4,"logger":"py.warnings"}
{"timestamp":"2026-02-23T02:17:49.041983Z","level":"warning","event":"The `airflow.operators.empty.EmptyOperator` attribute is deprecated. Please use `'airflow.providers.standard.operators.empty.EmptyOperator'`.","category":"DeprecatedImportWarning","filename":"/opt/airflow/dags/hello_world_dag.py","lineno":5,"logger":"py.warnings"}
{"timestamp":"2026-02-23T02:17:49.042207Z","level":"warning","event":"The `airflow.utils.timezone.datetime` attribute is deprecated. Please use `'airflow.sdk.timezone.datetime'`.","category":"DeprecatedImportWarning","filename":"/opt/airflow/dags/hello_world_dag.py","lineno":27,"logger":"py.warnings"}
{"timestamp":"2026-02-23T02:18:19.403724Z","level":"info","event":"Filling up the DagBag from /opt/airflow/dags/hello_world_dag.py","logger":"airflow.models.dagbag.BundleDagBag","filename":"dagbag.py","lineno":593}
{"timestamp":"2026-02-23T02:18:19.418407Z","level":"warning","event":"The `airflow.operators.python.PythonOperator` attribute is deprecated. Please use `'airflow.providers.standard.operators.python.PythonOperator'`.","category":"DeprecatedImportWarning","filename":"/opt/airflow/dags/hello_world_dag.py","lineno":4,"logger":"py.warnings"}
{"timestamp":"2026-02-23T02:18:19.418511Z","level":"warning","event":"The `airflow.operators.empty.EmptyOperator` attribute is deprecated. Please use `'airflow.providers.standard.operators.empty.EmptyOperator'`.","category":"DeprecatedImportWarning","filename":"/opt/airflow/dags/hello_world_dag.py","lineno":5,"logger":"py.warnings"}
{"timestamp":"2026-02-23T02:18:19.418565Z","level":"warning","event":"The `airflow.utils.timezone.datetime` attribute is deprecated. Please use `'airflow.sdk.timezone.datetime'`.","category":"DeprecatedImportWarning","filename":"/opt/airflow/dags/hello_world_dag.py","lineno":27,"logger":"py.warnings"}
{"timestamp":"2026-02-23T02:18:49.691750Z","level":"info","event":"Filling up the DagBag from /opt/airflow/dags/hello_world_dag.py","logger":"airflow.models.dagbag.BundleDagBag","filename":"dagbag.py","lineno":593}
{"timestamp":"2026-02-23T02:18:49.707301Z","level":"warning","event":"The `airflow.operators.python.PythonOperator` attribute is deprecated. Please use `'airflow.providers.standard.operators.python.PythonOperator'`.","category":"DeprecatedImportWarning","filename":"/opt/airflow/dags/hello_world_dag.py","lineno":4,"logger":"py.warnings"}
{"timestamp":"2026-02-23T02:18:49.707399Z","level":"warning","event":"The `airflow.operators.empty.EmptyOperator` attribute is deprecated. Please use `'airflow.providers.standard.operators.empty.EmptyOperator'`.","category":"DeprecatedImportWarning","filename":"/opt/airflow/dags/hello_world_dag.py","lineno":5,"logger":"py.warnings"}
{"timestamp":"2026-02-23T02:18:49.707447Z","level":"warning","event":"The `airflow.utils.timezone.datetime` attribute is deprecated. Please use `'airflow.sdk.timezone.datetime'`.","category":"DeprecatedImportWarning","filename":"/opt/airflow/dags/hello_world_dag.py","lineno":27,"logger":"py.warnings"}
{"timestamp":"2026-02-23T02:19:20.730042Z","level":"info","event":"Filling up the DagBag from /opt/airflow/dags/hello_world_dag.py","logger":"airflow.models.dagbag.BundleDagBag","filename":"dagbag.py","lineno":593}
{"timestamp":"2026-02-23T02:19:20.741599Z","level":"warning","event":"The `airflow.operators.python.PythonOperator` attribute is deprecated. Please use `'airflow.providers.standard.operators.python.PythonOperator'`.","category":"DeprecatedImportWarning","filename":"/opt/airflow/dags/hello_world_dag.py","lineno":4,"logger":"py.warnings"}
{"timestamp":"2026-02-23T02:19:20.741704Z","level":"warning","event":"The `airflow.operators.empty.EmptyOperator` attribute is deprecated. Please use `'airflow.providers.standard.operators.empty.EmptyOperator'`.","category":"DeprecatedImportWarning","filename":"/opt/airflow/dags/hello_world_dag.py","lineno":5,"logger":"py.warnings"}
{"timestamp":"2026-02-23T02:19:20.741765Z","level":"warning","event":"The `airflow.utils.timezone.datetime` attribute is deprecated. Please use `'airflow.sdk.timezone.datetime'`.","category":"DeprecatedImportWarning","filename":"/opt/airflow/dags/hello_world_dag.py","lineno":27,"logger":"py.warnings"}
{"timestamp":"2026-02-23T02:19:51.664164Z","level":"info","event":"Filling up the DagBag from /opt/airflow/dags/hello_world_dag.py","logger":"airflow.models.dagbag.BundleDagBag","filename":"dagbag.py","lineno":593}
{"timestamp":"2026-02-23T02:19:51.674449Z","level":"warning","event":"The `airflow.operators.python.PythonOperator` attribute is deprecated. Please use `'airflow.providers.standard.operators.python.PythonOperator'`.","category":"DeprecatedImportWarning","filename":"/opt/airflow/dags/hello_world_dag.py","lineno":4,"logger":"py.warnings"}
{"timestamp":"2026-02-23T02:19:51.674559Z","level":"warning","event":"The `airflow.operators.empty.EmptyOperator` attribute is deprecated. Please use `'airflow.providers.standard.operators.empty.EmptyOperator'`.","category":"DeprecatedImportWarning","filename":"/opt/airflow/dags/hello_world_dag.py","lineno":5,"logger":"py.warnings"}
{"timestamp":"2026-02-23T02:19:51.674641Z","level":"warning","event":"The `airflow.utils.timezone.datetime` attribute is deprecated. Please use `'airflow.sdk.timezone.datetime'`.","category":"DeprecatedImportWarning","filename":"/opt/airflow/dags/hello_world_dag.py","lineno":27,"logger":"py.warnings"}
{"timestamp":"2026-02-23T02:20:22.344515Z","level":"info","event":"Filling up the DagBag from /opt/airflow/dags/hello_world_dag.py","logger":"airflow.models.dagbag.BundleDagBag","filename":"dagbag.py","lineno":593}
{"timestamp":"2026-02-23T02:20:22.357943Z","level":"warning","event":"The `airflow.operators.python.PythonOperator` attribute is deprecated. Please use `'airflow.providers.standard.operators.python.PythonOperator'`.","category":"DeprecatedImportWarning","filename":"/opt/airflow/dags/hello_world_dag.py","lineno":4,"logger":"py.warnings"}
{"timestamp":"2026-02-23T02:20:22.358078Z","level":"warning","event":"The `airflow.operators.empty.EmptyOperator` attribute is deprecated. Please use `'airflow.providers.standard.operators.empty.EmptyOperator'`.","category":"DeprecatedImportWarning","filename":"/opt/airflow/dags/hello_world_dag.py","lineno":5,"logger":"py.warnings"}
{"timestamp":"2026-02-23T02:20:22.358156Z","level":"warning","event":"The `airflow.utils.timezone.datetime` attribute is deprecated. Please use `'airflow.sdk.timezone.datetime'`.","category":"DeprecatedImportWarning","filename":"/opt/airflow/dags/hello_world_dag.py","lineno":27,"logger":"py.warnings"}
{"timestamp":"2026-02-23T02:20:52.834722Z","level":"info","event":"Filling up the DagBag from /opt/airflow/dags/hello_world_dag.py","logger":"airflow.models.dagbag.BundleDagBag","filename":"dagbag.py","lineno":593}
{"timestamp":"2026-02-23T02:20:52.846389Z","level":"warning","event":"The `airflow.operators.python.PythonOperator` attribute is deprecated. Please use `'airflow.providers.standard.operators.python.PythonOperator'`.","category":"DeprecatedImportWarning","filename":"/opt/airflow/dags/hello_world_dag.py","lineno":4,"logger":"py.warnings"}
{"timestamp":"2026-02-23T02:20:52.846517Z","level":"warning","event":"The `airflow.operators.empty.EmptyOperator` attribute is deprecated. Please use `'airflow.providers.standard.operators.empty.EmptyOperator'`.","category":"DeprecatedImportWarning","filename":"/opt/airflow/dags/hello_world_dag.py","lineno":5,"logger":"py.warnings"}
{"timestamp":"2026-02-23T02:20:52.846581Z","level":"warning","event":"The `airflow.utils.timezone.datetime` attribute is deprecated. Please use `'airflow.sdk.timezone.datetime'`.","category":"DeprecatedImportWarning","filename":"/opt/airflow/dags/hello_world_dag.py","lineno":27,"logger":"py.warnings"}
{"timestamp":"2026-02-23T02:21:23.310425Z","level":"info","event":"Filling up the DagBag from /opt/airflow/dags/hello_world_dag.py","logger":"airflow.models.dagbag.BundleDagBag","filename":"dagbag.py","lineno":593}
{"timestamp":"2026-02-23T02:21:23.323646Z","level":"warning","event":"The `airflow.operators.python.PythonOperator` attribute is deprecated. Please use `'airflow.providers.standard.operators.python.PythonOperator'`.","category":"DeprecatedImportWarning","filename":"/opt/airflow/dags/hello_world_dag.py","lineno":4,"logger":"py.warnings"}
{"timestamp":"2026-02-23T02:21:23.323978Z","level":"warning","event":"The `airflow.operators.empty.EmptyOperator` attribute is deprecated. Please use `'airflow.providers.standard.operators.empty.EmptyOperator'`.","category":"DeprecatedImportWarning","filename":"/opt/airflow/dags/hello_world_dag.py","lineno":5,"logger":"py.warnings"}
{"timestamp":"2026-02-23T02:21:23.324048Z","level":"warning","event":"The `airflow.utils.timezone.datetime` attribute is deprecated. Please use `'airflow.sdk.timezone.datetime'`.","category":"DeprecatedImportWarning","filename":"/opt/airflow/dags/hello_world_dag.py","lineno":27,"logger":"py.warnings"}
{"timestamp":"2026-02-23T02:21:53.932336Z","level":"info","event":"Filling up the DagBag from /opt/airflow/dags/hello_world_dag.py","logger":"airflow.models.dagbag.BundleDagBag","filename":"dagbag.py","lineno":593}
{"timestamp":"2026-02-23T02:21:53.945097Z","level":"warning","event":"The `airflow.operators.python.PythonOperator` attribute is deprecated. Please use `'airflow.providers.standard.operators.python.PythonOperator'`.","category":"DeprecatedImportWarning","filename":"/opt/airflow/dags/hello_world_dag.py","lineno":4,"logger":"py.warnings"}
{"timestamp":"2026-02-23T02:21:53.945181Z","level":"warning","event":"The `airflow.operators.empty.EmptyOperator` attribute is deprecated. Please use `'airflow.providers.standard.operators.empty.EmptyOperator'`.","category":"DeprecatedImportWarning","filename":"/opt/airflow/dags/hello_world_dag.py","lineno":5,"logger":"py.warnings"}
{"timestamp":"2026-02-23T02:21:53.945226Z","level":"warning","event":"The `airflow.utils.timezone.datetime` attribute is deprecated. Please use `'airflow.sdk.timezone.datetime'`.","category":"DeprecatedImportWarning","filename":"/opt/airflow/dags/hello_world_dag.py","lineno":27,"logger":"py.warnings"}
{"timestamp":"2026-02-23T02:22:24.559904Z","level":"info","event":"Filling up the DagBag from /opt/airflow/dags/hello_world_dag.py","logger":"airflow.models.dagbag.BundleDagBag","filename":"dagbag.py","lineno":593}
{"timestamp":"2026-02-23T02:22:24.570854Z","level":"warning","event":"The `airflow.operators.python.PythonOperator` attribute is deprecated. Please use `'airflow.providers.standard.operators.python.PythonOperator'`.","category":"DeprecatedImportWarning","filename":"/opt/airflow/dags/hello_world_dag.py","lineno":4,"logger":"py.warnings"}
{"timestamp":"2026-02-23T02:22:24.570936Z","level":"warning","event":"The `airflow.operators.empty.EmptyOperator` attribute is deprecated. Please use `'airflow.providers.standard.operators.empty.EmptyOperator'`.","category":"DeprecatedImportWarning","filename":"/opt/airflow/dags/hello_world_dag.py","lineno":5,"logger":"py.warnings"}
{"timestamp":"2026-02-23T02:22:24.570983Z","level":"warning","event":"The `airflow.utils.timezone.datetime` attribute is deprecated. Please use `'airflow.sdk.timezone.datetime'`.","category":"DeprecatedImportWarning","filename":"/opt/airflow/dags/hello_world_dag.py","lineno":27,"logger":"py.warnings"}
{"timestamp":"2026-02-23T02:22:55.483215Z","level":"info","event":"Filling up the DagBag from /opt/airflow/dags/hello_world_dag.py","logger":"airflow.models.dagbag.BundleDagBag","filename":"dagbag.py","lineno":593}
{"timestamp":"2026-02-23T02:22:55.494440Z","level":"warning","event":"The `airflow.operators.python.PythonOperator` attribute is deprecated. Please use `'airflow.providers.standard.operators.python.PythonOperator'`.","category":"DeprecatedImportWarning","filename":"/opt/airflow/dags/hello_world_dag.py","lineno":4,"logger":"py.warnings"}
{"timestamp":"2026-02-23T02:22:55.494525Z","level":"warning","event":"The `airflow.operators.empty.EmptyOperator` attribute is deprecated. Please use `'airflow.providers.standard.operators.empty.EmptyOperator'`.","category":"DeprecatedImportWarning","filename":"/opt/airflow/dags/hello_world_dag.py","lineno":5,"logger":"py.warnings"}
{"timestamp":"2026-02-23T02:22:55.494570Z","level":"warning","event":"The `airflow.utils.timezone.datetime` attribute is deprecated. Please use `'airflow.sdk.timezone.datetime'`.","category":"DeprecatedImportWarning","filename":"/opt/airflow/dags/hello_world_dag.py","lineno":27,"logger":"py.warnings"}
{"timestamp":"2026-02-23T02:23:25.981234Z","level":"info","event":"Filling up the DagBag from /opt/airflow/dags/hello_world_dag.py","logger":"airflow.models.dagbag.BundleDagBag","filename":"dagbag.py","lineno":593}
{"timestamp":"2026-02-23T02:23:25.990865Z","level":"warning","event":"The `airflow.operators.python.PythonOperator` attribute is deprecated. Please use `'airflow.providers.standard.operators.python.PythonOperator'`.","category":"DeprecatedImportWarning","filename":"/opt/airflow/dags/hello_world_dag.py","lineno":4,"logger":"py.warnings"}
{"timestamp":"2026-02-23T02:23:25.990941Z","level":"warning","event":"The `airflow.operators.empty.EmptyOperator` attribute is deprecated. Please use `'airflow.providers.standard.operators.empty.EmptyOperator'`.","category":"DeprecatedImportWarning","filename":"/opt/airflow/dags/hello_world_dag.py","lineno":5,"logger":"py.warnings"}
{"timestamp":"2026-02-23T02:23:25.990983Z","level":"warning","event":"The `airflow.utils.timezone.datetime` attribute is deprecated. Please use `'airflow.sdk.timezone.datetime'`.","category":"DeprecatedImportWarning","filename":"/opt/airflow/dags/hello_world_dag.py","lineno":27,"logger":"py.warnings"}
{"timestamp":"2026-02-23T02:23:56.719689Z","level":"info","event":"Filling up the DagBag from /opt/airflow/dags/hello_world_dag.py","logger":"airflow.models.dagbag.BundleDagBag","filename":"dagbag.py","lineno":593}
{"timestamp":"2026-02-23T02:23:56.730728Z","level":"warning","event":"The `airflow.operators.python.PythonOperator` attribute is deprecated. Please use `'airflow.providers.standard.operators.python.PythonOperator'`.","category":"DeprecatedImportWarning","filename":"/opt/airflow/dags/hello_world_dag.py","lineno":4,"logger":"py.warnings"}
{"timestamp":"2026-02-23T02:23:56.730852Z","level":"warning","event":"The `airflow.operators.empty.EmptyOperator` attribute is deprecated. Please use `'airflow.providers.standard.operators.empty.EmptyOperator'`.","category":"DeprecatedImportWarning","filename":"/opt/airflow/dags/hello_world_dag.py","lineno":5,"logger":"py.warnings"}
{"timestamp":"2026-02-23T02:23:56.730926Z","level":"warning","event":"The `airflow.utils.timezone.datetime` attribute is deprecated. Please use `'airflow.sdk.timezone.datetime'`.","category":"DeprecatedImportWarning","filename":"/opt/airflow/dags/hello_world_dag.py","lineno":27,"logger":"py.warnings"}
{"timestamp":"2026-02-23T02:24:27.581417Z","level":"info","event":"Filling up the DagBag from /opt/airflow/dags/hello_world_dag.py","logger":"airflow.models.dagbag.BundleDagBag","filename":"dagbag.py","lineno":593}
{"timestamp":"2026-02-23T02:24:27.600220Z","level":"warning","event":"The `airflow.operators.python.PythonOperator` attribute is deprecated. Please use `'airflow.providers.standard.operators.python.PythonOperator'`.","category":"DeprecatedImportWarning","filename":"/opt/airflow/dags/hello_world_dag.py","lineno":4,"logger":"py.warnings"}
{"timestamp":"2026-02-23T02:24:27.600458Z","level":"warning","event":"The `airflow.operators.empty.EmptyOperator` attribute is deprecated. Please use `'airflow.providers.standard.operators.empty.EmptyOperator'`.","category":"DeprecatedImportWarning","filename":"/opt/airflow/dags/hello_world_dag.py","lineno":5,"logger":"py.warnings"}
{"timestamp":"2026-02-23T02:24:27.600558Z","level":"warning","event":"The `airflow.utils.timezone.datetime` attribute is deprecated. Please use `'airflow.sdk.timezone.datetime'`.","category":"DeprecatedImportWarning","filename":"/opt/airflow/dags/hello_world_dag.py","lineno":27,"logger":"py.warnings"}
{"timestamp":"2026-02-23T02:24:58.140267Z","level":"info","event":"Filling up the DagBag from /opt/airflow/dags/hello_world_dag.py","logger":"airflow.models.dagbag.BundleDagBag","filename":"dagbag.py","lineno":593}
{"timestamp":"2026-02-23T02:24:58.154543Z","level":"warning","event":"The `airflow.operators.python.PythonOperator` attribute is deprecated. Please use `'airflow.providers.standard.operators.python.PythonOperator'`.","category":"DeprecatedImportWarning","filename":"/opt/airflow/dags/hello_world_dag.py","lineno":4,"logger":"py.warnings"}
{"timestamp":"2026-02-23T02:24:58.154644Z","level":"warning","event":"The `airflow.operators.empty.EmptyOperator` attribute is deprecated. Please use `'airflow.providers.standard.operators.empty.EmptyOperator'`.","category":"DeprecatedImportWarning","filename":"/opt/airflow/dags/hello_world_dag.py","lineno":5,"logger":"py.warnings"}
{"timestamp":"2026-02-23T02:24:58.154718Z","level":"warning","event":"The `airflow.utils.timezone.datetime` attribute is deprecated. Please use `'airflow.sdk.timezone.datetime'`.","category":"DeprecatedImportWarning","filename":"/opt/airflow/dags/hello_world_dag.py","lineno":27,"logger":"py.warnings"}
{"timestamp":"2026-02-23T02:25:28.626871Z","level":"info","event":"Filling up the DagBag from /opt/airflow/dags/hello_world_dag.py","logger":"airflow.models.dagbag.BundleDagBag","filename":"dagbag.py","lineno":593}
{"timestamp":"2026-02-23T02:25:28.645754Z","level":"warning","event":"The `airflow.operators.python.PythonOperator` attribute is deprecated. Please use `'airflow.providers.standard.operators.python.PythonOperator'`.","category":"DeprecatedImportWarning","filename":"/opt/airflow/dags/hello_world_dag.py","lineno":4,"logger":"py.warnings"}
{"timestamp":"2026-02-23T02:25:28.645877Z","level":"warning","event":"The `airflow.operators.empty.EmptyOperator` attribute is deprecated. Please use `'airflow.providers.standard.operators.empty.EmptyOperator'`.","category":"DeprecatedImportWarning","filename":"/opt/airflow/dags/hello_world_dag.py","lineno":5,"logger":"py.warnings"}
{"timestamp":"2026-02-23T02:25:28.645941Z","level":"warning","event":"The `airflow.utils.timezone.datetime` attribute is deprecated. Please use `'airflow.sdk.timezone.datetime'`.","category":"DeprecatedImportWarning","filename":"/opt/airflow/dags/hello_world_dag.py","lineno":27,"logger":"py.warnings"}
{"timestamp":"2026-02-23T02:25:59.317066Z","level":"info","event":"Filling up the DagBag from /opt/airflow/dags/hello_world_dag.py","logger":"airflow.models.dagbag.BundleDagBag","filename":"dagbag.py","lineno":593}
{"timestamp":"2026-02-23T02:25:59.337581Z","level":"warning","event":"The `airflow.operators.python.PythonOperator` attribute is deprecated. Please use `'airflow.providers.standard.operators.python.PythonOperator'`.","category":"DeprecatedImportWarning","filename":"/opt/airflow/dags/hello_world_dag.py","lineno":4,"logger":"py.warnings"}
{"timestamp":"2026-02-23T02:25:59.337693Z","level":"warning","event":"The `airflow.operators.empty.EmptyOperator` attribute is deprecated. Please use `'airflow.providers.standard.operators.empty.EmptyOperator'`.","category":"DeprecatedImportWarning","filename":"/opt/airflow/dags/hello_world_dag.py","lineno":5,"logger":"py.warnings"}
{"timestamp":"2026-02-23T02:25:59.337769Z","level":"warning","event":"The `airflow.utils.timezone.datetime` attribute is deprecated. Please use `'airflow.sdk.timezone.datetime'`.","category":"DeprecatedImportWarning","filename":"/opt/airflow/dags/hello_world_dag.py","lineno":27,"logger":"py.warnings"}
{"timestamp":"2026-02-23T02:26:29.638721Z","level":"info","event":"Filling up the DagBag from /opt/airflow/dags/hello_world_dag.py","logger":"airflow.models.dagbag.BundleDagBag","filename":"dagbag.py","lineno":593}
{"timestamp":"2026-02-23T02:26:29.652298Z","level":"warning","event":"The `airflow.operators.python.PythonOperator` attribute is deprecated. Please use `'airflow.providers.standard.operators.python.PythonOperator'`.","category":"DeprecatedImportWarning","filename":"/opt/airflow/dags/hello_world_dag.py","lineno":4,"logger":"py.warnings"}
{"timestamp":"2026-02-23T02:26:29.652393Z","level":"warning","event":"The `airflow.operators.empty.EmptyOperator` attribute is deprecated. Please use `'airflow.providers.standard.operators.empty.EmptyOperator'`.","category":"DeprecatedImportWarning","filename":"/opt/airflow/dags/hello_world_dag.py","lineno":5,"logger":"py.warnings"}
{"timestamp":"2026-02-23T02:26:29.652445Z","level":"warning","event":"The `airflow.utils.timezone.datetime` attribute is deprecated. Please use `'airflow.sdk.timezone.datetime'`.","category":"DeprecatedImportWarning","filename":"/opt/airflow/dags/hello_world_dag.py","lineno":27,"logger":"py.warnings"}
{"timestamp":"2026-02-23T02:26:59.979414Z","level":"info","event":"Filling up the DagBag from /opt/airflow/dags/hello_world_dag.py","logger":"airflow.models.dagbag.BundleDagBag","filename":"dagbag.py","lineno":593}
{"timestamp":"2026-02-23T02:26:59.994402Z","level":"warning","event":"The `airflow.operators.python.PythonOperator` attribute is deprecated. Please use `'airflow.providers.standard.operators.python.PythonOperator'`.","category":"DeprecatedImportWarning","filename":"/opt/airflow/dags/hello_world_dag.py","lineno":4,"logger":"py.warnings"}
{"timestamp":"2026-02-23T02:26:59.994756Z","level":"warning","event":"The `airflow.operators.empty.EmptyOperator` attribute is deprecated. Please use `'airflow.providers.standard.operators.empty.EmptyOperator'`.","category":"DeprecatedImportWarning","filename":"/opt/airflow/dags/hello_world_dag.py","lineno":5,"logger":"py.warnings"}
{"timestamp":"2026-02-23T02:26:59.995216Z","level":"warning","event":"The `airflow.utils.timezone.datetime` attribute is deprecated. Please use `'airflow.sdk.timezone.datetime'`.","category":"DeprecatedImportWarning","filename":"/opt/airflow/dags/hello_world_dag.py","lineno":27,"logger":"py.warnings"}
{"timestamp":"2026-02-23T02:27:30.954411Z","level":"info","event":"Filling up the DagBag from /opt/airflow/dags/hello_world_dag.py","logger":"airflow.models.dagbag.BundleDagBag","filename":"dagbag.py","lineno":593}
{"timestamp":"2026-02-23T02:27:30.973101Z","level":"warning","event":"The `airflow.operators.python.PythonOperator` attribute is deprecated. Please use `'airflow.providers.standard.operators.python.PythonOperator'`.","category":"DeprecatedImportWarning","filename":"/opt/airflow/dags/hello_world_dag.py","lineno":4,"logger":"py.warnings"}
{"timestamp":"2026-02-23T02:27:30.973246Z","level":"warning","event":"The `airflow.operators.empty.EmptyOperator` attribute is deprecated. Please use `'airflow.providers.standard.operators.empty.EmptyOperator'`.","category":"DeprecatedImportWarning","filename":"/opt/airflow/dags/hello_world_dag.py","lineno":5,"logger":"py.warnings"}
{"timestamp":"2026-02-23T02:27:30.973329Z","level":"warning","event":"The `airflow.utils.timezone.datetime` attribute is deprecated. Please use `'airflow.sdk.timezone.datetime'`.","category":"DeprecatedImportWarning","filename":"/opt/airflow/dags/hello_world_dag.py","lineno":27,"logger":"py.warnings"}
{"timestamp":"2026-02-23T02:28:01.335275Z","level":"info","event":"Filling up the DagBag from /opt/airflow/dags/hello_world_dag.py","logger":"airflow.models.dagbag.BundleDagBag","filename":"dagbag.py","lineno":593}
{"timestamp":"2026-02-23T02:28:01.352383Z","level":"warning","event":"The `airflow.operators.python.PythonOperator` attribute is deprecated. Please use `'airflow.providers.standard.operators.python.PythonOperator'`.","category":"DeprecatedImportWarning","filename":"/opt/airflow/dags/hello_world_dag.py","lineno":4,"logger":"py.warnings"}
{"timestamp":"2026-02-23T02:28:01.352489Z","level":"warning","event":"The `airflow.operators.empty.EmptyOperator` attribute is deprecated. Please use `'airflow.providers.standard.operators.empty.EmptyOperator'`.","category":"DeprecatedImportWarning","filename":"/opt/airflow/dags/hello_world_dag.py","lineno":5,"logger":"py.warnings"}
{"timestamp":"2026-02-23T02:28:01.352554Z","level":"warning","event":"The `airflow.utils.timezone.datetime` attribute is deprecated. Please use `'airflow.sdk.timezone.datetime'`.","category":"DeprecatedImportWarning","filename":"/opt/airflow/dags/hello_world_dag.py","lineno":27,"logger":"py.warnings"}
{"timestamp":"2026-02-23T02:28:31.768727Z","level":"info","event":"Filling up the DagBag from /opt/airflow/dags/hello_world_dag.py","logger":"airflow.models.dagbag.BundleDagBag","filename":"dagbag.py","lineno":593}
{"timestamp":"2026-02-23T02:28:31.784889Z","level":"warning","event":"The `airflow.operators.python.PythonOperator` attribute is deprecated. Please use `'airflow.providers.standard.operators.python.PythonOperator'`.","category":"DeprecatedImportWarning","filename":"/opt/airflow/dags/hello_world_dag.py","lineno":4,"logger":"py.warnings"}
{"timestamp":"2026-02-23T02:28:31.785241Z","level":"warning","event":"The `airflow.operators.empty.EmptyOperator` attribute is deprecated. Please use `'airflow.providers.standard.operators.empty.EmptyOperator'`.","category":"DeprecatedImportWarning","filename":"/opt/airflow/dags/hello_world_dag.py","lineno":5,"logger":"py.warnings"}
{"timestamp":"2026-02-23T02:28:31.785384Z","level":"warning","event":"The `airflow.utils.timezone.datetime` attribute is deprecated. Please use `'airflow.sdk.timezone.datetime'`.","category":"DeprecatedImportWarning","filename":"/opt/airflow/dags/hello_world_dag.py","lineno":27,"logger":"py.warnings"}
{"timestamp":"2026-02-23T02:29:02.303934Z","level":"info","event":"Filling up the DagBag from /opt/airflow/dags/hello_world_dag.py","logger":"airflow.models.dagbag.BundleDagBag","filename":"dagbag.py","lineno":593}
{"timestamp":"2026-02-23T02:29:02.324723Z","level":"warning","event":"The `airflow.operators.python.PythonOperator` attribute is deprecated. Please use `'airflow.providers.standard.operators.python.PythonOperator'`.","category":"DeprecatedImportWarning","filename":"/opt/airflow/dags/hello_world_dag.py","lineno":4,"logger":"py.warnings"}
{"timestamp":"2026-02-23T02:29:02.324860Z","level":"warning","event":"The `airflow.operators.empty.EmptyOperator` attribute is deprecated. Please use `'airflow.providers.standard.operators.empty.EmptyOperator'`.","category":"DeprecatedImportWarning","filename":"/opt/airflow/dags/hello_world_dag.py","lineno":5,"logger":"py.warnings"}
{"timestamp":"2026-02-23T02:29:02.324941Z","level":"warning","event":"The `airflow.utils.timezone.datetime` attribute is deprecated. Please use `'airflow.sdk.timezone.datetime'`.","category":"DeprecatedImportWarning","filename":"/opt/airflow/dags/hello_world_dag.py","lineno":27,"logger":"py.warnings"}
{"timestamp":"2026-02-23T02:29:33.168169Z","level":"info","event":"Filling up the DagBag from /opt/airflow/dags/hello_world_dag.py","logger":"airflow.models.dagbag.BundleDagBag","filename":"dagbag.py","lineno":593}
{"timestamp":"2026-02-23T02:29:33.179082Z","level":"warning","event":"The `airflow.operators.python.PythonOperator` attribute is deprecated. Please use `'airflow.providers.standard.operators.python.PythonOperator'`.","category":"DeprecatedImportWarning","filename":"/opt/airflow/dags/hello_world_dag.py","lineno":4,"logger":"py.warnings"}
{"timestamp":"2026-02-23T02:29:33.179181Z","level":"warning","event":"The `airflow.operators.empty.EmptyOperator` attribute is deprecated. Please use `'airflow.providers.standard.operators.empty.EmptyOperator'`.","category":"DeprecatedImportWarning","filename":"/opt/airflow/dags/hello_world_dag.py","lineno":5,"logger":"py.warnings"}
{"timestamp":"2026-02-23T02:29:33.179230Z","level":"warning","event":"The `airflow.utils.timezone.datetime` attribute is deprecated. Please use `'airflow.sdk.timezone.datetime'`.","category":"DeprecatedImportWarning","filename":"/opt/airflow/dags/hello_world_dag.py","lineno":27,"logger":"py.warnings"}
{"timestamp":"2026-02-23T02:30:03.812361Z","level":"info","event":"Filling up the DagBag from /opt/airflow/dags/hello_world_dag.py","logger":"airflow.models.dagbag.BundleDagBag","filename":"dagbag.py","lineno":593}
{"timestamp":"2026-02-23T02:30:03.837244Z","level":"warning","event":"The `airflow.operators.python.PythonOperator` attribute is deprecated. Please use `'airflow.providers.standard.operators.python.PythonOperator'`.","category":"DeprecatedImportWarning","filename":"/opt/airflow/dags/hello_world_dag.py","lineno":4,"logger":"py.warnings"}
{"timestamp":"2026-02-23T02:30:03.837586Z","level":"warning","event":"The `airflow.operators.empty.EmptyOperator` attribute is deprecated. Please use `'airflow.providers.standard.operators.empty.EmptyOperator'`.","category":"DeprecatedImportWarning","filename":"/opt/airflow/dags/hello_world_dag.py","lineno":5,"logger":"py.warnings"}
{"timestamp":"2026-02-23T02:30:03.837684Z","level":"warning","event":"The `airflow.utils.timezone.datetime` attribute is deprecated. Please use `'airflow.sdk.timezone.datetime'`.","category":"DeprecatedImportWarning","filename":"/opt/airflow/dags/hello_world_dag.py","lineno":27,"logger":"py.warnings"}
{"timestamp":"2026-02-23T02:30:34.089449Z","level":"info","event":"Filling up the DagBag from /opt/airflow/dags/hello_world_dag.py","logger":"airflow.models.dagbag.BundleDagBag","filename":"dagbag.py","lineno":593}
{"timestamp":"2026-02-23T02:30:34.098358Z","level":"warning","event":"The `airflow.operators.python.PythonOperator` attribute is deprecated. Please use `'airflow.providers.standard.operators.python.PythonOperator'`.","category":"DeprecatedImportWarning","filename":"/opt/airflow/dags/hello_world_dag.py","lineno":4,"logger":"py.warnings"}
{"timestamp":"2026-02-23T02:30:34.098441Z","level":"warning","event":"The `airflow.operators.empty.EmptyOperator` attribute is deprecated. Please use `'airflow.providers.standard.operators.empty.EmptyOperator'`.","category":"DeprecatedImportWarning","filename":"/opt/airflow/dags/hello_world_dag.py","lineno":5,"logger":"py.warnings"}
{"timestamp":"2026-02-23T02:30:34.098487Z","level":"warning","event":"The `airflow.utils.timezone.datetime` attribute is deprecated. Please use `'airflow.sdk.timezone.datetime'`.","category":"DeprecatedImportWarning","filename":"/opt/airflow/dags/hello_world_dag.py","lineno":27,"logger":"py.warnings"}
{"timestamp":"2026-02-23T02:31:04.892204Z","level":"info","event":"Filling up the DagBag from /opt/airflow/dags/hello_world_dag.py","logger":"airflow.models.dagbag.BundleDagBag","filename":"dagbag.py","lineno":593}
{"timestamp":"2026-02-23T02:31:04.931815Z","level":"warning","event":"The `airflow.operators.python.PythonOperator` attribute is deprecated. Please use `'airflow.providers.standard.operators.python.PythonOperator'`.","category":"DeprecatedImportWarning","filename":"/opt/airflow/dags/hello_world_dag.py","lineno":4,"logger":"py.warnings"}
{"timestamp":"2026-02-23T02:31:04.931952Z","level":"warning","event":"The `airflow.operators.empty.EmptyOperator` attribute is deprecated. Please use `'airflow.providers.standard.operators.empty.EmptyOperator'`.","category":"DeprecatedImportWarning","filename":"/opt/airflow/dags/hello_world_dag.py","lineno":5,"logger":"py.warnings"}
{"timestamp":"2026-02-23T02:31:04.932007Z","level":"warning","event":"The `airflow.utils.timezone.datetime` attribute is deprecated. Please use `'airflow.sdk.timezone.datetime'`.","category":"DeprecatedImportWarning","filename":"/opt/airflow/dags/hello_world_dag.py","lineno":27,"logger":"py.warnings"}
{"timestamp":"2026-02-23T02:42:08.967382Z","level":"info","event":"Filling up the DagBag from /opt/airflow/dags/hello_world_dag.py","logger":"airflow.models.dagbag.BundleDagBag","filename":"dagbag.py","lineno":593}
{"timestamp":"2026-02-23T02:42:08.973749Z","level":"warning","event":"The `airflow.operators.python.PythonOperator` attribute is deprecated. Please use `'airflow.providers.standard.operators.python.PythonOperator'`.","category":"DeprecatedImportWarning","filename":"/opt/airflow/dags/hello_world_dag.py","lineno":4,"logger":"py.warnings"}
{"timestamp":"2026-02-23T02:42:08.973828Z","level":"warning","event":"The `airflow.operators.empty.EmptyOperator` attribute is deprecated. Please use `'airflow.providers.standard.operators.empty.EmptyOperator'`.","category":"DeprecatedImportWarning","filename":"/opt/airflow/dags/hello_world_dag.py","lineno":5,"logger":"py.warnings"}
{"timestamp":"2026-02-23T02:42:08.973874Z","level":"warning","event":"The `airflow.utils.timezone.datetime` attribute is deprecated. Please use `'airflow.sdk.timezone.datetime'`.","category":"DeprecatedImportWarning","filename":"/opt/airflow/dags/hello_world_dag.py","lineno":27,"logger":"py.warnings"}
{"timestamp":"2026-02-23T02:57:40.490068Z","level":"info","event":"Filling up the DagBag from /opt/airflow/dags/hello_world_dag.py","logger":"airflow.models.dagbag.BundleDagBag","filename":"dagbag.py","lineno":593}
{"timestamp":"2026-02-23T02:57:40.503111Z","level":"warning","event":"The `airflow.operators.python.PythonOperator` attribute is deprecated. Please use `'airflow.providers.standard.operators.python.PythonOperator'`.","category":"DeprecatedImportWarning","filename":"/opt/airflow/dags/hello_world_dag.py","lineno":4,"logger":"py.warnings"}
{"timestamp":"2026-02-23T02:57:40.503813Z","level":"warning","event":"The `airflow.operators.empty.EmptyOperator` attribute is deprecated. Please use `'airflow.providers.standard.operators.empty.EmptyOperator'`.","category":"DeprecatedImportWarning","filename":"/opt/airflow/dags/hello_world_dag.py","lineno":5,"logger":"py.warnings"}
{"timestamp":"2026-02-23T02:57:40.504173Z","level":"warning","event":"The `airflow.utils.timezone.datetime` attribute is deprecated. Please use `'airflow.sdk.timezone.datetime'`.","category":"DeprecatedImportWarning","filename":"/opt/airflow/dags/hello_world_dag.py","lineno":27,"logger":"py.warnings"}
{"timestamp":"2026-02-23T03:14:11.027058Z","level":"info","event":"Filling up the DagBag from /opt/airflow/dags/hello_world_dag.py","logger":"airflow.models.dagbag.BundleDagBag","filename":"dagbag.py","lineno":593}
{"timestamp":"2026-02-23T03:14:11.041245Z","level":"warning","event":"The `airflow.operators.python.PythonOperator` attribute is deprecated. Please use `'airflow.providers.standard.operators.python.PythonOperator'`.","category":"DeprecatedImportWarning","filename":"/opt/airflow/dags/hello_world_dag.py","lineno":4,"logger":"py.warnings"}
{"timestamp":"2026-02-23T03:14:11.041346Z","level":"warning","event":"The `airflow.operators.empty.EmptyOperator` attribute is deprecated. Please use `'airflow.providers.standard.operators.empty.EmptyOperator'`.","category":"DeprecatedImportWarning","filename":"/opt/airflow/dags/hello_world_dag.py","lineno":5,"logger":"py.warnings"}
{"timestamp":"2026-02-23T03:14:11.041420Z","level":"warning","event":"The `airflow.utils.timezone.datetime` attribute is deprecated. Please use `'airflow.sdk.timezone.datetime'`.","category":"DeprecatedImportWarning","filename":"/opt/airflow/dags/hello_world_dag.py","lineno":27,"logger":"py.warnings"}
{"timestamp":"2026-02-23T03:37:11.967464Z","level":"info","event":"Filling up the DagBag from /opt/airflow/dags/hello_world_dag.py","logger":"airflow.models.dagbag.BundleDagBag","filename":"dagbag.py","lineno":593}
{"timestamp":"2026-02-23T03:37:12.044171Z","level":"warning","event":"The `airflow.operators.python.PythonOperator` attribute is deprecated. Please use `'airflow.providers.standard.operators.python.PythonOperator'`.","category":"DeprecatedImportWarning","filename":"/opt/airflow/dags/hello_world_dag.py","lineno":4,"logger":"py.warnings"}
{"timestamp":"2026-02-23T03:37:12.044415Z","level":"warning","event":"The `airflow.operators.empty.EmptyOperator` attribute is deprecated. Please use `'airflow.providers.standard.operators.empty.EmptyOperator'`.","category":"DeprecatedImportWarning","filename":"/opt/airflow/dags/hello_world_dag.py","lineno":5,"logger":"py.warnings"}
{"timestamp":"2026-02-23T03:37:12.044565Z","level":"warning","event":"The `airflow.utils.timezone.datetime` attribute is deprecated. Please use `'airflow.sdk.timezone.datetime'`.","category":"DeprecatedImportWarning","filename":"/opt/airflow/dags/hello_world_dag.py","lineno":27,"logger":"py.warnings"}
{"timestamp":"2026-02-23T03:37:43.205988Z","level":"info","event":"Filling up the DagBag from /opt/airflow/dags/hello_world_dag.py","logger":"airflow.models.dagbag.BundleDagBag","filename":"dagbag.py","lineno":593}
{"timestamp":"2026-02-23T03:37:43.230303Z","level":"warning","event":"The `airflow.operators.python.PythonOperator` attribute is deprecated. Please use `'airflow.providers.standard.operators.python.PythonOperator'`.","category":"DeprecatedImportWarning","filename":"/opt/airflow/dags/hello_world_dag.py","lineno":4,"logger":"py.warnings"}
{"timestamp":"2026-02-23T03:37:43.230443Z","level":"warning","event":"The `airflow.operators.empty.EmptyOperator` attribute is deprecated. Please use `'airflow.providers.standard.operators.empty.EmptyOperator'`.","category":"DeprecatedImportWarning","filename":"/opt/airflow/dags/hello_world_dag.py","lineno":5,"logger":"py.warnings"}
{"timestamp":"2026-02-23T03:37:43.230510Z","level":"warning","event":"The `airflow.utils.timezone.datetime` attribute is deprecated. Please use `'airflow.sdk.timezone.datetime'`.","category":"DeprecatedImportWarning","filename":"/opt/airflow/dags/hello_world_dag.py","lineno":27,"logger":"py.warnings"}
{"timestamp":"2026-02-23T03:38:13.464337Z","level":"info","event":"Filling up the DagBag from /opt/airflow/dags/hello_world_dag.py","logger":"airflow.models.dagbag.BundleDagBag","filename":"dagbag.py","lineno":593}
{"timestamp":"2026-02-23T03:38:13.485030Z","level":"warning","event":"The `airflow.operators.python.PythonOperator` attribute is deprecated. Please use `'airflow.providers.standard.operators.python.PythonOperator'`.","category":"DeprecatedImportWarning","filename":"/opt/airflow/dags/hello_world_dag.py","lineno":4,"logger":"py.warnings"}
{"timestamp":"2026-02-23T03:38:13.485476Z","level":"warning","event":"The `airflow.operators.empty.EmptyOperator` attribute is deprecated. Please use `'airflow.providers.standard.operators.empty.EmptyOperator'`.","category":"DeprecatedImportWarning","filename":"/opt/airflow/dags/hello_world_dag.py","lineno":5,"logger":"py.warnings"}
{"timestamp":"2026-02-23T03:38:13.486251Z","level":"warning","event":"The `airflow.utils.timezone.datetime` attribute is deprecated. Please use `'airflow.sdk.timezone.datetime'`.","category":"DeprecatedImportWarning","filename":"/opt/airflow/dags/hello_world_dag.py","lineno":27,"logger":"py.warnings"}
{"timestamp":"2026-02-23T03:38:43.790406Z","level":"info","event":"Filling up the DagBag from /opt/airflow/dags/hello_world_dag.py","logger":"airflow.models.dagbag.BundleDagBag","filename":"dagbag.py","lineno":593}
{"timestamp":"2026-02-23T03:38:43.808417Z","level":"warning","event":"The `airflow.operators.python.PythonOperator` attribute is deprecated. Please use `'airflow.providers.standard.operators.python.PythonOperator'`.","category":"DeprecatedImportWarning","filename":"/opt/airflow/dags/hello_world_dag.py","lineno":4,"logger":"py.warnings"}
{"timestamp":"2026-02-23T03:38:43.808888Z","level":"warning","event":"The `airflow.operators.empty.EmptyOperator` attribute is deprecated. Please use `'airflow.providers.standard.operators.empty.EmptyOperator'`.","category":"DeprecatedImportWarning","filename":"/opt/airflow/dags/hello_world_dag.py","lineno":5,"logger":"py.warnings"}
{"timestamp":"2026-02-23T03:38:43.809101Z","level":"warning","event":"The `airflow.utils.timezone.datetime` attribute is deprecated. Please use `'airflow.sdk.timezone.datetime'`.","category":"DeprecatedImportWarning","filename":"/opt/airflow/dags/hello_world_dag.py","lineno":27,"logger":"py.warnings"}
{"timestamp":"2026-02-23T03:39:14.430642Z","level":"info","event":"Filling up the DagBag from /opt/airflow/dags/hello_world_dag.py","logger":"airflow.models.dagbag.BundleDagBag","filename":"dagbag.py","lineno":593}
{"timestamp":"2026-02-23T03:39:14.485885Z","level":"warning","event":"The `airflow.operators.python.PythonOperator` attribute is deprecated. Please use `'airflow.providers.standard.operators.python.PythonOperator'`.","category":"DeprecatedImportWarning","filename":"/opt/airflow/dags/hello_world_dag.py","lineno":4,"logger":"py.warnings"}
{"timestamp":"2026-02-23T03:39:14.486095Z","level":"warning","event":"The `airflow.operators.empty.EmptyOperator` attribute is deprecated. Please use `'airflow.providers.standard.operators.empty.EmptyOperator'`.","category":"DeprecatedImportWarning","filename":"/opt/airflow/dags/hello_world_dag.py","lineno":5,"logger":"py.warnings"}
{"timestamp":"2026-02-23T03:39:14.486169Z","level":"warning","event":"The `airflow.utils.timezone.datetime` attribute is deprecated. Please use `'airflow.sdk.timezone.datetime'`.","category":"DeprecatedImportWarning","filename":"/opt/airflow/dags/hello_world_dag.py","lineno":27,"logger":"py.warnings"}
{"timestamp":"2026-02-23T03:39:45.048709Z","level":"info","event":"Filling up the DagBag from /opt/airflow/dags/hello_world_dag.py","logger":"airflow.models.dagbag.BundleDagBag","filename":"dagbag.py","lineno":593}
{"timestamp":"2026-02-23T03:39:45.067373Z","level":"warning","event":"The `airflow.operators.python.PythonOperator` attribute is deprecated. Please use `'airflow.providers.standard.operators.python.PythonOperator'`.","category":"DeprecatedImportWarning","filename":"/opt/airflow/dags/hello_world_dag.py","lineno":4,"logger":"py.warnings"}
{"timestamp":"2026-02-23T03:39:45.067485Z","level":"warning","event":"The `airflow.operators.empty.EmptyOperator` attribute is deprecated. Please use `'airflow.providers.standard.operators.empty.EmptyOperator'`.","category":"DeprecatedImportWarning","filename":"/opt/airflow/dags/hello_world_dag.py","lineno":5,"logger":"py.warnings"}
{"timestamp":"2026-02-23T03:39:45.067540Z","level":"warning","event":"The `airflow.utils.timezone.datetime` attribute is deprecated. Please use `'airflow.sdk.timezone.datetime'`.","category":"DeprecatedImportWarning","filename":"/opt/airflow/dags/hello_world_dag.py","lineno":27,"logger":"py.warnings"}
{"timestamp":"2026-02-23T03:40:15.433449Z","level":"info","event":"Filling up the DagBag from /opt/airflow/dags/hello_world_dag.py","logger":"airflow.models.dagbag.BundleDagBag","filename":"dagbag.py","lineno":593}
{"timestamp":"2026-02-23T03:40:15.454220Z","level":"warning","event":"The `airflow.operators.python.PythonOperator` attribute is deprecated. Please use `'airflow.providers.standard.operators.python.PythonOperator'`.","category":"DeprecatedImportWarning","filename":"/opt/airflow/dags/hello_world_dag.py","lineno":4,"logger":"py.warnings"}
{"timestamp":"2026-02-23T03:40:15.454343Z","level":"warning","event":"The `airflow.operators.empty.EmptyOperator` attribute is deprecated. Please use `'airflow.providers.standard.operators.empty.EmptyOperator'`.","category":"DeprecatedImportWarning","filename":"/opt/airflow/dags/hello_world_dag.py","lineno":5,"logger":"py.warnings"}
{"timestamp":"2026-02-23T03:40:15.454436Z","level":"warning","event":"The `airflow.utils.timezone.datetime` attribute is deprecated. Please use `'airflow.sdk.timezone.datetime'`.","category":"DeprecatedImportWarning","filename":"/opt/airflow/dags/hello_world_dag.py","lineno":27,"logger":"py.warnings"}
{"timestamp":"2026-02-23T03:40:46.447691Z","level":"info","event":"Filling up the DagBag from /opt/airflow/dags/hello_world_dag.py","logger":"airflow.models.dagbag.BundleDagBag","filename":"dagbag.py","lineno":593}
{"timestamp":"2026-02-23T03:40:46.465261Z","level":"warning","event":"The `airflow.operators.python.PythonOperator` attribute is deprecated. Please use `'airflow.providers.standard.operators.python.PythonOperator'`.","category":"DeprecatedImportWarning","filename":"/opt/airflow/dags/hello_world_dag.py","lineno":4,"logger":"py.warnings"}
{"timestamp":"2026-02-23T03:40:46.465898Z","level":"warning","event":"The `airflow.operators.empty.EmptyOperator` attribute is deprecated. Please use `'airflow.providers.standard.operators.empty.EmptyOperator'`.","category":"DeprecatedImportWarning","filename":"/opt/airflow/dags/hello_world_dag.py","lineno":5,"logger":"py.warnings"}
{"timestamp":"2026-02-23T03:40:46.466152Z","level":"warning","event":"The `airflow.utils.timezone.datetime` attribute is deprecated. Please use `'airflow.sdk.timezone.datetime'`.","category":"DeprecatedImportWarning","filename":"/opt/airflow/dags/hello_world_dag.py","lineno":27,"logger":"py.warnings"}
{"timestamp":"2026-02-23T03:41:16.867361Z","level":"info","event":"Filling up the DagBag from /opt/airflow/dags/hello_world_dag.py","logger":"airflow.models.dagbag.BundleDagBag","filename":"dagbag.py","lineno":593}
{"timestamp":"2026-02-23T03:41:16.885015Z","level":"warning","event":"The `airflow.operators.python.PythonOperator` attribute is deprecated. Please use `'airflow.providers.standard.operators.python.PythonOperator'`.","category":"DeprecatedImportWarning","filename":"/opt/airflow/dags/hello_world_dag.py","lineno":4,"logger":"py.warnings"}
{"timestamp":"2026-02-23T03:41:16.885176Z","level":"warning","event":"The `airflow.operators.empty.EmptyOperator` attribute is deprecated. Please use `'airflow.providers.standard.operators.empty.EmptyOperator'`.","category":"DeprecatedImportWarning","filename":"/opt/airflow/dags/hello_world_dag.py","lineno":5,"logger":"py.warnings"}
{"timestamp":"2026-02-23T03:41:16.885280Z","level":"warning","event":"The `airflow.utils.timezone.datetime` attribute is deprecated. Please use `'airflow.sdk.timezone.datetime'`.","category":"DeprecatedImportWarning","filename":"/opt/airflow/dags/hello_world_dag.py","lineno":27,"logger":"py.warnings"}
{"timestamp":"2026-02-23T03:41:47.249835Z","level":"info","event":"Filling up the DagBag from /opt/airflow/dags/hello_world_dag.py","logger":"airflow.models.dagbag.BundleDagBag","filename":"dagbag.py","lineno":593}
{"timestamp":"2026-02-23T03:41:47.261413Z","level":"warning","event":"The `airflow.operators.python.PythonOperator` attribute is deprecated. Please use `'airflow.providers.standard.operators.python.PythonOperator'`.","category":"DeprecatedImportWarning","filename":"/opt/airflow/dags/hello_world_dag.py","lineno":4,"logger":"py.warnings"}
{"timestamp":"2026-02-23T03:41:47.261529Z","level":"warning","event":"The `airflow.operators.empty.EmptyOperator` attribute is deprecated. Please use `'airflow.providers.standard.operators.empty.EmptyOperator'`.","category":"DeprecatedImportWarning","filename":"/opt/airflow/dags/hello_world_dag.py","lineno":5,"logger":"py.warnings"}
{"timestamp":"2026-02-23T03:41:47.261595Z","level":"warning","event":"The `airflow.utils.timezone.datetime` attribute is deprecated. Please use `'airflow.sdk.timezone.datetime'`.","category":"DeprecatedImportWarning","filename":"/opt/airflow/dags/hello_world_dag.py","lineno":27,"logger":"py.warnings"}
{"timestamp":"2026-02-23T03:42:17.827558Z","level":"info","event":"Filling up the DagBag from /opt/airflow/dags/hello_world_dag.py","logger":"airflow.models.dagbag.BundleDagBag","filename":"dagbag.py","lineno":593}
{"timestamp":"2026-02-23T03:42:17.839087Z","level":"warning","event":"The `airflow.operators.python.PythonOperator` attribute is deprecated. Please use `'airflow.providers.standard.operators.python.PythonOperator'`.","category":"DeprecatedImportWarning","filename":"/opt/airflow/dags/hello_world_dag.py","lineno":4,"logger":"py.warnings"}
{"timestamp":"2026-02-23T03:42:17.839182Z","level":"warning","event":"The `airflow.operators.empty.EmptyOperator` attribute is deprecated. Please use `'airflow.providers.standard.operators.empty.EmptyOperator'`.","category":"DeprecatedImportWarning","filename":"/opt/airflow/dags/hello_world_dag.py","lineno":5,"logger":"py.warnings"}
{"timestamp":"2026-02-23T03:42:17.839359Z","level":"warning","event":"The `airflow.utils.timezone.datetime` attribute is deprecated. Please use `'airflow.sdk.timezone.datetime'`.","category":"DeprecatedImportWarning","filename":"/opt/airflow/dags/hello_world_dag.py","lineno":27,"logger":"py.warnings"}
{"timestamp":"2026-02-23T03:42:48.137533Z","level":"info","event":"Filling up the DagBag from /opt/airflow/dags/hello_world_dag.py","logger":"airflow.models.dagbag.BundleDagBag","filename":"dagbag.py","lineno":593}
{"timestamp":"2026-02-23T03:42:48.152172Z","level":"warning","event":"The `airflow.operators.python.PythonOperator` attribute is deprecated. Please use `'airflow.providers.standard.operators.python.PythonOperator'`.","category":"DeprecatedImportWarning","filename":"/opt/airflow/dags/hello_world_dag.py","lineno":4,"logger":"py.warnings"}
{"timestamp":"2026-02-23T03:42:48.152286Z","level":"warning","event":"The `airflow.operators.empty.EmptyOperator` attribute is deprecated. Please use `'airflow.providers.standard.operators.empty.EmptyOperator'`.","category":"DeprecatedImportWarning","filename":"/opt/airflow/dags/hello_world_dag.py","lineno":5,"logger":"py.warnings"}
{"timestamp":"2026-02-23T03:42:48.152357Z","level":"warning","event":"The `airflow.utils.timezone.datetime` attribute is deprecated. Please use `'airflow.sdk.timezone.datetime'`.","category":"DeprecatedImportWarning","filename":"/opt/airflow/dags/hello_world_dag.py","lineno":27,"logger":"py.warnings"}
{"timestamp":"2026-02-23T03:43:18.964616Z","level":"info","event":"Filling up the DagBag from /opt/airflow/dags/hello_world_dag.py","logger":"airflow.models.dagbag.BundleDagBag","filename":"dagbag.py","lineno":593}
{"timestamp":"2026-02-23T03:43:18.976616Z","level":"warning","event":"The `airflow.operators.python.PythonOperator` attribute is deprecated. Please use `'airflow.providers.standard.operators.python.PythonOperator'`.","category":"DeprecatedImportWarning","filename":"/opt/airflow/dags/hello_world_dag.py","lineno":4,"logger":"py.warnings"}
{"timestamp":"2026-02-23T03:43:18.977434Z","level":"warning","event":"The `airflow.operators.empty.EmptyOperator` attribute is deprecated. Please use `'airflow.providers.standard.operators.empty.EmptyOperator'`.","category":"DeprecatedImportWarning","filename":"/opt/airflow/dags/hello_world_dag.py","lineno":5,"logger":"py.warnings"}
{"timestamp":"2026-02-23T03:43:18.977494Z","level":"warning","event":"The `airflow.utils.timezone.datetime` attribute is deprecated. Please use `'airflow.sdk.timezone.datetime'`.","category":"DeprecatedImportWarning","filename":"/opt/airflow/dags/hello_world_dag.py","lineno":27,"logger":"py.warnings"}
{"timestamp":"2026-02-23T03:43:49.604866Z","level":"info","event":"Filling up the DagBag from /opt/airflow/dags/hello_world_dag.py","logger":"airflow.models.dagbag.BundleDagBag","filename":"dagbag.py","lineno":593}
{"timestamp":"2026-02-23T03:43:49.622430Z","level":"warning","event":"The `airflow.operators.python.PythonOperator` attribute is deprecated. Please use `'airflow.providers.standard.operators.python.PythonOperator'`.","category":"DeprecatedImportWarning","filename":"/opt/airflow/dags/hello_world_dag.py","lineno":4,"logger":"py.warnings"}
{"timestamp":"2026-02-23T03:43:49.622672Z","level":"warning","event":"The `airflow.operators.empty.EmptyOperator` attribute is deprecated. Please use `'airflow.providers.standard.operators.empty.EmptyOperator'`.","category":"DeprecatedImportWarning","filename":"/opt/airflow/dags/hello_world_dag.py","lineno":5,"logger":"py.warnings"}
{"timestamp":"2026-02-23T03:43:49.623044Z","level":"warning","event":"The `airflow.utils.timezone.datetime` attribute is deprecated. Please use `'airflow.sdk.timezone.datetime'`.","category":"DeprecatedImportWarning","filename":"/opt/airflow/dags/hello_world_dag.py","lineno":27,"logger":"py.warnings"}
{"timestamp":"2026-02-23T03:44:20.305151Z","level":"info","event":"Filling up the DagBag from /opt/airflow/dags/hello_world_dag.py","logger":"airflow.models.dagbag.BundleDagBag","filename":"dagbag.py","lineno":593}
{"timestamp":"2026-02-23T03:44:20.318210Z","level":"warning","event":"The `airflow.operators.python.PythonOperator` attribute is deprecated. Please use `'airflow.providers.standard.operators.python.PythonOperator'`.","category":"DeprecatedImportWarning","filename":"/opt/airflow/dags/hello_world_dag.py","lineno":4,"logger":"py.warnings"}
{"timestamp":"2026-02-23T03:44:20.318298Z","level":"warning","event":"The `airflow.operators.empty.EmptyOperator` attribute is deprecated. Please use `'airflow.providers.standard.operators.empty.EmptyOperator'`.","category":"DeprecatedImportWarning","filename":"/opt/airflow/dags/hello_world_dag.py","lineno":5,"logger":"py.warnings"}
{"timestamp":"2026-02-23T03:44:20.318353Z","level":"warning","event":"The `airflow.utils.timezone.datetime` attribute is deprecated. Please use `'airflow.sdk.timezone.datetime'`.","category":"DeprecatedImportWarning","filename":"/opt/airflow/dags/hello_world_dag.py","lineno":27,"logger":"py.warnings"}
{"timestamp":"2026-02-23T03:44:50.991444Z","level":"info","event":"Filling up the DagBag from /opt/airflow/dags/hello_world_dag.py","logger":"airflow.models.dagbag.BundleDagBag","filename":"dagbag.py","lineno":593}
{"timestamp":"2026-02-23T03:44:51.000905Z","level":"warning","event":"The `airflow.operators.python.PythonOperator` attribute is deprecated. Please use `'airflow.providers.standard.operators.python.PythonOperator'`.","category":"DeprecatedImportWarning","filename":"/opt/airflow/dags/hello_world_dag.py","lineno":4,"logger":"py.warnings"}
{"timestamp":"2026-02-23T03:44:51.001069Z","level":"warning","event":"The `airflow.operators.empty.EmptyOperator` attribute is deprecated. Please use `'airflow.providers.standard.operators.empty.EmptyOperator'`.","category":"DeprecatedImportWarning","filename":"/opt/airflow/dags/hello_world_dag.py","lineno":5,"logger":"py.warnings"}
{"timestamp":"2026-02-23T03:44:51.001170Z","level":"warning","event":"The `airflow.utils.timezone.datetime` attribute is deprecated. Please use `'airflow.sdk.timezone.datetime'`.","category":"DeprecatedImportWarning","filename":"/opt/airflow/dags/hello_world_dag.py","lineno":27,"logger":"py.warnings"}
{"timestamp":"2026-02-23T03:45:21.119690Z","level":"info","event":"Filling up the DagBag from /opt/airflow/dags/hello_world_dag.py","logger":"airflow.models.dagbag.BundleDagBag","filename":"dagbag.py","lineno":593}
{"timestamp":"2026-02-23T03:45:21.143924Z","level":"warning","event":"The `airflow.operators.python.PythonOperator` attribute is deprecated. Please use `'airflow.providers.standard.operators.python.PythonOperator'`.","category":"DeprecatedImportWarning","filename":"/opt/airflow/dags/hello_world_dag.py","lineno":4,"logger":"py.warnings"}
{"timestamp":"2026-02-23T03:45:21.144127Z","level":"warning","event":"The `airflow.operators.empty.EmptyOperator` attribute is deprecated. Please use `'airflow.providers.standard.operators.empty.EmptyOperator'`.","category":"DeprecatedImportWarning","filename":"/opt/airflow/dags/hello_world_dag.py","lineno":5,"logger":"py.warnings"}
{"timestamp":"2026-02-23T03:45:21.144233Z","level":"warning","event":"The `airflow.utils.timezone.datetime` attribute is deprecated. Please use `'airflow.sdk.timezone.datetime'`.","category":"DeprecatedImportWarning","filename":"/opt/airflow/dags/hello_world_dag.py","lineno":27,"logger":"py.warnings"}
{"timestamp":"2026-02-23T03:45:51.397554Z","level":"info","event":"Filling up the DagBag from /opt/airflow/dags/hello_world_dag.py","logger":"airflow.models.dagbag.BundleDagBag","filename":"dagbag.py","lineno":593}
{"timestamp":"2026-02-23T03:45:51.431964Z","level":"warning","event":"The `airflow.operators.python.PythonOperator` attribute is deprecated. Please use `'airflow.providers.standard.operators.python.PythonOperator'`.","category":"DeprecatedImportWarning","filename":"/opt/airflow/dags/hello_world_dag.py","lineno":4,"logger":"py.warnings"}
{"timestamp":"2026-02-23T03:45:51.432118Z","level":"warning","event":"The `airflow.operators.empty.EmptyOperator` attribute is deprecated. Please use `'airflow.providers.standard.operators.empty.EmptyOperator'`.","category":"DeprecatedImportWarning","filename":"/opt/airflow/dags/hello_world_dag.py","lineno":5,"logger":"py.warnings"}
{"timestamp":"2026-02-23T03:45:51.432273Z","level":"warning","event":"The `airflow.utils.timezone.datetime` attribute is deprecated. Please use `'airflow.sdk.timezone.datetime'`.","category":"DeprecatedImportWarning","filename":"/opt/airflow/dags/hello_world_dag.py","lineno":27,"logger":"py.warnings"}
{"timestamp":"2026-02-23T03:46:22.507366Z","level":"info","event":"Filling up the DagBag from /opt/airflow/dags/hello_world_dag.py","logger":"airflow.models.dagbag.BundleDagBag","filename":"dagbag.py","lineno":593}
{"timestamp":"2026-02-23T03:46:22.528259Z","level":"warning","event":"The `airflow.operators.python.PythonOperator` attribute is deprecated. Please use `'airflow.providers.standard.operators.python.PythonOperator'`.","category":"DeprecatedImportWarning","filename":"/opt/airflow/dags/hello_world_dag.py","lineno":4,"logger":"py.warnings"}
{"timestamp":"2026-02-23T03:46:22.528664Z","level":"warning","event":"The `airflow.operators.empty.EmptyOperator` attribute is deprecated. Please use `'airflow.providers.standard.operators.empty.EmptyOperator'`.","category":"DeprecatedImportWarning","filename":"/opt/airflow/dags/hello_world_dag.py","lineno":5,"logger":"py.warnings"}
{"timestamp":"2026-02-23T03:46:22.529342Z","level":"warning","event":"The `airflow.utils.timezone.datetime` attribute is deprecated. Please use `'airflow.sdk.timezone.datetime'`.","category":"DeprecatedImportWarning","filename":"/opt/airflow/dags/hello_world_dag.py","lineno":27,"logger":"py.warnings"}
{"timestamp":"2026-02-23T03:46:53.141362Z","level":"info","event":"Filling up the DagBag from /opt/airflow/dags/hello_world_dag.py","logger":"airflow.models.dagbag.BundleDagBag","filename":"dagbag.py","lineno":593}
{"timestamp":"2026-02-23T03:46:53.166969Z","level":"warning","event":"The `airflow.operators.python.PythonOperator` attribute is deprecated. Please use `'airflow.providers.standard.operators.python.PythonOperator'`.","category":"DeprecatedImportWarning","filename":"/opt/airflow/dags/hello_world_dag.py","lineno":4,"logger":"py.warnings"}
{"timestamp":"2026-02-23T03:46:53.167152Z","level":"warning","event":"The `airflow.operators.empty.EmptyOperator` attribute is deprecated. Please use `'airflow.providers.standard.operators.empty.EmptyOperator'`.","category":"DeprecatedImportWarning","filename":"/opt/airflow/dags/hello_world_dag.py","lineno":5,"logger":"py.warnings"}
{"timestamp":"2026-02-23T03:46:53.167205Z","level":"warning","event":"The `airflow.utils.timezone.datetime` attribute is deprecated. Please use `'airflow.sdk.timezone.datetime'`.","category":"DeprecatedImportWarning","filename":"/opt/airflow/dags/hello_world_dag.py","lineno":27,"logger":"py.warnings"}
{"timestamp":"2026-02-23T03:47:23.640103Z","level":"info","event":"Filling up the DagBag from /opt/airflow/dags/hello_world_dag.py","logger":"airflow.models.dagbag.BundleDagBag","filename":"dagbag.py","lineno":593}
{"timestamp":"2026-02-23T03:47:23.667659Z","level":"warning","event":"The `airflow.operators.python.PythonOperator` attribute is deprecated. Please use `'airflow.providers.standard.operators.python.PythonOperator'`.","category":"DeprecatedImportWarning","filename":"/opt/airflow/dags/hello_world_dag.py","lineno":4,"logger":"py.warnings"}
{"timestamp":"2026-02-23T03:47:23.667824Z","level":"warning","event":"The `airflow.operators.empty.EmptyOperator` attribute is deprecated. Please use `'airflow.providers.standard.operators.empty.EmptyOperator'`.","category":"DeprecatedImportWarning","filename":"/opt/airflow/dags/hello_world_dag.py","lineno":5,"logger":"py.warnings"}
{"timestamp":"2026-02-23T03:47:23.667944Z","level":"warning","event":"The `airflow.utils.timezone.datetime` attribute is deprecated. Please use `'airflow.sdk.timezone.datetime'`.","category":"DeprecatedImportWarning","filename":"/opt/airflow/dags/hello_world_dag.py","lineno":27,"logger":"py.warnings"}
{"timestamp":"2026-02-23T03:47:53.976392Z","level":"info","event":"Filling up the DagBag from /opt/airflow/dags/hello_world_dag.py","logger":"airflow.models.dagbag.BundleDagBag","filename":"dagbag.py","lineno":593}
{"timestamp":"2026-02-23T03:47:53.988054Z","level":"warning","event":"The `airflow.operators.python.PythonOperator` attribute is deprecated. Please use `'airflow.providers.standard.operators.python.PythonOperator'`.","category":"DeprecatedImportWarning","filename":"/opt/airflow/dags/hello_world_dag.py","lineno":4,"logger":"py.warnings"}
{"timestamp":"2026-02-23T03:47:53.988150Z","level":"warning","event":"The `airflow.operators.empty.EmptyOperator` attribute is deprecated. Please use `'airflow.providers.standard.operators.empty.EmptyOperator'`.","category":"DeprecatedImportWarning","filename":"/opt/airflow/dags/hello_world_dag.py","lineno":5,"logger":"py.warnings"}
{"timestamp":"2026-02-23T03:47:53.988193Z","level":"warning","event":"The `airflow.utils.timezone.datetime` attribute is deprecated. Please use `'airflow.sdk.timezone.datetime'`.","category":"DeprecatedImportWarning","filename":"/opt/airflow/dags/hello_world_dag.py","lineno":27,"logger":"py.warnings"}
{"timestamp":"2026-02-23T03:48:24.686975Z","level":"info","event":"Filling up the DagBag from /opt/airflow/dags/hello_world_dag.py","logger":"airflow.models.dagbag.BundleDagBag","filename":"dagbag.py","lineno":593}
{"timestamp":"2026-02-23T03:48:24.710390Z","level":"warning","event":"The `airflow.operators.python.PythonOperator` attribute is deprecated. Please use `'airflow.providers.standard.operators.python.PythonOperator'`.","category":"DeprecatedImportWarning","filename":"/opt/airflow/dags/hello_world_dag.py","lineno":4,"logger":"py.warnings"}
{"timestamp":"2026-02-23T03:48:24.711025Z","level":"warning","event":"The `airflow.operators.empty.EmptyOperator` attribute is deprecated. Please use `'airflow.providers.standard.operators.empty.EmptyOperator'`.","category":"DeprecatedImportWarning","filename":"/opt/airflow/dags/hello_world_dag.py","lineno":5,"logger":"py.warnings"}
{"timestamp":"2026-02-23T03:48:24.711111Z","level":"warning","event":"The `airflow.utils.timezone.datetime` attribute is deprecated. Please use `'airflow.sdk.timezone.datetime'`.","category":"DeprecatedImportWarning","filename":"/opt/airflow/dags/hello_world_dag.py","lineno":27,"logger":"py.warnings"}
{"timestamp":"2026-02-23T03:48:55.242561Z","level":"info","event":"Filling up the DagBag from /opt/airflow/dags/hello_world_dag.py","logger":"airflow.models.dagbag.BundleDagBag","filename":"dagbag.py","lineno":593}
{"timestamp":"2026-02-23T03:48:55.254199Z","level":"warning","event":"The `airflow.operators.python.PythonOperator` attribute is deprecated. Please use `'airflow.providers.standard.operators.python.PythonOperator'`.","category":"DeprecatedImportWarning","filename":"/opt/airflow/dags/hello_world_dag.py","lineno":4,"logger":"py.warnings"}
{"timestamp":"2026-02-23T03:48:55.254718Z","level":"warning","event":"The `airflow.operators.empty.EmptyOperator` attribute is deprecated. Please use `'airflow.providers.standard.operators.empty.EmptyOperator'`.","category":"DeprecatedImportWarning","filename":"/opt/airflow/dags/hello_world_dag.py","lineno":5,"logger":"py.warnings"}
{"timestamp":"2026-02-23T03:48:55.254782Z","level":"warning","event":"The `airflow.utils.timezone.datetime` attribute is deprecated. Please use `'airflow.sdk.timezone.datetime'`.","category":"DeprecatedImportWarning","filename":"/opt/airflow/dags/hello_world_dag.py","lineno":27,"logger":"py.warnings"}
{"timestamp":"2026-02-23T03:49:25.422877Z","level":"info","event":"Filling up the DagBag from /opt/airflow/dags/hello_world_dag.py","logger":"airflow.models.dagbag.BundleDagBag","filename":"dagbag.py","lineno":593}
{"timestamp":"2026-02-23T03:49:25.430063Z","level":"warning","event":"The `airflow.operators.python.PythonOperator` attribute is deprecated. Please use `'airflow.providers.standard.operators.python.PythonOperator'`.","category":"DeprecatedImportWarning","filename":"/opt/airflow/dags/hello_world_dag.py","lineno":4,"logger":"py.warnings"}
{"timestamp":"2026-02-23T03:49:25.430162Z","level":"warning","event":"The `airflow.operators.empty.EmptyOperator` attribute is deprecated. Please use `'airflow.providers.standard.operators.empty.EmptyOperator'`.","category":"DeprecatedImportWarning","filename":"/opt/airflow/dags/hello_world_dag.py","lineno":5,"logger":"py.warnings"}
{"timestamp":"2026-02-23T03:49:25.430207Z","level":"warning","event":"The `airflow.utils.timezone.datetime` attribute is deprecated. Please use `'airflow.sdk.timezone.datetime'`.","category":"DeprecatedImportWarning","filename":"/opt/airflow/dags/hello_world_dag.py","lineno":27,"logger":"py.warnings"}
{"timestamp":"2026-02-23T03:49:55.739566Z","level":"info","event":"Filling up the DagBag from /opt/airflow/dags/hello_world_dag.py","logger":"airflow.models.dagbag.BundleDagBag","filename":"dagbag.py","lineno":593}
{"timestamp":"2026-02-23T03:49:55.759632Z","level":"warning","event":"The `airflow.operators.python.PythonOperator` attribute is deprecated. Please use `'airflow.providers.standard.operators.python.PythonOperator'`.","category":"DeprecatedImportWarning","filename":"/opt/airflow/dags/hello_world_dag.py","lineno":4,"logger":"py.warnings"}
{"timestamp":"2026-02-23T03:49:55.759780Z","level":"warning","event":"The `airflow.operators.empty.EmptyOperator` attribute is deprecated. Please use `'airflow.providers.standard.operators.empty.EmptyOperator'`.","category":"DeprecatedImportWarning","filename":"/opt/airflow/dags/hello_world_dag.py","lineno":5,"logger":"py.warnings"}
{"timestamp":"2026-02-23T03:49:55.759860Z","level":"warning","event":"The `airflow.utils.timezone.datetime` attribute is deprecated. Please use `'airflow.sdk.timezone.datetime'`.","category":"DeprecatedImportWarning","filename":"/opt/airflow/dags/hello_world_dag.py","lineno":27,"logger":"py.warnings"}
{"timestamp":"2026-02-23T03:50:26.191012Z","level":"info","event":"Filling up the DagBag from /opt/airflow/dags/hello_world_dag.py","logger":"airflow.models.dagbag.BundleDagBag","filename":"dagbag.py","lineno":593}
{"timestamp":"2026-02-23T03:50:26.216855Z","level":"warning","event":"The `airflow.operators.python.PythonOperator` attribute is deprecated. Please use `'airflow.providers.standard.operators.python.PythonOperator'`.","category":"DeprecatedImportWarning","filename":"/opt/airflow/dags/hello_world_dag.py","lineno":4,"logger":"py.warnings"}
{"timestamp":"2026-02-23T03:50:26.217286Z","level":"warning","event":"The `airflow.operators.empty.EmptyOperator` attribute is deprecated. Please use `'airflow.providers.standard.operators.empty.EmptyOperator'`.","category":"DeprecatedImportWarning","filename":"/opt/airflow/dags/hello_world_dag.py","lineno":5,"logger":"py.warnings"}
{"timestamp":"2026-02-23T03:50:26.217353Z","level":"warning","event":"The `airflow.utils.timezone.datetime` attribute is deprecated. Please use `'airflow.sdk.timezone.datetime'`.","category":"DeprecatedImportWarning","filename":"/opt/airflow/dags/hello_world_dag.py","lineno":27,"logger":"py.warnings"}
{"timestamp":"2026-02-23T03:50:57.317905Z","level":"info","event":"Filling up the DagBag from /opt/airflow/dags/hello_world_dag.py","logger":"airflow.models.dagbag.BundleDagBag","filename":"dagbag.py","lineno":593}
{"timestamp":"2026-02-23T03:50:57.341177Z","level":"warning","event":"The `airflow.operators.python.PythonOperator` attribute is deprecated. Please use `'airflow.providers.standard.operators.python.PythonOperator'`.","category":"DeprecatedImportWarning","filename":"/opt/airflow/dags/hello_world_dag.py","lineno":4,"logger":"py.warnings"}
{"timestamp":"2026-02-23T03:50:57.341304Z","level":"warning","event":"The `airflow.operators.empty.EmptyOperator` attribute is deprecated. Please use `'airflow.providers.standard.operators.empty.EmptyOperator'`.","category":"DeprecatedImportWarning","filename":"/opt/airflow/dags/hello_world_dag.py","lineno":5,"logger":"py.warnings"}
{"timestamp":"2026-02-23T03:50:57.341372Z","level":"warning","event":"The `airflow.utils.timezone.datetime` attribute is deprecated. Please use `'airflow.sdk.timezone.datetime'`.","category":"DeprecatedImportWarning","filename":"/opt/airflow/dags/hello_world_dag.py","lineno":27,"logger":"py.warnings"}
{"timestamp":"2026-02-23T03:51:27.812561Z","level":"info","event":"Filling up the DagBag from /opt/airflow/dags/hello_world_dag.py","logger":"airflow.models.dagbag.BundleDagBag","filename":"dagbag.py","lineno":593}
{"timestamp":"2026-02-23T03:51:27.949731Z","level":"warning","event":"The `airflow.operators.python.PythonOperator` attribute is deprecated. Please use `'airflow.providers.standard.operators.python.PythonOperator'`.","category":"DeprecatedImportWarning","filename":"/opt/airflow/dags/hello_world_dag.py","lineno":4,"logger":"py.warnings"}
{"timestamp":"2026-02-23T03:51:27.951439Z","level":"warning","event":"The `airflow.operators.empty.EmptyOperator` attribute is deprecated. Please use `'airflow.providers.standard.operators.empty.EmptyOperator'`.","category":"DeprecatedImportWarning","filename":"/opt/airflow/dags/hello_world_dag.py","lineno":5,"logger":"py.warnings"}
{"timestamp":"2026-02-23T03:51:27.952213Z","level":"warning","event":"The `airflow.utils.timezone.datetime` attribute is deprecated. Please use `'airflow.sdk.timezone.datetime'`.","category":"DeprecatedImportWarning","filename":"/opt/airflow/dags/hello_world_dag.py","lineno":27,"logger":"py.warnings"}
{"timestamp":"2026-02-23T03:51:58.243456Z","level":"info","event":"Filling up the DagBag from /opt/airflow/dags/hello_world_dag.py","logger":"airflow.models.dagbag.BundleDagBag","filename":"dagbag.py","lineno":593}
{"timestamp":"2026-02-23T03:51:58.263915Z","level":"warning","event":"The `airflow.operators.python.PythonOperator` attribute is deprecated. Please use `'airflow.providers.standard.operators.python.PythonOperator'`.","category":"DeprecatedImportWarning","filename":"/opt/airflow/dags/hello_world_dag.py","lineno":4,"logger":"py.warnings"}
{"timestamp":"2026-02-23T03:51:58.264062Z","level":"warning","event":"The `airflow.operators.empty.EmptyOperator` attribute is deprecated. Please use `'airflow.providers.standard.operators.empty.EmptyOperator'`.","category":"DeprecatedImportWarning","filename":"/opt/airflow/dags/hello_world_dag.py","lineno":5,"logger":"py.warnings"}
{"timestamp":"2026-02-23T03:51:58.264125Z","level":"warning","event":"The `airflow.utils.timezone.datetime` attribute is deprecated. Please use `'airflow.sdk.timezone.datetime'`.","category":"DeprecatedImportWarning","filename":"/opt/airflow/dags/hello_world_dag.py","lineno":27,"logger":"py.warnings"}
{"timestamp":"2026-02-23T03:52:28.731663Z","level":"info","event":"Filling up the DagBag from /opt/airflow/dags/hello_world_dag.py","logger":"airflow.models.dagbag.BundleDagBag","filename":"dagbag.py","lineno":593}
{"timestamp":"2026-02-23T03:52:28.749197Z","level":"warning","event":"The `airflow.operators.python.PythonOperator` attribute is deprecated. Please use `'airflow.providers.standard.operators.python.PythonOperator'`.","category":"DeprecatedImportWarning","filename":"/opt/airflow/dags/hello_world_dag.py","lineno":4,"logger":"py.warnings"}
{"timestamp":"2026-02-23T03:52:28.749336Z","level":"warning","event":"The `airflow.operators.empty.EmptyOperator` attribute is deprecated. Please use `'airflow.providers.standard.operators.empty.EmptyOperator'`.","category":"DeprecatedImportWarning","filename":"/opt/airflow/dags/hello_world_dag.py","lineno":5,"logger":"py.warnings"}
{"timestamp":"2026-02-23T03:52:28.749653Z","level":"warning","event":"The `airflow.utils.timezone.datetime` attribute is deprecated. Please use `'airflow.sdk.timezone.datetime'`.","category":"DeprecatedImportWarning","filename":"/opt/airflow/dags/hello_world_dag.py","lineno":27,"logger":"py.warnings"}
{"timestamp":"2026-02-23T03:52:58.978643Z","level":"info","event":"Filling up the DagBag from /opt/airflow/dags/hello_world_dag.py","logger":"airflow.models.dagbag.BundleDagBag","filename":"dagbag.py","lineno":593}
{"timestamp":"2026-02-23T03:52:58.996309Z","level":"warning","event":"The `airflow.operators.python.PythonOperator` attribute is deprecated. Please use `'airflow.providers.standard.operators.python.PythonOperator'`.","category":"DeprecatedImportWarning","filename":"/opt/airflow/dags/hello_world_dag.py","lineno":4,"logger":"py.warnings"}
{"timestamp":"2026-02-23T03:52:58.996429Z","level":"warning","event":"The `airflow.operators.empty.EmptyOperator` attribute is deprecated. Please use `'airflow.providers.standard.operators.empty.EmptyOperator'`.","category":"DeprecatedImportWarning","filename":"/opt/airflow/dags/hello_world_dag.py","lineno":5,"logger":"py.warnings"}
{"timestamp":"2026-02-23T03:52:58.996492Z","level":"warning","event":"The `airflow.utils.timezone.datetime` attribute is deprecated. Please use `'airflow.sdk.timezone.datetime'`.","category":"DeprecatedImportWarning","filename":"/opt/airflow/dags/hello_world_dag.py","lineno":27,"logger":"py.warnings"}
{"timestamp":"2026-02-23T03:53:29.461877Z","level":"info","event":"Filling up the DagBag from /opt/airflow/dags/hello_world_dag.py","logger":"airflow.models.dagbag.BundleDagBag","filename":"dagbag.py","lineno":593}
{"timestamp":"2026-02-23T03:53:29.482820Z","level":"warning","event":"The `airflow.operators.python.PythonOperator` attribute is deprecated. Please use `'airflow.providers.standard.operators.python.PythonOperator'`.","category":"DeprecatedImportWarning","filename":"/opt/airflow/dags/hello_world_dag.py","lineno":4,"logger":"py.warnings"}
{"timestamp":"2026-02-23T03:53:29.482965Z","level":"warning","event":"The `airflow.operators.empty.EmptyOperator` attribute is deprecated. Please use `'airflow.providers.standard.operators.empty.EmptyOperator'`.","category":"DeprecatedImportWarning","filename":"/opt/airflow/dags/hello_world_dag.py","lineno":5,"logger":"py.warnings"}
{"timestamp":"2026-02-23T03:53:29.483024Z","level":"warning","event":"The `airflow.utils.timezone.datetime` attribute is deprecated. Please use `'airflow.sdk.timezone.datetime'`.","category":"DeprecatedImportWarning","filename":"/opt/airflow/dags/hello_world_dag.py","lineno":27,"logger":"py.warnings"}
{"timestamp":"2026-02-23T03:53:59.719411Z","level":"info","event":"Filling up the DagBag from /opt/airflow/dags/hello_world_dag.py","logger":"airflow.models.dagbag.BundleDagBag","filename":"dagbag.py","lineno":593}
{"timestamp":"2026-02-23T03:53:59.729906Z","level":"warning","event":"The `airflow.operators.python.PythonOperator` attribute is deprecated. Please use `'airflow.providers.standard.operators.python.PythonOperator'`.","category":"DeprecatedImportWarning","filename":"/opt/airflow/dags/hello_world_dag.py","lineno":4,"logger":"py.warnings"}
{"timestamp":"2026-02-23T03:53:59.730019Z","level":"warning","event":"The `airflow.operators.empty.EmptyOperator` attribute is deprecated. Please use `'airflow.providers.standard.operators.empty.EmptyOperator'`.","category":"DeprecatedImportWarning","filename":"/opt/airflow/dags/hello_world_dag.py","lineno":5,"logger":"py.warnings"}
{"timestamp":"2026-02-23T03:53:59.730078Z","level":"warning","event":"The `airflow.utils.timezone.datetime` attribute is deprecated. Please use `'airflow.sdk.timezone.datetime'`.","category":"DeprecatedImportWarning","filename":"/opt/airflow/dags/hello_world_dag.py","lineno":27,"logger":"py.warnings"}
{"timestamp":"2026-02-23T03:54:30.219725Z","level":"info","event":"Filling up the DagBag from /opt/airflow/dags/hello_world_dag.py","logger":"airflow.models.dagbag.BundleDagBag","filename":"dagbag.py","lineno":593}
{"timestamp":"2026-02-23T03:54:30.237233Z","level":"warning","event":"The `airflow.operators.python.PythonOperator` attribute is deprecated. Please use `'airflow.providers.standard.operators.python.PythonOperator'`.","category":"DeprecatedImportWarning","filename":"/opt/airflow/dags/hello_world_dag.py","lineno":4,"logger":"py.warnings"}
{"timestamp":"2026-02-23T03:54:30.237373Z","level":"warning","event":"The `airflow.operators.empty.EmptyOperator` attribute is deprecated. Please use `'airflow.providers.standard.operators.empty.EmptyOperator'`.","category":"DeprecatedImportWarning","filename":"/opt/airflow/dags/hello_world_dag.py","lineno":5,"logger":"py.warnings"}
{"timestamp":"2026-02-23T03:54:30.237432Z","level":"warning","event":"The `airflow.utils.timezone.datetime` attribute is deprecated. Please use `'airflow.sdk.timezone.datetime'`.","category":"DeprecatedImportWarning","filename":"/opt/airflow/dags/hello_world_dag.py","lineno":27,"logger":"py.warnings"}
{"timestamp":"2026-02-23T03:55:01.000114Z","level":"info","event":"Filling up the DagBag from /opt/airflow/dags/hello_world_dag.py","logger":"airflow.models.dagbag.BundleDagBag","filename":"dagbag.py","lineno":593}
{"timestamp":"2026-02-23T03:55:01.022749Z","level":"warning","event":"The `airflow.operators.python.PythonOperator` attribute is deprecated. Please use `'airflow.providers.standard.operators.python.PythonOperator'`.","category":"DeprecatedImportWarning","filename":"/opt/airflow/dags/hello_world_dag.py","lineno":4,"logger":"py.warnings"}
{"timestamp":"2026-02-23T03:55:01.022878Z","level":"warning","event":"The `airflow.operators.empty.EmptyOperator` attribute is deprecated. Please use `'airflow.providers.standard.operators.empty.EmptyOperator'`.","category":"DeprecatedImportWarning","filename":"/opt/airflow/dags/hello_world_dag.py","lineno":5,"logger":"py.warnings"}
{"timestamp":"2026-02-23T03:55:01.022946Z","level":"warning","event":"The `airflow.utils.timezone.datetime` attribute is deprecated. Please use `'airflow.sdk.timezone.datetime'`.","category":"DeprecatedImportWarning","filename":"/opt/airflow/dags/hello_world_dag.py","lineno":27,"logger":"py.warnings"}
{"timestamp":"2026-02-23T03:55:31.447638Z","level":"info","event":"Filling up the DagBag from /opt/airflow/dags/hello_world_dag.py","logger":"airflow.models.dagbag.BundleDagBag","filename":"dagbag.py","lineno":593}
{"timestamp":"2026-02-23T03:55:31.464802Z","level":"warning","event":"The `airflow.operators.python.PythonOperator` attribute is deprecated. Please use `'airflow.providers.standard.operators.python.PythonOperator'`.","category":"DeprecatedImportWarning","filename":"/opt/airflow/dags/hello_world_dag.py","lineno":4,"logger":"py.warnings"}
{"timestamp":"2026-02-23T03:55:31.464911Z","level":"warning","event":"The `airflow.operators.empty.EmptyOperator` attribute is deprecated. Please use `'airflow.providers.standard.operators.empty.EmptyOperator'`.","category":"DeprecatedImportWarning","filename":"/opt/airflow/dags/hello_world_dag.py","lineno":5,"logger":"py.warnings"}
{"timestamp":"2026-02-23T03:55:31.464984Z","level":"warning","event":"The `airflow.utils.timezone.datetime` attribute is deprecated. Please use `'airflow.sdk.timezone.datetime'`.","category":"DeprecatedImportWarning","filename":"/opt/airflow/dags/hello_world_dag.py","lineno":27,"logger":"py.warnings"}
{"timestamp":"2026-02-23T03:56:02.465049Z","level":"info","event":"Filling up the DagBag from /opt/airflow/dags/hello_world_dag.py","logger":"airflow.models.dagbag.BundleDagBag","filename":"dagbag.py","lineno":593}
{"timestamp":"2026-02-23T03:56:02.488609Z","level":"warning","event":"The `airflow.operators.python.PythonOperator` attribute is deprecated. Please use `'airflow.providers.standard.operators.python.PythonOperator'`.","category":"DeprecatedImportWarning","filename":"/opt/airflow/dags/hello_world_dag.py","lineno":4,"logger":"py.warnings"}
{"timestamp":"2026-02-23T03:56:02.488861Z","level":"warning","event":"The `airflow.operators.empty.EmptyOperator` attribute is deprecated. Please use `'airflow.providers.standard.operators.empty.EmptyOperator'`.","category":"DeprecatedImportWarning","filename":"/opt/airflow/dags/hello_world_dag.py","lineno":5,"logger":"py.warnings"}
{"timestamp":"2026-02-23T03:56:02.489002Z","level":"warning","event":"The `airflow.utils.timezone.datetime` attribute is deprecated. Please use `'airflow.sdk.timezone.datetime'`.","category":"DeprecatedImportWarning","filename":"/opt/airflow/dags/hello_world_dag.py","lineno":27,"logger":"py.warnings"}
{"timestamp":"2026-02-23T03:56:33.069171Z","level":"info","event":"Filling up the DagBag from /opt/airflow/dags/hello_world_dag.py","logger":"airflow.models.dagbag.BundleDagBag","filename":"dagbag.py","lineno":593}
{"timestamp":"2026-02-23T03:56:33.087481Z","level":"warning","event":"The `airflow.operators.python.PythonOperator` attribute is deprecated. Please use `'airflow.providers.standard.operators.python.PythonOperator'`.","category":"DeprecatedImportWarning","filename":"/opt/airflow/dags/hello_world_dag.py","lineno":4,"logger":"py.warnings"}
{"timestamp":"2026-02-23T03:56:33.087611Z","level":"warning","event":"The `airflow.operators.empty.EmptyOperator` attribute is deprecated. Please use `'airflow.providers.standard.operators.empty.EmptyOperator'`.","category":"DeprecatedImportWarning","filename":"/opt/airflow/dags/hello_world_dag.py","lineno":5,"logger":"py.warnings"}
{"timestamp":"2026-02-23T03:56:33.087678Z","level":"warning","event":"The `airflow.utils.timezone.datetime` attribute is deprecated. Please use `'airflow.sdk.timezone.datetime'`.","category":"DeprecatedImportWarning","filename":"/opt/airflow/dags/hello_world_dag.py","lineno":27,"logger":"py.warnings"}
{"timestamp":"2026-02-23T03:57:04.072968Z","level":"info","event":"Filling up the DagBag from /opt/airflow/dags/hello_world_dag.py","logger":"airflow.models.dagbag.BundleDagBag","filename":"dagbag.py","lineno":593}
{"timestamp":"2026-02-23T03:57:04.115148Z","level":"warning","event":"The `airflow.operators.python.PythonOperator` attribute is deprecated. Please use `'airflow.providers.standard.operators.python.PythonOperator'`.","category":"DeprecatedImportWarning","filename":"/opt/airflow/dags/hello_world_dag.py","lineno":4,"logger":"py.warnings"}
{"timestamp":"2026-02-23T03:57:04.115299Z","level":"warning","event":"The `airflow.operators.empty.EmptyOperator` attribute is deprecated. Please use `'airflow.providers.standard.operators.empty.EmptyOperator'`.","category":"DeprecatedImportWarning","filename":"/opt/airflow/dags/hello_world_dag.py","lineno":5,"logger":"py.warnings"}
{"timestamp":"2026-02-23T03:57:04.115414Z","level":"warning","event":"The `airflow.utils.timezone.datetime` attribute is deprecated. Please use `'airflow.sdk.timezone.datetime'`.","category":"DeprecatedImportWarning","filename":"/opt/airflow/dags/hello_world_dag.py","lineno":27,"logger":"py.warnings"}
{"timestamp":"2026-02-23T03:57:35.230494Z","level":"info","event":"Filling up the DagBag from /opt/airflow/dags/hello_world_dag.py","logger":"airflow.models.dagbag.BundleDagBag","filename":"dagbag.py","lineno":593}
{"timestamp":"2026-02-23T03:57:35.254848Z","level":"warning","event":"The `airflow.operators.python.PythonOperator` attribute is deprecated. Please use `'airflow.providers.standard.operators.python.PythonOperator'`.","category":"DeprecatedImportWarning","filename":"/opt/airflow/dags/hello_world_dag.py","lineno":4,"logger":"py.warnings"}
{"timestamp":"2026-02-23T03:57:35.255992Z","level":"warning","event":"The `airflow.operators.empty.EmptyOperator` attribute is deprecated. Please use `'airflow.providers.standard.operators.empty.EmptyOperator'`.","category":"DeprecatedImportWarning","filename":"/opt/airflow/dags/hello_world_dag.py","lineno":5,"logger":"py.warnings"}
{"timestamp":"2026-02-23T03:57:35.256373Z","level":"warning","event":"The `airflow.utils.timezone.datetime` attribute is deprecated. Please use `'airflow.sdk.timezone.datetime'`.","category":"DeprecatedImportWarning","filename":"/opt/airflow/dags/hello_world_dag.py","lineno":27,"logger":"py.warnings"}
{"timestamp":"2026-02-23T03:58:05.817629Z","level":"info","event":"Filling up the DagBag from /opt/airflow/dags/hello_world_dag.py","logger":"airflow.models.dagbag.BundleDagBag","filename":"dagbag.py","lineno":593}
{"timestamp":"2026-02-23T03:58:05.840451Z","level":"warning","event":"The `airflow.operators.python.PythonOperator` attribute is deprecated. Please use `'airflow.providers.standard.operators.python.PythonOperator'`.","category":"DeprecatedImportWarning","filename":"/opt/airflow/dags/hello_world_dag.py","lineno":4,"logger":"py.warnings"}
{"timestamp":"2026-02-23T03:58:05.840964Z","level":"warning","event":"The `airflow.operators.empty.EmptyOperator` attribute is deprecated. Please use `'airflow.providers.standard.operators.empty.EmptyOperator'`.","category":"DeprecatedImportWarning","filename":"/opt/airflow/dags/hello_world_dag.py","lineno":5,"logger":"py.warnings"}
{"timestamp":"2026-02-23T03:58:05.841043Z","level":"warning","event":"The `airflow.utils.timezone.datetime` attribute is deprecated. Please use `'airflow.sdk.timezone.datetime'`.","category":"DeprecatedImportWarning","filename":"/opt/airflow/dags/hello_world_dag.py","lineno":27,"logger":"py.warnings"}
{"timestamp":"2026-02-23T03:58:36.044550Z","level":"info","event":"Filling up the DagBag from /opt/airflow/dags/hello_world_dag.py","logger":"airflow.models.dagbag.BundleDagBag","filename":"dagbag.py","lineno":593}
{"timestamp":"2026-02-23T03:58:36.064657Z","level":"warning","event":"The `airflow.operators.python.PythonOperator` attribute is deprecated. Please use `'airflow.providers.standard.operators.python.PythonOperator'`.","category":"DeprecatedImportWarning","filename":"/opt/airflow/dags/hello_world_dag.py","lineno":4,"logger":"py.warnings"}
{"timestamp":"2026-02-23T03:58:36.066312Z","level":"warning","event":"The `airflow.operators.empty.EmptyOperator` attribute is deprecated. Please use `'airflow.providers.standard.operators.empty.EmptyOperator'`.","category":"DeprecatedImportWarning","filename":"/opt/airflow/dags/hello_world_dag.py","lineno":5,"logger":"py.warnings"}
{"timestamp":"2026-02-23T03:58:36.066404Z","level":"warning","event":"The `airflow.utils.timezone.datetime` attribute is deprecated. Please use `'airflow.sdk.timezone.datetime'`.","category":"DeprecatedImportWarning","filename":"/opt/airflow/dags/hello_world_dag.py","lineno":27,"logger":"py.warnings"}
{"timestamp":"2026-02-23T03:59:06.913526Z","level":"info","event":"Filling up the DagBag from /opt/airflow/dags/hello_world_dag.py","logger":"airflow.models.dagbag.BundleDagBag","filename":"dagbag.py","lineno":593}
{"timestamp":"2026-02-23T03:59:06.924907Z","level":"warning","event":"The `airflow.operators.python.PythonOperator` attribute is deprecated. Please use `'airflow.providers.standard.operators.python.PythonOperator'`.","category":"DeprecatedImportWarning","filename":"/opt/airflow/dags/hello_world_dag.py","lineno":4,"logger":"py.warnings"}
{"timestamp":"2026-02-23T03:59:06.925796Z","level":"warning","event":"The `airflow.operators.empty.EmptyOperator` attribute is deprecated. Please use `'airflow.providers.standard.operators.empty.EmptyOperator'`.","category":"DeprecatedImportWarning","filename":"/opt/airflow/dags/hello_world_dag.py","lineno":5,"logger":"py.warnings"}
{"timestamp":"2026-02-23T03:59:06.926403Z","level":"warning","event":"The `airflow.utils.timezone.datetime` attribute is deprecated. Please use `'airflow.sdk.timezone.datetime'`.","category":"DeprecatedImportWarning","filename":"/opt/airflow/dags/hello_world_dag.py","lineno":27,"logger":"py.warnings"}
{"timestamp":"2026-02-23T03:59:37.420508Z","level":"info","event":"Filling up the DagBag from /opt/airflow/dags/hello_world_dag.py","logger":"airflow.models.dagbag.BundleDagBag","filename":"dagbag.py","lineno":593}
{"timestamp":"2026-02-23T03:59:37.434701Z","level":"warning","event":"The `airflow.operators.python.PythonOperator` attribute is deprecated. Please use `'airflow.providers.standard.operators.python.PythonOperator'`.","category":"DeprecatedImportWarning","filename":"/opt/airflow/dags/hello_world_dag.py","lineno":4,"logger":"py.warnings"}
{"timestamp":"2026-02-23T03:59:37.435487Z","level":"warning","event":"The `airflow.operators.empty.EmptyOperator` attribute is deprecated. Please use `'airflow.providers.standard.operators.empty.EmptyOperator'`.","category":"DeprecatedImportWarning","filename":"/opt/airflow/dags/hello_world_dag.py","lineno":5,"logger":"py.warnings"}
{"timestamp":"2026-02-23T03:59:37.436356Z","level":"warning","event":"The `airflow.utils.timezone.datetime` attribute is deprecated. Please use `'airflow.sdk.timezone.datetime'`.","category":"DeprecatedImportWarning","filename":"/opt/airflow/dags/hello_world_dag.py","lineno":27,"logger":"py.warnings"}
{"timestamp":"2026-02-23T04:00:07.866482Z","level":"info","event":"Filling up the DagBag from /opt/airflow/dags/hello_world_dag.py","logger":"airflow.models.dagbag.BundleDagBag","filename":"dagbag.py","lineno":593}
{"timestamp":"2026-02-23T04:00:07.880438Z","level":"warning","event":"The `airflow.operators.python.PythonOperator` attribute is deprecated. Please use `'airflow.providers.standard.operators.python.PythonOperator'`.","category":"DeprecatedImportWarning","filename":"/opt/airflow/dags/hello_world_dag.py","lineno":4,"logger":"py.warnings"}
{"timestamp":"2026-02-23T04:00:07.880542Z","level":"warning","event":"The `airflow.operators.empty.EmptyOperator` attribute is deprecated. Please use `'airflow.providers.standard.operators.empty.EmptyOperator'`.","category":"DeprecatedImportWarning","filename":"/opt/airflow/dags/hello_world_dag.py","lineno":5,"logger":"py.warnings"}
{"timestamp":"2026-02-23T04:00:07.880627Z","level":"warning","event":"The `airflow.utils.timezone.datetime` attribute is deprecated. Please use `'airflow.sdk.timezone.datetime'`.","category":"DeprecatedImportWarning","filename":"/opt/airflow/dags/hello_world_dag.py","lineno":27,"logger":"py.warnings"}
{"timestamp":"2026-02-23T04:00:38.136006Z","level":"info","event":"Filling up the DagBag from /opt/airflow/dags/hello_world_dag.py","logger":"airflow.models.dagbag.BundleDagBag","filename":"dagbag.py","lineno":593}
{"timestamp":"2026-02-23T04:00:38.142200Z","level":"warning","event":"The `airflow.operators.python.PythonOperator` attribute is deprecated. Please use `'airflow.providers.standard.operators.python.PythonOperator'`.","category":"DeprecatedImportWarning","filename":"/opt/airflow/dags/hello_world_dag.py","lineno":4,"logger":"py.warnings"}
{"timestamp":"2026-02-23T04:00:38.142272Z","level":"warning","event":"The `airflow.operators.empty.EmptyOperator` attribute is deprecated. Please use `'airflow.providers.standard.operators.empty.EmptyOperator'`.","category":"DeprecatedImportWarning","filename":"/opt/airflow/dags/hello_world_dag.py","lineno":5,"logger":"py.warnings"}
{"timestamp":"2026-02-23T04:00:38.142314Z","level":"warning","event":"The `airflow.utils.timezone.datetime` attribute is deprecated. Please use `'airflow.sdk.timezone.datetime'`.","category":"DeprecatedImportWarning","filename":"/opt/airflow/dags/hello_world_dag.py","lineno":27,"logger":"py.warnings"}
{"timestamp":"2026-02-23T04:01:08.445586Z","level":"info","event":"Filling up the DagBag from /opt/airflow/dags/hello_world_dag.py","logger":"airflow.models.dagbag.BundleDagBag","filename":"dagbag.py","lineno":593}
{"timestamp":"2026-02-23T04:01:08.456395Z","level":"warning","event":"The `airflow.operators.python.PythonOperator` attribute is deprecated. Please use `'airflow.providers.standard.operators.python.PythonOperator'`.","category":"DeprecatedImportWarning","filename":"/opt/airflow/dags/hello_world_dag.py","lineno":4,"logger":"py.warnings"}
{"timestamp":"2026-02-23T04:01:08.456489Z","level":"warning","event":"The `airflow.operators.empty.EmptyOperator` attribute is deprecated. Please use `'airflow.providers.standard.operators.empty.EmptyOperator'`.","category":"DeprecatedImportWarning","filename":"/opt/airflow/dags/hello_world_dag.py","lineno":5,"logger":"py.warnings"}
{"timestamp":"2026-02-23T04:01:08.456559Z","level":"warning","event":"The `airflow.utils.timezone.datetime` attribute is deprecated. Please use `'airflow.sdk.timezone.datetime'`.","category":"DeprecatedImportWarning","filename":"/opt/airflow/dags/hello_world_dag.py","lineno":27,"logger":"py.warnings"}
{"timestamp":"2026-02-23T04:01:38.602935Z","level":"info","event":"Filling up the DagBag from /opt/airflow/dags/hello_world_dag.py","logger":"airflow.models.dagbag.BundleDagBag","filename":"dagbag.py","lineno":593}
{"timestamp":"2026-02-23T04:01:38.611831Z","level":"warning","event":"The `airflow.operators.python.PythonOperator` attribute is deprecated. Please use `'airflow.providers.standard.operators.python.PythonOperator'`.","category":"DeprecatedImportWarning","filename":"/opt/airflow/dags/hello_world_dag.py","lineno":4,"logger":"py.warnings"}
{"timestamp":"2026-02-23T04:01:38.612093Z","level":"warning","event":"The `airflow.operators.empty.EmptyOperator` attribute is deprecated. Please use `'airflow.providers.standard.operators.empty.EmptyOperator'`.","category":"DeprecatedImportWarning","filename":"/opt/airflow/dags/hello_world_dag.py","lineno":5,"logger":"py.warnings"}
{"timestamp":"2026-02-23T04:01:38.612144Z","level":"warning","event":"The `airflow.utils.timezone.datetime` attribute is deprecated. Please use `'airflow.sdk.timezone.datetime'`.","category":"DeprecatedImportWarning","filename":"/opt/airflow/dags/hello_world_dag.py","lineno":27,"logger":"py.warnings"}
{"timestamp":"2026-02-23T04:02:09.641763Z","level":"info","event":"Filling up the DagBag from /opt/airflow/dags/hello_world_dag.py","logger":"airflow.models.dagbag.BundleDagBag","filename":"dagbag.py","lineno":593}
{"timestamp":"2026-02-23T04:02:09.653353Z","level":"warning","event":"The `airflow.operators.python.PythonOperator` attribute is deprecated. Please use `'airflow.providers.standard.operators.python.PythonOperator'`.","category":"DeprecatedImportWarning","filename":"/opt/airflow/dags/hello_world_dag.py","lineno":4,"logger":"py.warnings"}
{"timestamp":"2026-02-23T04:02:09.653471Z","level":"warning","event":"The `airflow.operators.empty.EmptyOperator` attribute is deprecated. Please use `'airflow.providers.standard.operators.empty.EmptyOperator'`.","category":"DeprecatedImportWarning","filename":"/opt/airflow/dags/hello_world_dag.py","lineno":5,"logger":"py.warnings"}
{"timestamp":"2026-02-23T04:02:09.653546Z","level":"warning","event":"The `airflow.utils.timezone.datetime` attribute is deprecated. Please use `'airflow.sdk.timezone.datetime'`.","category":"DeprecatedImportWarning","filename":"/opt/airflow/dags/hello_world_dag.py","lineno":27,"logger":"py.warnings"}
{"timestamp":"2026-02-23T04:02:39.865155Z","level":"info","event":"Filling up the DagBag from /opt/airflow/dags/hello_world_dag.py","logger":"airflow.models.dagbag.BundleDagBag","filename":"dagbag.py","lineno":593}
{"timestamp":"2026-02-23T04:02:39.875318Z","level":"warning","event":"The `airflow.operators.python.PythonOperator` attribute is deprecated. Please use `'airflow.providers.standard.operators.python.PythonOperator'`.","category":"DeprecatedImportWarning","filename":"/opt/airflow/dags/hello_world_dag.py","lineno":4,"logger":"py.warnings"}
{"timestamp":"2026-02-23T04:02:39.875408Z","level":"warning","event":"The `airflow.operators.empty.EmptyOperator` attribute is deprecated. Please use `'airflow.providers.standard.operators.empty.EmptyOperator'`.","category":"DeprecatedImportWarning","filename":"/opt/airflow/dags/hello_world_dag.py","lineno":5,"logger":"py.warnings"}
{"timestamp":"2026-02-23T04:02:39.875451Z","level":"warning","event":"The `airflow.utils.timezone.datetime` attribute is deprecated. Please use `'airflow.sdk.timezone.datetime'`.","category":"DeprecatedImportWarning","filename":"/opt/airflow/dags/hello_world_dag.py","lineno":27,"logger":"py.warnings"}
{"timestamp":"2026-02-23T04:03:10.226869Z","level":"info","event":"Filling up the DagBag from /opt/airflow/dags/hello_world_dag.py","logger":"airflow.models.dagbag.BundleDagBag","filename":"dagbag.py","lineno":593}
{"timestamp":"2026-02-23T04:03:10.246536Z","level":"warning","event":"The `airflow.operators.python.PythonOperator` attribute is deprecated. Please use `'airflow.providers.standard.operators.python.PythonOperator'`.","category":"DeprecatedImportWarning","filename":"/opt/airflow/dags/hello_world_dag.py","lineno":4,"logger":"py.warnings"}
{"timestamp":"2026-02-23T04:03:10.246644Z","level":"warning","event":"The `airflow.operators.empty.EmptyOperator` attribute is deprecated. Please use `'airflow.providers.standard.operators.empty.EmptyOperator'`.","category":"DeprecatedImportWarning","filename":"/opt/airflow/dags/hello_world_dag.py","lineno":5,"logger":"py.warnings"}
{"timestamp":"2026-02-23T04:03:10.246703Z","level":"warning","event":"The `airflow.utils.timezone.datetime` attribute is deprecated. Please use `'airflow.sdk.timezone.datetime'`.","category":"DeprecatedImportWarning","filename":"/opt/airflow/dags/hello_world_dag.py","lineno":27,"logger":"py.warnings"}
{"timestamp":"2026-02-23T04:03:40.519409Z","level":"info","event":"Filling up the DagBag from /opt/airflow/dags/hello_world_dag.py","logger":"airflow.models.dagbag.BundleDagBag","filename":"dagbag.py","lineno":593}
{"timestamp":"2026-02-23T04:03:40.526215Z","level":"warning","event":"The `airflow.operators.python.PythonOperator` attribute is deprecated. Please use `'airflow.providers.standard.operators.python.PythonOperator'`.","category":"DeprecatedImportWarning","filename":"/opt/airflow/dags/hello_world_dag.py","lineno":4,"logger":"py.warnings"}
{"timestamp":"2026-02-23T04:03:40.526287Z","level":"warning","event":"The `airflow.operators.empty.EmptyOperator` attribute is deprecated. Please use `'airflow.providers.standard.operators.empty.EmptyOperator'`.","category":"DeprecatedImportWarning","filename":"/opt/airflow/dags/hello_world_dag.py","lineno":5,"logger":"py.warnings"}
{"timestamp":"2026-02-23T04:03:40.526331Z","level":"warning","event":"The `airflow.utils.timezone.datetime` attribute is deprecated. Please use `'airflow.sdk.timezone.datetime'`.","category":"DeprecatedImportWarning","filename":"/opt/airflow/dags/hello_world_dag.py","lineno":27,"logger":"py.warnings"}
{"timestamp":"2026-02-23T04:04:11.439929Z","level":"info","event":"Filling up the DagBag from /opt/airflow/dags/hello_world_dag.py","logger":"airflow.models.dagbag.BundleDagBag","filename":"dagbag.py","lineno":593}
{"timestamp":"2026-02-23T04:04:11.447424Z","level":"warning","event":"The `airflow.operators.python.PythonOperator` attribute is deprecated. Please use `'airflow.providers.standard.operators.python.PythonOperator'`.","category":"DeprecatedImportWarning","filename":"/opt/airflow/dags/hello_world_dag.py","lineno":4,"logger":"py.warnings"}
{"timestamp":"2026-02-23T04:04:11.447532Z","level":"warning","event":"The `airflow.operators.empty.EmptyOperator` attribute is deprecated. Please use `'airflow.providers.standard.operators.empty.EmptyOperator'`.","category":"DeprecatedImportWarning","filename":"/opt/airflow/dags/hello_world_dag.py","lineno":5,"logger":"py.warnings"}
{"timestamp":"2026-02-23T04:04:11.447578Z","level":"warning","event":"The `airflow.utils.timezone.datetime` attribute is deprecated. Please use `'airflow.sdk.timezone.datetime'`.","category":"DeprecatedImportWarning","filename":"/opt/airflow/dags/hello_world_dag.py","lineno":27,"logger":"py.warnings"}
{"timestamp":"2026-02-23T04:04:42.152739Z","level":"info","event":"Filling up the DagBag from /opt/airflow/dags/hello_world_dag.py","logger":"airflow.models.dagbag.BundleDagBag","filename":"dagbag.py","lineno":593}
{"timestamp":"2026-02-23T04:04:42.164889Z","level":"warning","event":"The `airflow.operators.python.PythonOperator` attribute is deprecated. Please use `'airflow.providers.standard.operators.python.PythonOperator'`.","category":"DeprecatedImportWarning","filename":"/opt/airflow/dags/hello_world_dag.py","lineno":4,"logger":"py.warnings"}
{"timestamp":"2026-02-23T04:04:42.164994Z","level":"warning","event":"The `airflow.operators.empty.EmptyOperator` attribute is deprecated. Please use `'airflow.providers.standard.operators.empty.EmptyOperator'`.","category":"DeprecatedImportWarning","filename":"/opt/airflow/dags/hello_world_dag.py","lineno":5,"logger":"py.warnings"}
{"timestamp":"2026-02-23T04:04:42.165054Z","level":"warning","event":"The `airflow.utils.timezone.datetime` attribute is deprecated. Please use `'airflow.sdk.timezone.datetime'`.","category":"DeprecatedImportWarning","filename":"/opt/airflow/dags/hello_world_dag.py","lineno":27,"logger":"py.warnings"}
{"timestamp":"2026-02-23T04:05:12.960945Z","level":"info","event":"Filling up the DagBag from /opt/airflow/dags/hello_world_dag.py","logger":"airflow.models.dagbag.BundleDagBag","filename":"dagbag.py","lineno":593}
{"timestamp":"2026-02-23T04:05:12.979582Z","level":"warning","event":"The `airflow.operators.python.PythonOperator` attribute is deprecated. Please use `'airflow.providers.standard.operators.python.PythonOperator'`.","category":"DeprecatedImportWarning","filename":"/opt/airflow/dags/hello_world_dag.py","lineno":4,"logger":"py.warnings"}
{"timestamp":"2026-02-23T04:05:12.979711Z","level":"warning","event":"The `airflow.operators.empty.EmptyOperator` attribute is deprecated. Please use `'airflow.providers.standard.operators.empty.EmptyOperator'`.","category":"DeprecatedImportWarning","filename":"/opt/airflow/dags/hello_world_dag.py","lineno":5,"logger":"py.warnings"}
{"timestamp":"2026-02-23T04:05:12.979790Z","level":"warning","event":"The `airflow.utils.timezone.datetime` attribute is deprecated. Please use `'airflow.sdk.timezone.datetime'`.","category":"DeprecatedImportWarning","filename":"/opt/airflow/dags/hello_world_dag.py","lineno":27,"logger":"py.warnings"}
{"timestamp":"2026-02-23T04:05:43.623570Z","level":"info","event":"Filling up the DagBag from /opt/airflow/dags/hello_world_dag.py","logger":"airflow.models.dagbag.BundleDagBag","filename":"dagbag.py","lineno":593}
{"timestamp":"2026-02-23T04:05:43.641971Z","level":"warning","event":"The `airflow.operators.python.PythonOperator` attribute is deprecated. Please use `'airflow.providers.standard.operators.python.PythonOperator'`.","category":"DeprecatedImportWarning","filename":"/opt/airflow/dags/hello_world_dag.py","lineno":4,"logger":"py.warnings"}
{"timestamp":"2026-02-23T04:05:43.642117Z","level":"warning","event":"The `airflow.operators.empty.EmptyOperator` attribute is deprecated. Please use `'airflow.providers.standard.operators.empty.EmptyOperator'`.","category":"DeprecatedImportWarning","filename":"/opt/airflow/dags/hello_world_dag.py","lineno":5,"logger":"py.warnings"}
{"timestamp":"2026-02-23T04:05:43.642173Z","level":"warning","event":"The `airflow.utils.timezone.datetime` attribute is deprecated. Please use `'airflow.sdk.timezone.datetime'`.","category":"DeprecatedImportWarning","filename":"/opt/airflow/dags/hello_world_dag.py","lineno":27,"logger":"py.warnings"}
{"timestamp":"2026-02-23T04:06:14.315959Z","level":"info","event":"Filling up the DagBag from /opt/airflow/dags/hello_world_dag.py","logger":"airflow.models.dagbag.BundleDagBag","filename":"dagbag.py","lineno":593}
{"timestamp":"2026-02-23T04:06:14.341994Z","level":"warning","event":"The `airflow.operators.python.PythonOperator` attribute is deprecated. Please use `'airflow.providers.standard.operators.python.PythonOperator'`.","category":"DeprecatedImportWarning","filename":"/opt/airflow/dags/hello_world_dag.py","lineno":4,"logger":"py.warnings"}
{"timestamp":"2026-02-23T04:06:14.342159Z","level":"warning","event":"The `airflow.operators.empty.EmptyOperator` attribute is deprecated. Please use `'airflow.providers.standard.operators.empty.EmptyOperator'`.","category":"DeprecatedImportWarning","filename":"/opt/airflow/dags/hello_world_dag.py","lineno":5,"logger":"py.warnings"}
{"timestamp":"2026-02-23T04:06:14.342243Z","level":"warning","event":"The `airflow.utils.timezone.datetime` attribute is deprecated. Please use `'airflow.sdk.timezone.datetime'`.","category":"DeprecatedImportWarning","filename":"/opt/airflow/dags/hello_world_dag.py","lineno":27,"logger":"py.warnings"}
{"timestamp":"2026-02-23T04:06:45.087624Z","level":"info","event":"Filling up the DagBag from /opt/airflow/dags/hello_world_dag.py","logger":"airflow.models.dagbag.BundleDagBag","filename":"dagbag.py","lineno":593}
{"timestamp":"2026-02-23T04:06:45.110321Z","level":"warning","event":"The `airflow.operators.python.PythonOperator` attribute is deprecated. Please use `'airflow.providers.standard.operators.python.PythonOperator'`.","category":"DeprecatedImportWarning","filename":"/opt/airflow/dags/hello_world_dag.py","lineno":4,"logger":"py.warnings"}
{"timestamp":"2026-02-23T04:06:45.110792Z","level":"warning","event":"The `airflow.operators.empty.EmptyOperator` attribute is deprecated. Please use `'airflow.providers.standard.operators.empty.EmptyOperator'`.","category":"DeprecatedImportWarning","filename":"/opt/airflow/dags/hello_world_dag.py","lineno":5,"logger":"py.warnings"}
{"timestamp":"2026-02-23T04:06:45.111626Z","level":"warning","event":"The `airflow.utils.timezone.datetime` attribute is deprecated. Please use `'airflow.sdk.timezone.datetime'`.","category":"DeprecatedImportWarning","filename":"/opt/airflow/dags/hello_world_dag.py","lineno":27,"logger":"py.warnings"}
{"timestamp":"2026-02-23T04:07:15.739117Z","level":"info","event":"Filling up the DagBag from /opt/airflow/dags/hello_world_dag.py","logger":"airflow.models.dagbag.BundleDagBag","filename":"dagbag.py","lineno":593}
{"timestamp":"2026-02-23T04:07:15.774347Z","level":"warning","event":"The `airflow.operators.python.PythonOperator` attribute is deprecated. Please use `'airflow.providers.standard.operators.python.PythonOperator'`.","category":"DeprecatedImportWarning","filename":"/opt/airflow/dags/hello_world_dag.py","lineno":4,"logger":"py.warnings"}
{"timestamp":"2026-02-23T04:07:15.774514Z","level":"warning","event":"The `airflow.operators.empty.EmptyOperator` attribute is deprecated. Please use `'airflow.providers.standard.operators.empty.EmptyOperator'`.","category":"DeprecatedImportWarning","filename":"/opt/airflow/dags/hello_world_dag.py","lineno":5,"logger":"py.warnings"}
{"timestamp":"2026-02-23T04:07:15.774584Z","level":"warning","event":"The `airflow.utils.timezone.datetime` attribute is deprecated. Please use `'airflow.sdk.timezone.datetime'`.","category":"DeprecatedImportWarning","filename":"/opt/airflow/dags/hello_world_dag.py","lineno":27,"logger":"py.warnings"}
{"timestamp":"2026-02-23T04:07:46.447324Z","level":"info","event":"Filling up the DagBag from /opt/airflow/dags/hello_world_dag.py","logger":"airflow.models.dagbag.BundleDagBag","filename":"dagbag.py","lineno":593}
{"timestamp":"2026-02-23T04:07:46.469651Z","level":"warning","event":"The `airflow.operators.python.PythonOperator` attribute is deprecated. Please use `'airflow.providers.standard.operators.python.PythonOperator'`.","category":"DeprecatedImportWarning","filename":"/opt/airflow/dags/hello_world_dag.py","lineno":4,"logger":"py.warnings"}
{"timestamp":"2026-02-23T04:07:46.469800Z","level":"warning","event":"The `airflow.operators.empty.EmptyOperator` attribute is deprecated. Please use `'airflow.providers.standard.operators.empty.EmptyOperator'`.","category":"DeprecatedImportWarning","filename":"/opt/airflow/dags/hello_world_dag.py","lineno":5,"logger":"py.warnings"}
{"timestamp":"2026-02-23T04:07:46.469882Z","level":"warning","event":"The `airflow.utils.timezone.datetime` attribute is deprecated. Please use `'airflow.sdk.timezone.datetime'`.","category":"DeprecatedImportWarning","filename":"/opt/airflow/dags/hello_world_dag.py","lineno":27,"logger":"py.warnings"}
{"timestamp":"2026-02-23T04:08:16.896587Z","level":"info","event":"Filling up the DagBag from /opt/airflow/dags/hello_world_dag.py","logger":"airflow.models.dagbag.BundleDagBag","filename":"dagbag.py","lineno":593}
{"timestamp":"2026-02-23T04:08:16.918919Z","level":"warning","event":"The `airflow.operators.python.PythonOperator` attribute is deprecated. Please use `'airflow.providers.standard.operators.python.PythonOperator'`.","category":"DeprecatedImportWarning","filename":"/opt/airflow/dags/hello_world_dag.py","lineno":4,"logger":"py.warnings"}
{"timestamp":"2026-02-23T04:08:16.919352Z","level":"warning","event":"The `airflow.operators.empty.EmptyOperator` attribute is deprecated. Please use `'airflow.providers.standard.operators.empty.EmptyOperator'`.","category":"DeprecatedImportWarning","filename":"/opt/airflow/dags/hello_world_dag.py","lineno":5,"logger":"py.warnings"}
{"timestamp":"2026-02-23T04:08:16.920367Z","level":"warning","event":"The `airflow.utils.timezone.datetime` attribute is deprecated. Please use `'airflow.sdk.timezone.datetime'`.","category":"DeprecatedImportWarning","filename":"/opt/airflow/dags/hello_world_dag.py","lineno":27,"logger":"py.warnings"}
{"timestamp":"2026-02-23T04:08:47.302848Z","level":"info","event":"Filling up the DagBag from /opt/airflow/dags/hello_world_dag.py","logger":"airflow.models.dagbag.BundleDagBag","filename":"dagbag.py","lineno":593}
{"timestamp":"2026-02-23T04:08:47.316203Z","level":"warning","event":"The `airflow.operators.python.PythonOperator` attribute is deprecated. Please use `'airflow.providers.standard.operators.python.PythonOperator'`.","category":"DeprecatedImportWarning","filename":"/opt/airflow/dags/hello_world_dag.py","lineno":4,"logger":"py.warnings"}
{"timestamp":"2026-02-23T04:08:47.316463Z","level":"warning","event":"The `airflow.operators.empty.EmptyOperator` attribute is deprecated. Please use `'airflow.providers.standard.operators.empty.EmptyOperator'`.","category":"DeprecatedImportWarning","filename":"/opt/airflow/dags/hello_world_dag.py","lineno":5,"logger":"py.warnings"}
{"timestamp":"2026-02-23T04:08:47.316519Z","level":"warning","event":"The `airflow.utils.timezone.datetime` attribute is deprecated. Please use `'airflow.sdk.timezone.datetime'`.","category":"DeprecatedImportWarning","filename":"/opt/airflow/dags/hello_world_dag.py","lineno":27,"logger":"py.warnings"}
{"timestamp":"2026-02-23T04:09:17.875783Z","level":"info","event":"Filling up the DagBag from /opt/airflow/dags/hello_world_dag.py","logger":"airflow.models.dagbag.BundleDagBag","filename":"dagbag.py","lineno":593}
{"timestamp":"2026-02-23T04:09:17.897218Z","level":"warning","event":"The `airflow.operators.python.PythonOperator` attribute is deprecated. Please use `'airflow.providers.standard.operators.python.PythonOperator'`.","category":"DeprecatedImportWarning","filename":"/opt/airflow/dags/hello_world_dag.py","lineno":4,"logger":"py.warnings"}
{"timestamp":"2026-02-23T04:09:17.897492Z","level":"warning","event":"The `airflow.operators.empty.EmptyOperator` attribute is deprecated. Please use `'airflow.providers.standard.operators.empty.EmptyOperator'`.","category":"DeprecatedImportWarning","filename":"/opt/airflow/dags/hello_world_dag.py","lineno":5,"logger":"py.warnings"}
{"timestamp":"2026-02-23T04:09:17.897635Z","level":"warning","event":"The `airflow.utils.timezone.datetime` attribute is deprecated. Please use `'airflow.sdk.timezone.datetime'`.","category":"DeprecatedImportWarning","filename":"/opt/airflow/dags/hello_world_dag.py","lineno":27,"logger":"py.warnings"}
{"timestamp":"2026-02-23T04:09:48.250669Z","level":"info","event":"Filling up the DagBag from /opt/airflow/dags/hello_world_dag.py","logger":"airflow.models.dagbag.BundleDagBag","filename":"dagbag.py","lineno":593}
{"timestamp":"2026-02-23T04:09:48.266668Z","level":"warning","event":"The `airflow.operators.python.PythonOperator` attribute is deprecated. Please use `'airflow.providers.standard.operators.python.PythonOperator'`.","category":"DeprecatedImportWarning","filename":"/opt/airflow/dags/hello_world_dag.py","lineno":4,"logger":"py.warnings"}
{"timestamp":"2026-02-23T04:09:48.267036Z","level":"warning","event":"The `airflow.operators.empty.EmptyOperator` attribute is deprecated. Please use `'airflow.providers.standard.operators.empty.EmptyOperator'`.","category":"DeprecatedImportWarning","filename":"/opt/airflow/dags/hello_world_dag.py","lineno":5,"logger":"py.warnings"}
{"timestamp":"2026-02-23T04:09:48.267868Z","level":"warning","event":"The `airflow.utils.timezone.datetime` attribute is deprecated. Please use `'airflow.sdk.timezone.datetime'`.","category":"DeprecatedImportWarning","filename":"/opt/airflow/dags/hello_world_dag.py","lineno":27,"logger":"py.warnings"}
{"timestamp":"2026-02-23T04:10:18.764153Z","level":"info","event":"Filling up the DagBag from /opt/airflow/dags/hello_world_dag.py","logger":"airflow.models.dagbag.BundleDagBag","filename":"dagbag.py","lineno":593}
{"timestamp":"2026-02-23T04:10:18.776007Z","level":"warning","event":"The `airflow.operators.python.PythonOperator` attribute is deprecated. Please use `'airflow.providers.standard.operators.python.PythonOperator'`.","category":"DeprecatedImportWarning","filename":"/opt/airflow/dags/hello_world_dag.py","lineno":4,"logger":"py.warnings"}
{"timestamp":"2026-02-23T04:10:18.776108Z","level":"warning","event":"The `airflow.operators.empty.EmptyOperator` attribute is deprecated. Please use `'airflow.providers.standard.operators.empty.EmptyOperator'`.","category":"DeprecatedImportWarning","filename":"/opt/airflow/dags/hello_world_dag.py","lineno":5,"logger":"py.warnings"}
{"timestamp":"2026-02-23T04:10:18.776180Z","level":"warning","event":"The `airflow.utils.timezone.datetime` attribute is deprecated. Please use `'airflow.sdk.timezone.datetime'`.","category":"DeprecatedImportWarning","filename":"/opt/airflow/dags/hello_world_dag.py","lineno":27,"logger":"py.warnings"}
{"timestamp":"2026-02-23T04:10:48.971266Z","level":"info","event":"Filling up the DagBag from /opt/airflow/dags/hello_world_dag.py","logger":"airflow.models.dagbag.BundleDagBag","filename":"dagbag.py","lineno":593}
{"timestamp":"2026-02-23T04:10:48.980243Z","level":"warning","event":"The `airflow.operators.python.PythonOperator` attribute is deprecated. Please use `'airflow.providers.standard.operators.python.PythonOperator'`.","category":"DeprecatedImportWarning","filename":"/opt/airflow/dags/hello_world_dag.py","lineno":4,"logger":"py.warnings"}
{"timestamp":"2026-02-23T04:10:48.980336Z","level":"warning","event":"The `airflow.operators.empty.EmptyOperator` attribute is deprecated. Please use `'airflow.providers.standard.operators.empty.EmptyOperator'`.","category":"DeprecatedImportWarning","filename":"/opt/airflow/dags/hello_world_dag.py","lineno":5,"logger":"py.warnings"}
{"timestamp":"2026-02-23T04:10:48.980397Z","level":"warning","event":"The `airflow.utils.timezone.datetime` attribute is deprecated. Please use `'airflow.sdk.timezone.datetime'`.","category":"DeprecatedImportWarning","filename":"/opt/airflow/dags/hello_world_dag.py","lineno":27,"logger":"py.warnings"}
{"timestamp":"2026-02-23T04:11:20.185365Z","level":"info","event":"Filling up the DagBag from /opt/airflow/dags/hello_world_dag.py","logger":"airflow.models.dagbag.BundleDagBag","filename":"dagbag.py","lineno":593}
{"timestamp":"2026-02-23T04:11:20.232820Z","level":"warning","event":"The `airflow.operators.python.PythonOperator` attribute is deprecated. Please use `'airflow.providers.standard.operators.python.PythonOperator'`.","category":"DeprecatedImportWarning","filename":"/opt/airflow/dags/hello_world_dag.py","lineno":4,"logger":"py.warnings"}
{"timestamp":"2026-02-23T04:11:20.233297Z","level":"warning","event":"The `airflow.operators.empty.EmptyOperator` attribute is deprecated. Please use `'airflow.providers.standard.operators.empty.EmptyOperator'`.","category":"DeprecatedImportWarning","filename":"/opt/airflow/dags/hello_world_dag.py","lineno":5,"logger":"py.warnings"}
{"timestamp":"2026-02-23T04:11:20.233480Z","level":"warning","event":"The `airflow.utils.timezone.datetime` attribute is deprecated. Please use `'airflow.sdk.timezone.datetime'`.","category":"DeprecatedImportWarning","filename":"/opt/airflow/dags/hello_world_dag.py","lineno":27,"logger":"py.warnings"}
{"timestamp":"2026-02-23T04:11:51.177834Z","level":"info","event":"Filling up the DagBag from /opt/airflow/dags/hello_world_dag.py","logger":"airflow.models.dagbag.BundleDagBag","filename":"dagbag.py","lineno":593}
{"timestamp":"2026-02-23T04:11:51.192656Z","level":"warning","event":"The `airflow.operators.python.PythonOperator` attribute is deprecated. Please use `'airflow.providers.standard.operators.python.PythonOperator'`.","category":"DeprecatedImportWarning","filename":"/opt/airflow/dags/hello_world_dag.py","lineno":4,"logger":"py.warnings"}
{"timestamp":"2026-02-23T04:11:51.193020Z","level":"warning","event":"The `airflow.operators.empty.EmptyOperator` attribute is deprecated. Please use `'airflow.providers.standard.operators.empty.EmptyOperator'`.","category":"DeprecatedImportWarning","filename":"/opt/airflow/dags/hello_world_dag.py","lineno":5,"logger":"py.warnings"}
{"timestamp":"2026-02-23T04:11:51.193113Z","level":"warning","event":"The `airflow.utils.timezone.datetime` attribute is deprecated. Please use `'airflow.sdk.timezone.datetime'`.","category":"DeprecatedImportWarning","filename":"/opt/airflow/dags/hello_world_dag.py","lineno":27,"logger":"py.warnings"}
{"timestamp":"2026-02-23T04:12:21.450928Z","level":"info","event":"Filling up the DagBag from /opt/airflow/dags/hello_world_dag.py","logger":"airflow.models.dagbag.BundleDagBag","filename":"dagbag.py","lineno":593}
{"timestamp":"2026-02-23T04:12:21.474408Z","level":"warning","event":"The `airflow.operators.python.PythonOperator` attribute is deprecated. Please use `'airflow.providers.standard.operators.python.PythonOperator'`.","category":"DeprecatedImportWarning","filename":"/opt/airflow/dags/hello_world_dag.py","lineno":4,"logger":"py.warnings"}
{"timestamp":"2026-02-23T04:12:21.474772Z","level":"warning","event":"The `airflow.operators.empty.EmptyOperator` attribute is deprecated. Please use `'airflow.providers.standard.operators.empty.EmptyOperator'`.","category":"DeprecatedImportWarning","filename":"/opt/airflow/dags/hello_world_dag.py","lineno":5,"logger":"py.warnings"}
{"timestamp":"2026-02-23T04:12:21.475523Z","level":"warning","event":"The `airflow.utils.timezone.datetime` attribute is deprecated. Please use `'airflow.sdk.timezone.datetime'`.","category":"DeprecatedImportWarning","filename":"/opt/airflow/dags/hello_world_dag.py","lineno":27,"logger":"py.warnings"}
{"timestamp":"2026-02-23T04:12:51.595406Z","level":"info","event":"Filling up the DagBag from /opt/airflow/dags/hello_world_dag.py","logger":"airflow.models.dagbag.BundleDagBag","filename":"dagbag.py","lineno":593}
{"timestamp":"2026-02-23T04:12:51.608190Z","level":"warning","event":"The `airflow.operators.python.PythonOperator` attribute is deprecated. Please use `'airflow.providers.standard.operators.python.PythonOperator'`.","category":"DeprecatedImportWarning","filename":"/opt/airflow/dags/hello_world_dag.py","lineno":4,"logger":"py.warnings"}
{"timestamp":"2026-02-23T04:12:51.608276Z","level":"warning","event":"The `airflow.operators.empty.EmptyOperator` attribute is deprecated. Please use `'airflow.providers.standard.operators.empty.EmptyOperator'`.","category":"DeprecatedImportWarning","filename":"/opt/airflow/dags/hello_world_dag.py","lineno":5,"logger":"py.warnings"}
{"timestamp":"2026-02-23T04:12:51.608320Z","level":"warning","event":"The `airflow.utils.timezone.datetime` attribute is deprecated. Please use `'airflow.sdk.timezone.datetime'`.","category":"DeprecatedImportWarning","filename":"/opt/airflow/dags/hello_world_dag.py","lineno":27,"logger":"py.warnings"}
{"timestamp":"2026-02-23T04:13:22.022733Z","level":"info","event":"Filling up the DagBag from /opt/airflow/dags/hello_world_dag.py","logger":"airflow.models.dagbag.BundleDagBag","filename":"dagbag.py","lineno":593}
{"timestamp":"2026-02-23T04:13:22.044071Z","level":"warning","event":"The `airflow.operators.python.PythonOperator` attribute is deprecated. Please use `'airflow.providers.standard.operators.python.PythonOperator'`.","category":"DeprecatedImportWarning","filename":"/opt/airflow/dags/hello_world_dag.py","lineno":4,"logger":"py.warnings"}
{"timestamp":"2026-02-23T04:13:22.044478Z","level":"warning","event":"The `airflow.operators.empty.EmptyOperator` attribute is deprecated. Please use `'airflow.providers.standard.operators.empty.EmptyOperator'`.","category":"DeprecatedImportWarning","filename":"/opt/airflow/dags/hello_world_dag.py","lineno":5,"logger":"py.warnings"}
{"timestamp":"2026-02-23T04:13:22.045216Z","level":"warning","event":"The `airflow.utils.timezone.datetime` attribute is deprecated. Please use `'airflow.sdk.timezone.datetime'`.","category":"DeprecatedImportWarning","filename":"/opt/airflow/dags/hello_world_dag.py","lineno":27,"logger":"py.warnings"}
{"timestamp":"2026-02-23T04:13:52.651151Z","level":"info","event":"Filling up the DagBag from /opt/airflow/dags/hello_world_dag.py","logger":"airflow.models.dagbag.BundleDagBag","filename":"dagbag.py","lineno":593}
{"timestamp":"2026-02-23T04:13:52.663604Z","level":"warning","event":"The `airflow.operators.python.PythonOperator` attribute is deprecated. Please use `'airflow.providers.standard.operators.python.PythonOperator'`.","category":"DeprecatedImportWarning","filename":"/opt/airflow/dags/hello_world_dag.py","lineno":4,"logger":"py.warnings"}
{"timestamp":"2026-02-23T04:13:52.663893Z","level":"warning","event":"The `airflow.operators.empty.EmptyOperator` attribute is deprecated. Please use `'airflow.providers.standard.operators.empty.EmptyOperator'`.","category":"DeprecatedImportWarning","filename":"/opt/airflow/dags/hello_world_dag.py","lineno":5,"logger":"py.warnings"}
{"timestamp":"2026-02-23T04:13:52.663947Z","level":"warning","event":"The `airflow.utils.timezone.datetime` attribute is deprecated. Please use `'airflow.sdk.timezone.datetime'`.","category":"DeprecatedImportWarning","filename":"/opt/airflow/dags/hello_world_dag.py","lineno":27,"logger":"py.warnings"}
{"timestamp":"2026-02-23T04:14:23.394691Z","level":"info","event":"Filling up the DagBag from /opt/airflow/dags/hello_world_dag.py","logger":"airflow.models.dagbag.BundleDagBag","filename":"dagbag.py","lineno":593}
{"timestamp":"2026-02-23T04:14:23.408944Z","level":"warning","event":"The `airflow.operators.python.PythonOperator` attribute is deprecated. Please use `'airflow.providers.standard.operators.python.PythonOperator'`.","category":"DeprecatedImportWarning","filename":"/opt/airflow/dags/hello_world_dag.py","lineno":4,"logger":"py.warnings"}
{"timestamp":"2026-02-23T04:14:23.409497Z","level":"warning","event":"The `airflow.operators.empty.EmptyOperator` attribute is deprecated. Please use `'airflow.providers.standard.operators.empty.EmptyOperator'`.","category":"DeprecatedImportWarning","filename":"/opt/airflow/dags/hello_world_dag.py","lineno":5,"logger":"py.warnings"}
{"timestamp":"2026-02-23T04:14:23.409571Z","level":"warning","event":"The `airflow.utils.timezone.datetime` attribute is deprecated. Please use `'airflow.sdk.timezone.datetime'`.","category":"DeprecatedImportWarning","filename":"/opt/airflow/dags/hello_world_dag.py","lineno":27,"logger":"py.warnings"}
{"timestamp":"2026-02-23T04:14:53.866053Z","level":"info","event":"Filling up the DagBag from /opt/airflow/dags/hello_world_dag.py","logger":"airflow.models.dagbag.BundleDagBag","filename":"dagbag.py","lineno":593}
{"timestamp":"2026-02-23T04:14:53.877813Z","level":"warning","event":"The `airflow.operators.python.PythonOperator` attribute is deprecated. Please use `'airflow.providers.standard.operators.python.PythonOperator'`.","category":"DeprecatedImportWarning","filename":"/opt/airflow/dags/hello_world_dag.py","lineno":4,"logger":"py.warnings"}
{"timestamp":"2026-02-23T04:14:53.877905Z","level":"warning","event":"The `airflow.operators.empty.EmptyOperator` attribute is deprecated. Please use `'airflow.providers.standard.operators.empty.EmptyOperator'`.","category":"DeprecatedImportWarning","filename":"/opt/airflow/dags/hello_world_dag.py","lineno":5,"logger":"py.warnings"}
{"timestamp":"2026-02-23T04:14:53.877961Z","level":"warning","event":"The `airflow.utils.timezone.datetime` attribute is deprecated. Please use `'airflow.sdk.timezone.datetime'`.","category":"DeprecatedImportWarning","filename":"/opt/airflow/dags/hello_world_dag.py","lineno":27,"logger":"py.warnings"}
{"timestamp":"2026-02-23T04:15:24.561132Z","level":"info","event":"Filling up the DagBag from /opt/airflow/dags/hello_world_dag.py","logger":"airflow.models.dagbag.BundleDagBag","filename":"dagbag.py","lineno":593}
{"timestamp":"2026-02-23T04:15:24.573971Z","level":"warning","event":"The `airflow.operators.python.PythonOperator` attribute is deprecated. Please use `'airflow.providers.standard.operators.python.PythonOperator'`.","category":"DeprecatedImportWarning","filename":"/opt/airflow/dags/hello_world_dag.py","lineno":4,"logger":"py.warnings"}
{"timestamp":"2026-02-23T04:15:24.574120Z","level":"warning","event":"The `airflow.operators.empty.EmptyOperator` attribute is deprecated. Please use `'airflow.providers.standard.operators.empty.EmptyOperator'`.","category":"DeprecatedImportWarning","filename":"/opt/airflow/dags/hello_world_dag.py","lineno":5,"logger":"py.warnings"}
{"timestamp":"2026-02-23T04:15:24.574186Z","level":"warning","event":"The `airflow.utils.timezone.datetime` attribute is deprecated. Please use `'airflow.sdk.timezone.datetime'`.","category":"DeprecatedImportWarning","filename":"/opt/airflow/dags/hello_world_dag.py","lineno":27,"logger":"py.warnings"}
{"timestamp":"2026-02-23T04:15:55.368690Z","level":"info","event":"Filling up the DagBag from /opt/airflow/dags/hello_world_dag.py","logger":"airflow.models.dagbag.BundleDagBag","filename":"dagbag.py","lineno":593}
{"timestamp":"2026-02-23T04:15:55.396859Z","level":"warning","event":"The `airflow.operators.python.PythonOperator` attribute is deprecated. Please use `'airflow.providers.standard.operators.python.PythonOperator'`.","category":"DeprecatedImportWarning","filename":"/opt/airflow/dags/hello_world_dag.py","lineno":4,"logger":"py.warnings"}
{"timestamp":"2026-02-23T04:15:55.396994Z","level":"warning","event":"The `airflow.operators.empty.EmptyOperator` attribute is deprecated. Please use `'airflow.providers.standard.operators.empty.EmptyOperator'`.","category":"DeprecatedImportWarning","filename":"/opt/airflow/dags/hello_world_dag.py","lineno":5,"logger":"py.warnings"}
{"timestamp":"2026-02-23T04:15:55.397076Z","level":"warning","event":"The `airflow.utils.timezone.datetime` attribute is deprecated. Please use `'airflow.sdk.timezone.datetime'`.","category":"DeprecatedImportWarning","filename":"/opt/airflow/dags/hello_world_dag.py","lineno":27,"logger":"py.warnings"}
{"timestamp":"2026-02-23T04:16:25.809481Z","level":"info","event":"Filling up the DagBag from /opt/airflow/dags/hello_world_dag.py","logger":"airflow.models.dagbag.BundleDagBag","filename":"dagbag.py","lineno":593}
{"timestamp":"2026-02-23T04:16:25.850802Z","level":"warning","event":"The `airflow.operators.python.PythonOperator` attribute is deprecated. Please use `'airflow.providers.standard.operators.python.PythonOperator'`.","category":"DeprecatedImportWarning","filename":"/opt/airflow/dags/hello_world_dag.py","lineno":4,"logger":"py.warnings"}
{"timestamp":"2026-02-23T04:16:25.851018Z","level":"warning","event":"The `airflow.operators.empty.EmptyOperator` attribute is deprecated. Please use `'airflow.providers.standard.operators.empty.EmptyOperator'`.","category":"DeprecatedImportWarning","filename":"/opt/airflow/dags/hello_world_dag.py","lineno":5,"logger":"py.warnings"}
{"timestamp":"2026-02-23T04:16:25.851094Z","level":"warning","event":"The `airflow.utils.timezone.datetime` attribute is deprecated. Please use `'airflow.sdk.timezone.datetime'`.","category":"DeprecatedImportWarning","filename":"/opt/airflow/dags/hello_world_dag.py","lineno":27,"logger":"py.warnings"}
{"timestamp":"2026-02-23T04:16:56.012157Z","level":"info","event":"Filling up the DagBag from /opt/airflow/dags/hello_world_dag.py","logger":"airflow.models.dagbag.BundleDagBag","filename":"dagbag.py","lineno":593}
{"timestamp":"2026-02-23T04:16:56.032537Z","level":"warning","event":"The `airflow.operators.python.PythonOperator` attribute is deprecated. Please use `'airflow.providers.standard.operators.python.PythonOperator'`.","category":"DeprecatedImportWarning","filename":"/opt/airflow/dags/hello_world_dag.py","lineno":4,"logger":"py.warnings"}
{"timestamp":"2026-02-23T04:16:56.032623Z","level":"warning","event":"The `airflow.operators.empty.EmptyOperator` attribute is deprecated. Please use `'airflow.providers.standard.operators.empty.EmptyOperator'`.","category":"DeprecatedImportWarning","filename":"/opt/airflow/dags/hello_world_dag.py","lineno":5,"logger":"py.warnings"}
{"timestamp":"2026-02-23T04:16:56.032895Z","level":"warning","event":"The `airflow.utils.timezone.datetime` attribute is deprecated. Please use `'airflow.sdk.timezone.datetime'`.","category":"DeprecatedImportWarning","filename":"/opt/airflow/dags/hello_world_dag.py","lineno":27,"logger":"py.warnings"}
{"timestamp":"2026-02-23T04:17:26.585692Z","level":"info","event":"Filling up the DagBag from /opt/airflow/dags/hello_world_dag.py","logger":"airflow.models.dagbag.BundleDagBag","filename":"dagbag.py","lineno":593}
{"timestamp":"2026-02-23T04:17:26.616259Z","level":"warning","event":"The `airflow.operators.python.PythonOperator` attribute is deprecated. Please use `'airflow.providers.standard.operators.python.PythonOperator'`.","category":"DeprecatedImportWarning","filename":"/opt/airflow/dags/hello_world_dag.py","lineno":4,"logger":"py.warnings"}
{"timestamp":"2026-02-23T04:17:26.616423Z","level":"warning","event":"The `airflow.operators.empty.EmptyOperator` attribute is deprecated. Please use `'airflow.providers.standard.operators.empty.EmptyOperator'`.","category":"DeprecatedImportWarning","filename":"/opt/airflow/dags/hello_world_dag.py","lineno":5,"logger":"py.warnings"}
{"timestamp":"2026-02-23T04:17:26.616492Z","level":"warning","event":"The `airflow.utils.timezone.datetime` attribute is deprecated. Please use `'airflow.sdk.timezone.datetime'`.","category":"DeprecatedImportWarning","filename":"/opt/airflow/dags/hello_world_dag.py","lineno":27,"logger":"py.warnings"}
{"timestamp":"2026-02-23T04:17:57.274874Z","level":"info","event":"Filling up the DagBag from /opt/airflow/dags/hello_world_dag.py","logger":"airflow.models.dagbag.BundleDagBag","filename":"dagbag.py","lineno":593}
{"timestamp":"2026-02-23T04:17:57.295537Z","level":"warning","event":"The `airflow.operators.python.PythonOperator` attribute is deprecated. Please use `'airflow.providers.standard.operators.python.PythonOperator'`.","category":"DeprecatedImportWarning","filename":"/opt/airflow/dags/hello_world_dag.py","lineno":4,"logger":"py.warnings"}
{"timestamp":"2026-02-23T04:17:57.295978Z","level":"warning","event":"The `airflow.operators.empty.EmptyOperator` attribute is deprecated. Please use `'airflow.providers.standard.operators.empty.EmptyOperator'`.","category":"DeprecatedImportWarning","filename":"/opt/airflow/dags/hello_world_dag.py","lineno":5,"logger":"py.warnings"}
{"timestamp":"2026-02-23T04:17:57.296696Z","level":"warning","event":"The `airflow.utils.timezone.datetime` attribute is deprecated. Please use `'airflow.sdk.timezone.datetime'`.","category":"DeprecatedImportWarning","filename":"/opt/airflow/dags/hello_world_dag.py","lineno":27,"logger":"py.warnings"}
{"timestamp":"2026-02-23T04:18:27.479000Z","level":"info","event":"Filling up the DagBag from /opt/airflow/dags/hello_world_dag.py","logger":"airflow.models.dagbag.BundleDagBag","filename":"dagbag.py","lineno":593}
{"timestamp":"2026-02-23T04:18:27.510617Z","level":"warning","event":"The `airflow.operators.python.PythonOperator` attribute is deprecated. Please use `'airflow.providers.standard.operators.python.PythonOperator'`.","category":"DeprecatedImportWarning","filename":"/opt/airflow/dags/hello_world_dag.py","lineno":4,"logger":"py.warnings"}
{"timestamp":"2026-02-23T04:18:27.510763Z","level":"warning","event":"The `airflow.operators.empty.EmptyOperator` attribute is deprecated. Please use `'airflow.providers.standard.operators.empty.EmptyOperator'`.","category":"DeprecatedImportWarning","filename":"/opt/airflow/dags/hello_world_dag.py","lineno":5,"logger":"py.warnings"}
{"timestamp":"2026-02-23T04:18:27.510813Z","level":"warning","event":"The `airflow.utils.timezone.datetime` attribute is deprecated. Please use `'airflow.sdk.timezone.datetime'`.","category":"DeprecatedImportWarning","filename":"/opt/airflow/dags/hello_world_dag.py","lineno":27,"logger":"py.warnings"}
{"timestamp":"2026-02-23T04:18:58.351353Z","level":"info","event":"Filling up the DagBag from /opt/airflow/dags/hello_world_dag.py","logger":"airflow.models.dagbag.BundleDagBag","filename":"dagbag.py","lineno":593}
{"timestamp":"2026-02-23T04:18:58.374303Z","level":"warning","event":"The `airflow.operators.python.PythonOperator` attribute is deprecated. Please use `'airflow.providers.standard.operators.python.PythonOperator'`.","category":"DeprecatedImportWarning","filename":"/opt/airflow/dags/hello_world_dag.py","lineno":4,"logger":"py.warnings"}
{"timestamp":"2026-02-23T04:18:58.374425Z","level":"warning","event":"The `airflow.operators.empty.EmptyOperator` attribute is deprecated. Please use `'airflow.providers.standard.operators.empty.EmptyOperator'`.","category":"DeprecatedImportWarning","filename":"/opt/airflow/dags/hello_world_dag.py","lineno":5,"logger":"py.warnings"}
{"timestamp":"2026-02-23T04:18:58.374498Z","level":"warning","event":"The `airflow.utils.timezone.datetime` attribute is deprecated. Please use `'airflow.sdk.timezone.datetime'`.","category":"DeprecatedImportWarning","filename":"/opt/airflow/dags/hello_world_dag.py","lineno":27,"logger":"py.warnings"}
{"timestamp":"2026-02-23T04:19:28.939811Z","level":"info","event":"Filling up the DagBag from /opt/airflow/dags/hello_world_dag.py","logger":"airflow.models.dagbag.BundleDagBag","filename":"dagbag.py","lineno":593}
{"timestamp":"2026-02-23T04:19:28.958201Z","level":"warning","event":"The `airflow.operators.python.PythonOperator` attribute is deprecated. Please use `'airflow.providers.standard.operators.python.PythonOperator'`.","category":"DeprecatedImportWarning","filename":"/opt/airflow/dags/hello_world_dag.py","lineno":4,"logger":"py.warnings"}
{"timestamp":"2026-02-23T04:19:28.958357Z","level":"warning","event":"The `airflow.operators.empty.EmptyOperator` attribute is deprecated. Please use `'airflow.providers.standard.operators.empty.EmptyOperator'`.","category":"DeprecatedImportWarning","filename":"/opt/airflow/dags/hello_world_dag.py","lineno":5,"logger":"py.warnings"}
{"timestamp":"2026-02-23T04:19:28.958425Z","level":"warning","event":"The `airflow.utils.timezone.datetime` attribute is deprecated. Please use `'airflow.sdk.timezone.datetime'`.","category":"DeprecatedImportWarning","filename":"/opt/airflow/dags/hello_world_dag.py","lineno":27,"logger":"py.warnings"}
{"timestamp":"2026-02-23T04:19:59.426668Z","level":"info","event":"Filling up the DagBag from /opt/airflow/dags/hello_world_dag.py","logger":"airflow.models.dagbag.BundleDagBag","filename":"dagbag.py","lineno":593}
{"timestamp":"2026-02-23T04:19:59.447484Z","level":"warning","event":"The `airflow.operators.python.PythonOperator` attribute is deprecated. Please use `'airflow.providers.standard.operators.python.PythonOperator'`.","category":"DeprecatedImportWarning","filename":"/opt/airflow/dags/hello_world_dag.py","lineno":4,"logger":"py.warnings"}
{"timestamp":"2026-02-23T04:19:59.447612Z","level":"warning","event":"The `airflow.operators.empty.EmptyOperator` attribute is deprecated. Please use `'airflow.providers.standard.operators.empty.EmptyOperator'`.","category":"DeprecatedImportWarning","filename":"/opt/airflow/dags/hello_world_dag.py","lineno":5,"logger":"py.warnings"}
{"timestamp":"2026-02-23T04:19:59.447668Z","level":"warning","event":"The `airflow.utils.timezone.datetime` attribute is deprecated. Please use `'airflow.sdk.timezone.datetime'`.","category":"DeprecatedImportWarning","filename":"/opt/airflow/dags/hello_world_dag.py","lineno":27,"logger":"py.warnings"}
{"timestamp":"2026-02-23T04:20:29.607520Z","level":"info","event":"Filling up the DagBag from /opt/airflow/dags/hello_world_dag.py","logger":"airflow.models.dagbag.BundleDagBag","filename":"dagbag.py","lineno":593}
{"timestamp":"2026-02-23T04:20:29.620182Z","level":"warning","event":"The `airflow.operators.python.PythonOperator` attribute is deprecated. Please use `'airflow.providers.standard.operators.python.PythonOperator'`.","category":"DeprecatedImportWarning","filename":"/opt/airflow/dags/hello_world_dag.py","lineno":4,"logger":"py.warnings"}
{"timestamp":"2026-02-23T04:20:29.620818Z","level":"warning","event":"The `airflow.operators.empty.EmptyOperator` attribute is deprecated. Please use `'airflow.providers.standard.operators.empty.EmptyOperator'`.","category":"DeprecatedImportWarning","filename":"/opt/airflow/dags/hello_world_dag.py","lineno":5,"logger":"py.warnings"}
{"timestamp":"2026-02-23T04:20:29.621357Z","level":"warning","event":"The `airflow.utils.timezone.datetime` attribute is deprecated. Please use `'airflow.sdk.timezone.datetime'`.","category":"DeprecatedImportWarning","filename":"/opt/airflow/dags/hello_world_dag.py","lineno":27,"logger":"py.warnings"}
{"timestamp":"2026-02-23T04:20:59.717313Z","level":"info","event":"Filling up the DagBag from /opt/airflow/dags/hello_world_dag.py","logger":"airflow.models.dagbag.BundleDagBag","filename":"dagbag.py","lineno":593}
{"timestamp":"2026-02-23T04:20:59.727865Z","level":"warning","event":"The `airflow.operators.python.PythonOperator` attribute is deprecated. Please use `'airflow.providers.standard.operators.python.PythonOperator'`.","category":"DeprecatedImportWarning","filename":"/opt/airflow/dags/hello_world_dag.py","lineno":4,"logger":"py.warnings"}
{"timestamp":"2026-02-23T04:20:59.727953Z","level":"warning","event":"The `airflow.operators.empty.EmptyOperator` attribute is deprecated. Please use `'airflow.providers.standard.operators.empty.EmptyOperator'`.","category":"DeprecatedImportWarning","filename":"/opt/airflow/dags/hello_world_dag.py","lineno":5,"logger":"py.warnings"}
{"timestamp":"2026-02-23T04:20:59.727998Z","level":"warning","event":"The `airflow.utils.timezone.datetime` attribute is deprecated. Please use `'airflow.sdk.timezone.datetime'`.","category":"DeprecatedImportWarning","filename":"/opt/airflow/dags/hello_world_dag.py","lineno":27,"logger":"py.warnings"}
{"timestamp":"2026-02-23T04:21:30.138016Z","level":"info","event":"Filling up the DagBag from /opt/airflow/dags/hello_world_dag.py","logger":"airflow.models.dagbag.BundleDagBag","filename":"dagbag.py","lineno":593}
{"timestamp":"2026-02-23T04:21:30.150347Z","level":"warning","event":"The `airflow.operators.python.PythonOperator` attribute is deprecated. Please use `'airflow.providers.standard.operators.python.PythonOperator'`.","category":"DeprecatedImportWarning","filename":"/opt/airflow/dags/hello_world_dag.py","lineno":4,"logger":"py.warnings"}
{"timestamp":"2026-02-23T04:21:30.150641Z","level":"warning","event":"The `airflow.operators.empty.EmptyOperator` attribute is deprecated. Please use `'airflow.providers.standard.operators.empty.EmptyOperator'`.","category":"DeprecatedImportWarning","filename":"/opt/airflow/dags/hello_world_dag.py","lineno":5,"logger":"py.warnings"}
{"timestamp":"2026-02-23T04:21:30.151144Z","level":"warning","event":"The `airflow.utils.timezone.datetime` attribute is deprecated. Please use `'airflow.sdk.timezone.datetime'`.","category":"DeprecatedImportWarning","filename":"/opt/airflow/dags/hello_world_dag.py","lineno":27,"logger":"py.warnings"}
{"timestamp":"2026-02-23T04:22:00.623226Z","level":"info","event":"Filling up the DagBag from /opt/airflow/dags/hello_world_dag.py","logger":"airflow.models.dagbag.BundleDagBag","filename":"dagbag.py","lineno":593}
{"timestamp":"2026-02-23T04:22:00.641311Z","level":"warning","event":"The `airflow.operators.python.PythonOperator` attribute is deprecated. Please use `'airflow.providers.standard.operators.python.PythonOperator'`.","category":"DeprecatedImportWarning","filename":"/opt/airflow/dags/hello_world_dag.py","lineno":4,"logger":"py.warnings"}
{"timestamp":"2026-02-23T04:22:00.641435Z","level":"warning","event":"The `airflow.operators.empty.EmptyOperator` attribute is deprecated. Please use `'airflow.providers.standard.operators.empty.EmptyOperator'`.","category":"DeprecatedImportWarning","filename":"/opt/airflow/dags/hello_world_dag.py","lineno":5,"logger":"py.warnings"}
{"timestamp":"2026-02-23T04:22:00.641528Z","level":"warning","event":"The `airflow.utils.timezone.datetime` attribute is deprecated. Please use `'airflow.sdk.timezone.datetime'`.","category":"DeprecatedImportWarning","filename":"/opt/airflow/dags/hello_world_dag.py","lineno":27,"logger":"py.warnings"}
{"timestamp":"2026-02-23T04:22:31.202983Z","level":"info","event":"Filling up the DagBag from /opt/airflow/dags/hello_world_dag.py","logger":"airflow.models.dagbag.BundleDagBag","filename":"dagbag.py","lineno":593}
{"timestamp":"2026-02-23T04:22:31.218337Z","level":"warning","event":"The `airflow.operators.python.PythonOperator` attribute is deprecated. Please use `'airflow.providers.standard.operators.python.PythonOperator'`.","category":"DeprecatedImportWarning","filename":"/opt/airflow/dags/hello_world_dag.py","lineno":4,"logger":"py.warnings"}
{"timestamp":"2026-02-23T04:22:31.218470Z","level":"warning","event":"The `airflow.operators.empty.EmptyOperator` attribute is deprecated. Please use `'airflow.providers.standard.operators.empty.EmptyOperator'`.","category":"DeprecatedImportWarning","filename":"/opt/airflow/dags/hello_world_dag.py","lineno":5,"logger":"py.warnings"}
{"timestamp":"2026-02-23T04:22:31.218567Z","level":"warning","event":"The `airflow.utils.timezone.datetime` attribute is deprecated. Please use `'airflow.sdk.timezone.datetime'`.","category":"DeprecatedImportWarning","filename":"/opt/airflow/dags/hello_world_dag.py","lineno":27,"logger":"py.warnings"}
{"timestamp":"2026-02-23T04:23:01.568252Z","level":"info","event":"Filling up the DagBag from /opt/airflow/dags/hello_world_dag.py","logger":"airflow.models.dagbag.BundleDagBag","filename":"dagbag.py","lineno":593}
{"timestamp":"2026-02-23T04:23:01.588833Z","level":"warning","event":"The `airflow.operators.python.PythonOperator` attribute is deprecated. Please use `'airflow.providers.standard.operators.python.PythonOperator'`.","category":"DeprecatedImportWarning","filename":"/opt/airflow/dags/hello_world_dag.py","lineno":4,"logger":"py.warnings"}
{"timestamp":"2026-02-23T04:23:01.588961Z","level":"warning","event":"The `airflow.operators.empty.EmptyOperator` attribute is deprecated. Please use `'airflow.providers.standard.operators.empty.EmptyOperator'`.","category":"DeprecatedImportWarning","filename":"/opt/airflow/dags/hello_world_dag.py","lineno":5,"logger":"py.warnings"}
{"timestamp":"2026-02-23T04:23:01.589048Z","level":"warning","event":"The `airflow.utils.timezone.datetime` attribute is deprecated. Please use `'airflow.sdk.timezone.datetime'`.","category":"DeprecatedImportWarning","filename":"/opt/airflow/dags/hello_world_dag.py","lineno":27,"logger":"py.warnings"}
{"timestamp":"2026-02-23T04:23:32.200629Z","level":"info","event":"Filling up the DagBag from /opt/airflow/dags/hello_world_dag.py","logger":"airflow.models.dagbag.BundleDagBag","filename":"dagbag.py","lineno":593}
{"timestamp":"2026-02-23T04:23:32.224879Z","level":"warning","event":"The `airflow.operators.python.PythonOperator` attribute is deprecated. Please use `'airflow.providers.standard.operators.python.PythonOperator'`.","category":"DeprecatedImportWarning","filename":"/opt/airflow/dags/hello_world_dag.py","lineno":4,"logger":"py.warnings"}
{"timestamp":"2026-02-23T04:23:32.225400Z","level":"warning","event":"The `airflow.operators.empty.EmptyOperator` attribute is deprecated. Please use `'airflow.providers.standard.operators.empty.EmptyOperator'`.","category":"DeprecatedImportWarning","filename":"/opt/airflow/dags/hello_world_dag.py","lineno":5,"logger":"py.warnings"}
{"timestamp":"2026-02-23T04:23:32.226441Z","level":"warning","event":"The `airflow.utils.timezone.datetime` attribute is deprecated. Please use `'airflow.sdk.timezone.datetime'`.","category":"DeprecatedImportWarning","filename":"/opt/airflow/dags/hello_world_dag.py","lineno":27,"logger":"py.warnings"}
{"timestamp":"2026-02-23T04:24:02.910286Z","level":"info","event":"Filling up the DagBag from /opt/airflow/dags/hello_world_dag.py","logger":"airflow.models.dagbag.BundleDagBag","filename":"dagbag.py","lineno":593}
{"timestamp":"2026-02-23T04:24:02.926518Z","level":"warning","event":"The `airflow.operators.python.PythonOperator` attribute is deprecated. Please use `'airflow.providers.standard.operators.python.PythonOperator'`.","category":"DeprecatedImportWarning","filename":"/opt/airflow/dags/hello_world_dag.py","lineno":4,"logger":"py.warnings"}
{"timestamp":"2026-02-23T04:24:02.926619Z","level":"warning","event":"The `airflow.operators.empty.EmptyOperator` attribute is deprecated. Please use `'airflow.providers.standard.operators.empty.EmptyOperator'`.","category":"DeprecatedImportWarning","filename":"/opt/airflow/dags/hello_world_dag.py","lineno":5,"logger":"py.warnings"}
{"timestamp":"2026-02-23T04:24:02.926675Z","level":"warning","event":"The `airflow.utils.timezone.datetime` attribute is deprecated. Please use `'airflow.sdk.timezone.datetime'`.","category":"DeprecatedImportWarning","filename":"/opt/airflow/dags/hello_world_dag.py","lineno":27,"logger":"py.warnings"}
{"timestamp":"2026-02-23T04:24:33.688135Z","level":"info","event":"Filling up the DagBag from /opt/airflow/dags/hello_world_dag.py","logger":"airflow.models.dagbag.BundleDagBag","filename":"dagbag.py","lineno":593}
{"timestamp":"2026-02-23T04:24:33.717741Z","level":"warning","event":"The `airflow.operators.python.PythonOperator` attribute is deprecated. Please use `'airflow.providers.standard.operators.python.PythonOperator'`.","category":"DeprecatedImportWarning","filename":"/opt/airflow/dags/hello_world_dag.py","lineno":4,"logger":"py.warnings"}
{"timestamp":"2026-02-23T04:24:33.717916Z","level":"warning","event":"The `airflow.operators.empty.EmptyOperator` attribute is deprecated. Please use `'airflow.providers.standard.operators.empty.EmptyOperator'`.","category":"DeprecatedImportWarning","filename":"/opt/airflow/dags/hello_world_dag.py","lineno":5,"logger":"py.warnings"}
{"timestamp":"2026-02-23T04:24:33.718008Z","level":"warning","event":"The `airflow.utils.timezone.datetime` attribute is deprecated. Please use `'airflow.sdk.timezone.datetime'`.","category":"DeprecatedImportWarning","filename":"/opt/airflow/dags/hello_world_dag.py","lineno":27,"logger":"py.warnings"}
{"timestamp":"2026-02-23T04:25:04.315419Z","level":"info","event":"Filling up the DagBag from /opt/airflow/dags/hello_world_dag.py","logger":"airflow.models.dagbag.BundleDagBag","filename":"dagbag.py","lineno":593}
{"timestamp":"2026-02-23T04:25:04.343176Z","level":"warning","event":"The `airflow.operators.python.PythonOperator` attribute is deprecated. Please use `'airflow.providers.standard.operators.python.PythonOperator'`.","category":"DeprecatedImportWarning","filename":"/opt/airflow/dags/hello_world_dag.py","lineno":4,"logger":"py.warnings"}
{"timestamp":"2026-02-23T04:25:04.343320Z","level":"warning","event":"The `airflow.operators.empty.EmptyOperator` attribute is deprecated. Please use `'airflow.providers.standard.operators.empty.EmptyOperator'`.","category":"DeprecatedImportWarning","filename":"/opt/airflow/dags/hello_world_dag.py","lineno":5,"logger":"py.warnings"}
{"timestamp":"2026-02-23T04:25:04.343391Z","level":"warning","event":"The `airflow.utils.timezone.datetime` attribute is deprecated. Please use `'airflow.sdk.timezone.datetime'`.","category":"DeprecatedImportWarning","filename":"/opt/airflow/dags/hello_world_dag.py","lineno":27,"logger":"py.warnings"}
{"timestamp":"2026-02-23T04:25:34.816931Z","level":"info","event":"Filling up the DagBag from /opt/airflow/dags/hello_world_dag.py","logger":"airflow.models.dagbag.BundleDagBag","filename":"dagbag.py","lineno":593}
{"timestamp":"2026-02-23T04:25:34.835973Z","level":"warning","event":"The `airflow.operators.python.PythonOperator` attribute is deprecated. Please use `'airflow.providers.standard.operators.python.PythonOperator'`.","category":"DeprecatedImportWarning","filename":"/opt/airflow/dags/hello_world_dag.py","lineno":4,"logger":"py.warnings"}
{"timestamp":"2026-02-23T04:25:34.836102Z","level":"warning","event":"The `airflow.operators.empty.EmptyOperator` attribute is deprecated. Please use `'airflow.providers.standard.operators.empty.EmptyOperator'`.","category":"DeprecatedImportWarning","filename":"/opt/airflow/dags/hello_world_dag.py","lineno":5,"logger":"py.warnings"}
{"timestamp":"2026-02-23T04:25:34.836173Z","level":"warning","event":"The `airflow.utils.timezone.datetime` attribute is deprecated. Please use `'airflow.sdk.timezone.datetime'`.","category":"DeprecatedImportWarning","filename":"/opt/airflow/dags/hello_world_dag.py","lineno":27,"logger":"py.warnings"}
{"timestamp":"2026-02-23T04:26:05.112053Z","level":"info","event":"Filling up the DagBag from /opt/airflow/dags/hello_world_dag.py","logger":"airflow.models.dagbag.BundleDagBag","filename":"dagbag.py","lineno":593}
{"timestamp":"2026-02-23T04:26:05.122567Z","level":"warning","event":"The `airflow.operators.python.PythonOperator` attribute is deprecated. Please use `'airflow.providers.standard.operators.python.PythonOperator'`.","category":"DeprecatedImportWarning","filename":"/opt/airflow/dags/hello_world_dag.py","lineno":4,"logger":"py.warnings"}
{"timestamp":"2026-02-23T04:26:05.122651Z","level":"warning","event":"The `airflow.operators.empty.EmptyOperator` attribute is deprecated. Please use `'airflow.providers.standard.operators.empty.EmptyOperator'`.","category":"DeprecatedImportWarning","filename":"/opt/airflow/dags/hello_world_dag.py","lineno":5,"logger":"py.warnings"}
{"timestamp":"2026-02-23T04:26:05.122710Z","level":"warning","event":"The `airflow.utils.timezone.datetime` attribute is deprecated. Please use `'airflow.sdk.timezone.datetime'`.","category":"DeprecatedImportWarning","filename":"/opt/airflow/dags/hello_world_dag.py","lineno":27,"logger":"py.warnings"}
{"timestamp":"2026-02-23T04:26:35.580009Z","level":"info","event":"Filling up the DagBag from /opt/airflow/dags/hello_world_dag.py","logger":"airflow.models.dagbag.BundleDagBag","filename":"dagbag.py","lineno":593}
{"timestamp":"2026-02-23T04:26:35.589072Z","level":"warning","event":"The `airflow.operators.python.PythonOperator` attribute is deprecated. Please use `'airflow.providers.standard.operators.python.PythonOperator'`.","category":"DeprecatedImportWarning","filename":"/opt/airflow/dags/hello_world_dag.py","lineno":4,"logger":"py.warnings"}
{"timestamp":"2026-02-23T04:26:35.589644Z","level":"warning","event":"The `airflow.operators.empty.EmptyOperator` attribute is deprecated. Please use `'airflow.providers.standard.operators.empty.EmptyOperator'`.","category":"DeprecatedImportWarning","filename":"/opt/airflow/dags/hello_world_dag.py","lineno":5,"logger":"py.warnings"}
{"timestamp":"2026-02-23T04:26:35.590439Z","level":"warning","event":"The `airflow.utils.timezone.datetime` attribute is deprecated. Please use `'airflow.sdk.timezone.datetime'`.","category":"DeprecatedImportWarning","filename":"/opt/airflow/dags/hello_world_dag.py","lineno":27,"logger":"py.warnings"}
{"timestamp":"2026-02-23T04:27:05.728087Z","level":"info","event":"Filling up the DagBag from /opt/airflow/dags/hello_world_dag.py","logger":"airflow.models.dagbag.BundleDagBag","filename":"dagbag.py","lineno":593}
{"timestamp":"2026-02-23T04:27:05.736520Z","level":"warning","event":"The `airflow.operators.python.PythonOperator` attribute is deprecated. Please use `'airflow.providers.standard.operators.python.PythonOperator'`.","category":"DeprecatedImportWarning","filename":"/opt/airflow/dags/hello_world_dag.py","lineno":4,"logger":"py.warnings"}
{"timestamp":"2026-02-23T04:27:05.736599Z","level":"warning","event":"The `airflow.operators.empty.EmptyOperator` attribute is deprecated. Please use `'airflow.providers.standard.operators.empty.EmptyOperator'`.","category":"DeprecatedImportWarning","filename":"/opt/airflow/dags/hello_world_dag.py","lineno":5,"logger":"py.warnings"}
{"timestamp":"2026-02-23T04:27:05.736667Z","level":"warning","event":"The `airflow.utils.timezone.datetime` attribute is deprecated. Please use `'airflow.sdk.timezone.datetime'`.","category":"DeprecatedImportWarning","filename":"/opt/airflow/dags/hello_world_dag.py","lineno":27,"logger":"py.warnings"}
{"timestamp":"2026-02-23T04:27:35.957143Z","level":"info","event":"Filling up the DagBag from /opt/airflow/dags/hello_world_dag.py","logger":"airflow.models.dagbag.BundleDagBag","filename":"dagbag.py","lineno":593}
{"timestamp":"2026-02-23T04:27:35.966075Z","level":"warning","event":"The `airflow.operators.python.PythonOperator` attribute is deprecated. Please use `'airflow.providers.standard.operators.python.PythonOperator'`.","category":"DeprecatedImportWarning","filename":"/opt/airflow/dags/hello_world_dag.py","lineno":4,"logger":"py.warnings"}
{"timestamp":"2026-02-23T04:27:35.966148Z","level":"warning","event":"The `airflow.operators.empty.EmptyOperator` attribute is deprecated. Please use `'airflow.providers.standard.operators.empty.EmptyOperator'`.","category":"DeprecatedImportWarning","filename":"/opt/airflow/dags/hello_world_dag.py","lineno":5,"logger":"py.warnings"}
{"timestamp":"2026-02-23T04:27:35.966206Z","level":"warning","event":"The `airflow.utils.timezone.datetime` attribute is deprecated. Please use `'airflow.sdk.timezone.datetime'`.","category":"DeprecatedImportWarning","filename":"/opt/airflow/dags/hello_world_dag.py","lineno":27,"logger":"py.warnings"}
{"timestamp":"2026-02-23T04:28:06.079229Z","level":"info","event":"Filling up the DagBag from /opt/airflow/dags/hello_world_dag.py","logger":"airflow.models.dagbag.BundleDagBag","filename":"dagbag.py","lineno":593}
{"timestamp":"2026-02-23T04:28:06.084444Z","level":"warning","event":"The `airflow.operators.python.PythonOperator` attribute is deprecated. Please use `'airflow.providers.standard.operators.python.PythonOperator'`.","category":"DeprecatedImportWarning","filename":"/opt/airflow/dags/hello_world_dag.py","lineno":4,"logger":"py.warnings"}
{"timestamp":"2026-02-23T04:28:06.084516Z","level":"warning","event":"The `airflow.operators.empty.EmptyOperator` attribute is deprecated. Please use `'airflow.providers.standard.operators.empty.EmptyOperator'`.","category":"DeprecatedImportWarning","filename":"/opt/airflow/dags/hello_world_dag.py","lineno":5,"logger":"py.warnings"}
{"timestamp":"2026-02-23T04:28:06.084716Z","level":"warning","event":"The `airflow.utils.timezone.datetime` attribute is deprecated. Please use `'airflow.sdk.timezone.datetime'`.","category":"DeprecatedImportWarning","filename":"/opt/airflow/dags/hello_world_dag.py","lineno":27,"logger":"py.warnings"}
{"timestamp":"2026-02-23T04:28:36.309538Z","level":"info","event":"Filling up the DagBag from /opt/airflow/dags/hello_world_dag.py","logger":"airflow.models.dagbag.BundleDagBag","filename":"dagbag.py","lineno":593}
{"timestamp":"2026-02-23T04:28:36.330742Z","level":"warning","event":"The `airflow.operators.python.PythonOperator` attribute is deprecated. Please use `'airflow.providers.standard.operators.python.PythonOperator'`.","category":"DeprecatedImportWarning","filename":"/opt/airflow/dags/hello_world_dag.py","lineno":4,"logger":"py.warnings"}
{"timestamp":"2026-02-23T04:28:36.330863Z","level":"warning","event":"The `airflow.operators.empty.EmptyOperator` attribute is deprecated. Please use `'airflow.providers.standard.operators.empty.EmptyOperator'`.","category":"DeprecatedImportWarning","filename":"/opt/airflow/dags/hello_world_dag.py","lineno":5,"logger":"py.warnings"}
{"timestamp":"2026-02-23T04:28:36.330915Z","level":"warning","event":"The `airflow.utils.timezone.datetime` attribute is deprecated. Please use `'airflow.sdk.timezone.datetime'`.","category":"DeprecatedImportWarning","filename":"/opt/airflow/dags/hello_world_dag.py","lineno":27,"logger":"py.warnings"}
{"timestamp":"2026-02-23T04:29:06.599996Z","level":"info","event":"Filling up the DagBag from /opt/airflow/dags/hello_world_dag.py","logger":"airflow.models.dagbag.BundleDagBag","filename":"dagbag.py","lineno":593}
{"timestamp":"2026-02-23T04:29:06.624246Z","level":"warning","event":"The `airflow.operators.python.PythonOperator` attribute is deprecated. Please use `'airflow.providers.standard.operators.python.PythonOperator'`.","category":"DeprecatedImportWarning","filename":"/opt/airflow/dags/hello_world_dag.py","lineno":4,"logger":"py.warnings"}
{"timestamp":"2026-02-23T04:29:06.624382Z","level":"warning","event":"The `airflow.operators.empty.EmptyOperator` attribute is deprecated. Please use `'airflow.providers.standard.operators.empty.EmptyOperator'`.","category":"DeprecatedImportWarning","filename":"/opt/airflow/dags/hello_world_dag.py","lineno":5,"logger":"py.warnings"}
{"timestamp":"2026-02-23T04:29:06.624453Z","level":"warning","event":"The `airflow.utils.timezone.datetime` attribute is deprecated. Please use `'airflow.sdk.timezone.datetime'`.","category":"DeprecatedImportWarning","filename":"/opt/airflow/dags/hello_world_dag.py","lineno":27,"logger":"py.warnings"}
{"timestamp":"2026-02-23T04:29:37.137667Z","level":"info","event":"Filling up the DagBag from /opt/airflow/dags/hello_world_dag.py","logger":"airflow.models.dagbag.BundleDagBag","filename":"dagbag.py","lineno":593}
{"timestamp":"2026-02-23T04:29:37.143279Z","level":"warning","event":"The `airflow.operators.python.PythonOperator` attribute is deprecated. Please use `'airflow.providers.standard.operators.python.PythonOperator'`.","category":"DeprecatedImportWarning","filename":"/opt/airflow/dags/hello_world_dag.py","lineno":4,"logger":"py.warnings"}
{"timestamp":"2026-02-23T04:29:37.143369Z","level":"warning","event":"The `airflow.operators.empty.EmptyOperator` attribute is deprecated. Please use `'airflow.providers.standard.operators.empty.EmptyOperator'`.","category":"DeprecatedImportWarning","filename":"/opt/airflow/dags/hello_world_dag.py","lineno":5,"logger":"py.warnings"}
{"timestamp":"2026-02-23T04:29:37.143422Z","level":"warning","event":"The `airflow.utils.timezone.datetime` attribute is deprecated. Please use `'airflow.sdk.timezone.datetime'`.","category":"DeprecatedImportWarning","filename":"/opt/airflow/dags/hello_world_dag.py","lineno":27,"logger":"py.warnings"}
{"timestamp":"2026-02-23T04:30:07.465035Z","level":"info","event":"Filling up the DagBag from /opt/airflow/dags/hello_world_dag.py","logger":"airflow.models.dagbag.BundleDagBag","filename":"dagbag.py","lineno":593}
{"timestamp":"2026-02-23T04:30:07.471130Z","level":"warning","event":"The `airflow.operators.python.PythonOperator` attribute is deprecated. Please use `'airflow.providers.standard.operators.python.PythonOperator'`.","category":"DeprecatedImportWarning","filename":"/opt/airflow/dags/hello_world_dag.py","lineno":4,"logger":"py.warnings"}
{"timestamp":"2026-02-23T04:30:07.471238Z","level":"warning","event":"The `airflow.operators.empty.EmptyOperator` attribute is deprecated. Please use `'airflow.providers.standard.operators.empty.EmptyOperator'`.","category":"DeprecatedImportWarning","filename":"/opt/airflow/dags/hello_world_dag.py","lineno":5,"logger":"py.warnings"}
{"timestamp":"2026-02-23T04:30:07.471309Z","level":"warning","event":"The `airflow.utils.timezone.datetime` attribute is deprecated. Please use `'airflow.sdk.timezone.datetime'`.","category":"DeprecatedImportWarning","filename":"/opt/airflow/dags/hello_world_dag.py","lineno":27,"logger":"py.warnings"}
{"timestamp":"2026-02-23T04:30:38.055588Z","level":"info","event":"Filling up the DagBag from /opt/airflow/dags/hello_world_dag.py","logger":"airflow.models.dagbag.BundleDagBag","filename":"dagbag.py","lineno":593}
{"timestamp":"2026-02-23T04:30:38.066275Z","level":"warning","event":"The `airflow.operators.python.PythonOperator` attribute is deprecated. Please use `'airflow.providers.standard.operators.python.PythonOperator'`.","category":"DeprecatedImportWarning","filename":"/opt/airflow/dags/hello_world_dag.py","lineno":4,"logger":"py.warnings"}
{"timestamp":"2026-02-23T04:30:38.066364Z","level":"warning","event":"The `airflow.operators.empty.EmptyOperator` attribute is deprecated. Please use `'airflow.providers.standard.operators.empty.EmptyOperator'`.","category":"DeprecatedImportWarning","filename":"/opt/airflow/dags/hello_world_dag.py","lineno":5,"logger":"py.warnings"}
{"timestamp":"2026-02-23T04:30:38.066408Z","level":"warning","event":"The `airflow.utils.timezone.datetime` attribute is deprecated. Please use `'airflow.sdk.timezone.datetime'`.","category":"DeprecatedImportWarning","filename":"/opt/airflow/dags/hello_world_dag.py","lineno":27,"logger":"py.warnings"}
{"timestamp":"2026-02-23T04:31:08.252635Z","level":"info","event":"Filling up the DagBag from /opt/airflow/dags/hello_world_dag.py","logger":"airflow.models.dagbag.BundleDagBag","filename":"dagbag.py","lineno":593}
{"timestamp":"2026-02-23T04:31:08.263208Z","level":"warning","event":"The `airflow.operators.python.PythonOperator` attribute is deprecated. Please use `'airflow.providers.standard.operators.python.PythonOperator'`.","category":"DeprecatedImportWarning","filename":"/opt/airflow/dags/hello_world_dag.py","lineno":4,"logger":"py.warnings"}
{"timestamp":"2026-02-23T04:31:08.263325Z","level":"warning","event":"The `airflow.operators.empty.EmptyOperator` attribute is deprecated. Please use `'airflow.providers.standard.operators.empty.EmptyOperator'`.","category":"DeprecatedImportWarning","filename":"/opt/airflow/dags/hello_world_dag.py","lineno":5,"logger":"py.warnings"}
{"timestamp":"2026-02-23T04:31:08.263420Z","level":"warning","event":"The `airflow.utils.timezone.datetime` attribute is deprecated. Please use `'airflow.sdk.timezone.datetime'`.","category":"DeprecatedImportWarning","filename":"/opt/airflow/dags/hello_world_dag.py","lineno":27,"logger":"py.warnings"}
{"timestamp":"2026-02-23T04:31:38.824714Z","level":"info","event":"Filling up the DagBag from /opt/airflow/dags/hello_world_dag.py","logger":"airflow.models.dagbag.BundleDagBag","filename":"dagbag.py","lineno":593}
{"timestamp":"2026-02-23T04:31:38.851367Z","level":"warning","event":"The `airflow.operators.python.PythonOperator` attribute is deprecated. Please use `'airflow.providers.standard.operators.python.PythonOperator'`.","category":"DeprecatedImportWarning","filename":"/opt/airflow/dags/hello_world_dag.py","lineno":4,"logger":"py.warnings"}
{"timestamp":"2026-02-23T04:31:38.851487Z","level":"warning","event":"The `airflow.operators.empty.EmptyOperator` attribute is deprecated. Please use `'airflow.providers.standard.operators.empty.EmptyOperator'`.","category":"DeprecatedImportWarning","filename":"/opt/airflow/dags/hello_world_dag.py","lineno":5,"logger":"py.warnings"}
{"timestamp":"2026-02-23T04:31:38.851555Z","level":"warning","event":"The `airflow.utils.timezone.datetime` attribute is deprecated. Please use `'airflow.sdk.timezone.datetime'`.","category":"DeprecatedImportWarning","filename":"/opt/airflow/dags/hello_world_dag.py","lineno":27,"logger":"py.warnings"}
{"timestamp":"2026-02-23T04:32:09.091815Z","level":"info","event":"Filling up the DagBag from /opt/airflow/dags/hello_world_dag.py","logger":"airflow.models.dagbag.BundleDagBag","filename":"dagbag.py","lineno":593}
{"timestamp":"2026-02-23T04:32:09.102579Z","level":"warning","event":"The `airflow.operators.python.PythonOperator` attribute is deprecated. Please use `'airflow.providers.standard.operators.python.PythonOperator'`.","category":"DeprecatedImportWarning","filename":"/opt/airflow/dags/hello_world_dag.py","lineno":4,"logger":"py.warnings"}
{"timestamp":"2026-02-23T04:32:09.102673Z","level":"warning","event":"The `airflow.operators.empty.EmptyOperator` attribute is deprecated. Please use `'airflow.providers.standard.operators.empty.EmptyOperator'`.","category":"DeprecatedImportWarning","filename":"/opt/airflow/dags/hello_world_dag.py","lineno":5,"logger":"py.warnings"}
{"timestamp":"2026-02-23T04:32:09.102741Z","level":"warning","event":"The `airflow.utils.timezone.datetime` attribute is deprecated. Please use `'airflow.sdk.timezone.datetime'`.","category":"DeprecatedImportWarning","filename":"/opt/airflow/dags/hello_world_dag.py","lineno":27,"logger":"py.warnings"}
{"timestamp":"2026-02-23T04:32:39.347234Z","level":"info","event":"Filling up the DagBag from /opt/airflow/dags/hello_world_dag.py","logger":"airflow.models.dagbag.BundleDagBag","filename":"dagbag.py","lineno":593}
{"timestamp":"2026-02-23T04:32:39.360053Z","level":"warning","event":"The `airflow.operators.python.PythonOperator` attribute is deprecated. Please use `'airflow.providers.standard.operators.python.PythonOperator'`.","category":"DeprecatedImportWarning","filename":"/opt/airflow/dags/hello_world_dag.py","lineno":4,"logger":"py.warnings"}
{"timestamp":"2026-02-23T04:32:39.360543Z","level":"warning","event":"The `airflow.operators.empty.EmptyOperator` attribute is deprecated. Please use `'airflow.providers.standard.operators.empty.EmptyOperator'`.","category":"DeprecatedImportWarning","filename":"/opt/airflow/dags/hello_world_dag.py","lineno":5,"logger":"py.warnings"}
{"timestamp":"2026-02-23T04:32:39.360685Z","level":"warning","event":"The `airflow.utils.timezone.datetime` attribute is deprecated. Please use `'airflow.sdk.timezone.datetime'`.","category":"DeprecatedImportWarning","filename":"/opt/airflow/dags/hello_world_dag.py","lineno":27,"logger":"py.warnings"}
{"timestamp":"2026-02-23T04:33:09.710171Z","level":"info","event":"Filling up the DagBag from /opt/airflow/dags/hello_world_dag.py","logger":"airflow.models.dagbag.BundleDagBag","filename":"dagbag.py","lineno":593}
{"timestamp":"2026-02-23T04:33:09.748064Z","level":"warning","event":"The `airflow.operators.python.PythonOperator` attribute is deprecated. Please use `'airflow.providers.standard.operators.python.PythonOperator'`.","category":"DeprecatedImportWarning","filename":"/opt/airflow/dags/hello_world_dag.py","lineno":4,"logger":"py.warnings"}
{"timestamp":"2026-02-23T04:33:09.748222Z","level":"warning","event":"The `airflow.operators.empty.EmptyOperator` attribute is deprecated. Please use `'airflow.providers.standard.operators.empty.EmptyOperator'`.","category":"DeprecatedImportWarning","filename":"/opt/airflow/dags/hello_world_dag.py","lineno":5,"logger":"py.warnings"}
{"timestamp":"2026-02-23T04:33:09.748299Z","level":"warning","event":"The `airflow.utils.timezone.datetime` attribute is deprecated. Please use `'airflow.sdk.timezone.datetime'`.","category":"DeprecatedImportWarning","filename":"/opt/airflow/dags/hello_world_dag.py","lineno":27,"logger":"py.warnings"}
{"timestamp":"2026-02-23T04:33:40.464856Z","level":"info","event":"Filling up the DagBag from /opt/airflow/dags/hello_world_dag.py","logger":"airflow.models.dagbag.BundleDagBag","filename":"dagbag.py","lineno":593}
{"timestamp":"2026-02-23T04:33:40.480014Z","level":"warning","event":"The `airflow.operators.python.PythonOperator` attribute is deprecated. Please use `'airflow.providers.standard.operators.python.PythonOperator'`.","category":"DeprecatedImportWarning","filename":"/opt/airflow/dags/hello_world_dag.py","lineno":4,"logger":"py.warnings"}
{"timestamp":"2026-02-23T04:33:40.480126Z","level":"warning","event":"The `airflow.operators.empty.EmptyOperator` attribute is deprecated. Please use `'airflow.providers.standard.operators.empty.EmptyOperator'`.","category":"DeprecatedImportWarning","filename":"/opt/airflow/dags/hello_world_dag.py","lineno":5,"logger":"py.warnings"}
{"timestamp":"2026-02-23T04:33:40.480190Z","level":"warning","event":"The `airflow.utils.timezone.datetime` attribute is deprecated. Please use `'airflow.sdk.timezone.datetime'`.","category":"DeprecatedImportWarning","filename":"/opt/airflow/dags/hello_world_dag.py","lineno":27,"logger":"py.warnings"}
{"timestamp":"2026-02-23T04:34:10.993280Z","level":"info","event":"Filling up the DagBag from /opt/airflow/dags/hello_world_dag.py","logger":"airflow.models.dagbag.BundleDagBag","filename":"dagbag.py","lineno":593}
{"timestamp":"2026-02-23T04:34:11.009128Z","level":"warning","event":"The `airflow.operators.python.PythonOperator` attribute is deprecated. Please use `'airflow.providers.standard.operators.python.PythonOperator'`.","category":"DeprecatedImportWarning","filename":"/opt/airflow/dags/hello_world_dag.py","lineno":4,"logger":"py.warnings"}
{"timestamp":"2026-02-23T04:34:11.010076Z","level":"warning","event":"The `airflow.operators.empty.EmptyOperator` attribute is deprecated. Please use `'airflow.providers.standard.operators.empty.EmptyOperator'`.","category":"DeprecatedImportWarning","filename":"/opt/airflow/dags/hello_world_dag.py","lineno":5,"logger":"py.warnings"}
{"timestamp":"2026-02-23T04:34:11.010169Z","level":"warning","event":"The `airflow.utils.timezone.datetime` attribute is deprecated. Please use `'airflow.sdk.timezone.datetime'`.","category":"DeprecatedImportWarning","filename":"/opt/airflow/dags/hello_world_dag.py","lineno":27,"logger":"py.warnings"}
{"timestamp":"2026-02-23T04:34:41.394355Z","level":"info","event":"Filling up the DagBag from /opt/airflow/dags/hello_world_dag.py","logger":"airflow.models.dagbag.BundleDagBag","filename":"dagbag.py","lineno":593}
{"timestamp":"2026-02-23T04:34:41.404289Z","level":"warning","event":"The `airflow.operators.python.PythonOperator` attribute is deprecated. Please use `'airflow.providers.standard.operators.python.PythonOperator'`.","category":"DeprecatedImportWarning","filename":"/opt/airflow/dags/hello_world_dag.py","lineno":4,"logger":"py.warnings"}
{"timestamp":"2026-02-23T04:34:41.404929Z","level":"warning","event":"The `airflow.operators.empty.EmptyOperator` attribute is deprecated. Please use `'airflow.providers.standard.operators.empty.EmptyOperator'`.","category":"DeprecatedImportWarning","filename":"/opt/airflow/dags/hello_world_dag.py","lineno":5,"logger":"py.warnings"}
{"timestamp":"2026-02-23T04:34:41.406010Z","level":"warning","event":"The `airflow.utils.timezone.datetime` attribute is deprecated. Please use `'airflow.sdk.timezone.datetime'`.","category":"DeprecatedImportWarning","filename":"/opt/airflow/dags/hello_world_dag.py","lineno":27,"logger":"py.warnings"}
{"timestamp":"2026-02-23T04:35:11.899960Z","level":"info","event":"Filling up the DagBag from /opt/airflow/dags/hello_world_dag.py","logger":"airflow.models.dagbag.BundleDagBag","filename":"dagbag.py","lineno":593}
{"timestamp":"2026-02-23T04:35:11.927657Z","level":"warning","event":"The `airflow.operators.python.PythonOperator` attribute is deprecated. Please use `'airflow.providers.standard.operators.python.PythonOperator'`.","category":"DeprecatedImportWarning","filename":"/opt/airflow/dags/hello_world_dag.py","lineno":4,"logger":"py.warnings"}
{"timestamp":"2026-02-23T04:35:11.927797Z","level":"warning","event":"The `airflow.operators.empty.EmptyOperator` attribute is deprecated. Please use `'airflow.providers.standard.operators.empty.EmptyOperator'`.","category":"DeprecatedImportWarning","filename":"/opt/airflow/dags/hello_world_dag.py","lineno":5,"logger":"py.warnings"}
{"timestamp":"2026-02-23T04:35:11.927883Z","level":"warning","event":"The `airflow.utils.timezone.datetime` attribute is deprecated. Please use `'airflow.sdk.timezone.datetime'`.","category":"DeprecatedImportWarning","filename":"/opt/airflow/dags/hello_world_dag.py","lineno":27,"logger":"py.warnings"}
{"timestamp":"2026-02-23T04:35:42.111565Z","level":"info","event":"Filling up the DagBag from /opt/airflow/dags/hello_world_dag.py","logger":"airflow.models.dagbag.BundleDagBag","filename":"dagbag.py","lineno":593}
{"timestamp":"2026-02-23T04:35:42.132418Z","level":"warning","event":"The `airflow.operators.python.PythonOperator` attribute is deprecated. Please use `'airflow.providers.standard.operators.python.PythonOperator'`.","category":"DeprecatedImportWarning","filename":"/opt/airflow/dags/hello_world_dag.py","lineno":4,"logger":"py.warnings"}
{"timestamp":"2026-02-23T04:35:42.132547Z","level":"warning","event":"The `airflow.operators.empty.EmptyOperator` attribute is deprecated. Please use `'airflow.providers.standard.operators.empty.EmptyOperator'`.","category":"DeprecatedImportWarning","filename":"/opt/airflow/dags/hello_world_dag.py","lineno":5,"logger":"py.warnings"}
{"timestamp":"2026-02-23T04:35:42.132612Z","level":"warning","event":"The `airflow.utils.timezone.datetime` attribute is deprecated. Please use `'airflow.sdk.timezone.datetime'`.","category":"DeprecatedImportWarning","filename":"/opt/airflow/dags/hello_world_dag.py","lineno":27,"logger":"py.warnings"}
{"timestamp":"2026-02-23T04:36:12.821924Z","level":"info","event":"Filling up the DagBag from /opt/airflow/dags/hello_world_dag.py","logger":"airflow.models.dagbag.BundleDagBag","filename":"dagbag.py","lineno":593}
{"timestamp":"2026-02-23T04:36:12.847979Z","level":"warning","event":"The `airflow.operators.python.PythonOperator` attribute is deprecated. Please use `'airflow.providers.standard.operators.python.PythonOperator'`.","category":"DeprecatedImportWarning","filename":"/opt/airflow/dags/hello_world_dag.py","lineno":4,"logger":"py.warnings"}
{"timestamp":"2026-02-23T04:36:12.848096Z","level":"warning","event":"The `airflow.operators.empty.EmptyOperator` attribute is deprecated. Please use `'airflow.providers.standard.operators.empty.EmptyOperator'`.","category":"DeprecatedImportWarning","filename":"/opt/airflow/dags/hello_world_dag.py","lineno":5,"logger":"py.warnings"}
{"timestamp":"2026-02-23T04:36:12.848153Z","level":"warning","event":"The `airflow.utils.timezone.datetime` attribute is deprecated. Please use `'airflow.sdk.timezone.datetime'`.","category":"DeprecatedImportWarning","filename":"/opt/airflow/dags/hello_world_dag.py","lineno":27,"logger":"py.warnings"}
{"timestamp":"2026-02-23T04:36:43.910382Z","level":"info","event":"Filling up the DagBag from /opt/airflow/dags/hello_world_dag.py","logger":"airflow.models.dagbag.BundleDagBag","filename":"dagbag.py","lineno":593}
{"timestamp":"2026-02-23T04:36:43.928621Z","level":"warning","event":"The `airflow.operators.python.PythonOperator` attribute is deprecated. Please use `'airflow.providers.standard.operators.python.PythonOperator'`.","category":"DeprecatedImportWarning","filename":"/opt/airflow/dags/hello_world_dag.py","lineno":4,"logger":"py.warnings"}
{"timestamp":"2026-02-23T04:36:43.928815Z","level":"warning","event":"The `airflow.operators.empty.EmptyOperator` attribute is deprecated. Please use `'airflow.providers.standard.operators.empty.EmptyOperator'`.","category":"DeprecatedImportWarning","filename":"/opt/airflow/dags/hello_world_dag.py","lineno":5,"logger":"py.warnings"}
{"timestamp":"2026-02-23T04:36:43.928909Z","level":"warning","event":"The `airflow.utils.timezone.datetime` attribute is deprecated. Please use `'airflow.sdk.timezone.datetime'`.","category":"DeprecatedImportWarning","filename":"/opt/airflow/dags/hello_world_dag.py","lineno":27,"logger":"py.warnings"}
{"timestamp":"2026-02-23T04:37:14.788526Z","level":"info","event":"Filling up the DagBag from /opt/airflow/dags/hello_world_dag.py","logger":"airflow.models.dagbag.BundleDagBag","filename":"dagbag.py","lineno":593}
{"timestamp":"2026-02-23T04:37:14.806281Z","level":"warning","event":"The `airflow.operators.python.PythonOperator` attribute is deprecated. Please use `'airflow.providers.standard.operators.python.PythonOperator'`.","category":"DeprecatedImportWarning","filename":"/opt/airflow/dags/hello_world_dag.py","lineno":4,"logger":"py.warnings"}
{"timestamp":"2026-02-23T04:37:14.806447Z","level":"warning","event":"The `airflow.operators.empty.EmptyOperator` attribute is deprecated. Please use `'airflow.providers.standard.operators.empty.EmptyOperator'`.","category":"DeprecatedImportWarning","filename":"/opt/airflow/dags/hello_world_dag.py","lineno":5,"logger":"py.warnings"}
{"timestamp":"2026-02-23T04:37:14.806521Z","level":"warning","event":"The `airflow.utils.timezone.datetime` attribute is deprecated. Please use `'airflow.sdk.timezone.datetime'`.","category":"DeprecatedImportWarning","filename":"/opt/airflow/dags/hello_world_dag.py","lineno":27,"logger":"py.warnings"}
{"timestamp":"2026-02-23T04:37:45.483867Z","level":"info","event":"Filling up the DagBag from /opt/airflow/dags/hello_world_dag.py","logger":"airflow.models.dagbag.BundleDagBag","filename":"dagbag.py","lineno":593}
{"timestamp":"2026-02-23T04:37:45.496087Z","level":"warning","event":"The `airflow.operators.python.PythonOperator` attribute is deprecated. Please use `'airflow.providers.standard.operators.python.PythonOperator'`.","category":"DeprecatedImportWarning","filename":"/opt/airflow/dags/hello_world_dag.py","lineno":4,"logger":"py.warnings"}
{"timestamp":"2026-02-23T04:37:45.496216Z","level":"warning","event":"The `airflow.operators.empty.EmptyOperator` attribute is deprecated. Please use `'airflow.providers.standard.operators.empty.EmptyOperator'`.","category":"DeprecatedImportWarning","filename":"/opt/airflow/dags/hello_world_dag.py","lineno":5,"logger":"py.warnings"}
{"timestamp":"2026-02-23T04:37:45.496298Z","level":"warning","event":"The `airflow.utils.timezone.datetime` attribute is deprecated. Please use `'airflow.sdk.timezone.datetime'`.","category":"DeprecatedImportWarning","filename":"/opt/airflow/dags/hello_world_dag.py","lineno":27,"logger":"py.warnings"}
{"timestamp":"2026-02-23T04:38:15.742981Z","level":"info","event":"Filling up the DagBag from /opt/airflow/dags/hello_world_dag.py","logger":"airflow.models.dagbag.BundleDagBag","filename":"dagbag.py","lineno":593}
{"timestamp":"2026-02-23T04:38:15.773792Z","level":"warning","event":"The `airflow.operators.python.PythonOperator` attribute is deprecated. Please use `'airflow.providers.standard.operators.python.PythonOperator'`.","category":"DeprecatedImportWarning","filename":"/opt/airflow/dags/hello_world_dag.py","lineno":4,"logger":"py.warnings"}
{"timestamp":"2026-02-23T04:38:15.773990Z","level":"warning","event":"The `airflow.operators.empty.EmptyOperator` attribute is deprecated. Please use `'airflow.providers.standard.operators.empty.EmptyOperator'`.","category":"DeprecatedImportWarning","filename":"/opt/airflow/dags/hello_world_dag.py","lineno":5,"logger":"py.warnings"}
{"timestamp":"2026-02-23T04:38:15.774095Z","level":"warning","event":"The `airflow.utils.timezone.datetime` attribute is deprecated. Please use `'airflow.sdk.timezone.datetime'`.","category":"DeprecatedImportWarning","filename":"/opt/airflow/dags/hello_world_dag.py","lineno":27,"logger":"py.warnings"}
{"timestamp":"2026-02-23T04:38:46.823937Z","level":"info","event":"Filling up the DagBag from /opt/airflow/dags/hello_world_dag.py","logger":"airflow.models.dagbag.BundleDagBag","filename":"dagbag.py","lineno":593}
{"timestamp":"2026-02-23T04:38:46.840216Z","level":"warning","event":"The `airflow.operators.python.PythonOperator` attribute is deprecated. Please use `'airflow.providers.standard.operators.python.PythonOperator'`.","category":"DeprecatedImportWarning","filename":"/opt/airflow/dags/hello_world_dag.py","lineno":4,"logger":"py.warnings"}
{"timestamp":"2026-02-23T04:38:46.840338Z","level":"warning","event":"The `airflow.operators.empty.EmptyOperator` attribute is deprecated. Please use `'airflow.providers.standard.operators.empty.EmptyOperator'`.","category":"DeprecatedImportWarning","filename":"/opt/airflow/dags/hello_world_dag.py","lineno":5,"logger":"py.warnings"}
{"timestamp":"2026-02-23T04:38:46.840403Z","level":"warning","event":"The `airflow.utils.timezone.datetime` attribute is deprecated. Please use `'airflow.sdk.timezone.datetime'`.","category":"DeprecatedImportWarning","filename":"/opt/airflow/dags/hello_world_dag.py","lineno":27,"logger":"py.warnings"}
{"timestamp":"2026-02-23T04:39:17.397234Z","level":"info","event":"Filling up the DagBag from /opt/airflow/dags/hello_world_dag.py","logger":"airflow.models.dagbag.BundleDagBag","filename":"dagbag.py","lineno":593}
{"timestamp":"2026-02-23T04:39:17.428473Z","level":"warning","event":"The `airflow.operators.python.PythonOperator` attribute is deprecated. Please use `'airflow.providers.standard.operators.python.PythonOperator'`.","category":"DeprecatedImportWarning","filename":"/opt/airflow/dags/hello_world_dag.py","lineno":4,"logger":"py.warnings"}
{"timestamp":"2026-02-23T04:39:17.428685Z","level":"warning","event":"The `airflow.operators.empty.EmptyOperator` attribute is deprecated. Please use `'airflow.providers.standard.operators.empty.EmptyOperator'`.","category":"DeprecatedImportWarning","filename":"/opt/airflow/dags/hello_world_dag.py","lineno":5,"logger":"py.warnings"}
{"timestamp":"2026-02-23T04:39:17.428793Z","level":"warning","event":"The `airflow.utils.timezone.datetime` attribute is deprecated. Please use `'airflow.sdk.timezone.datetime'`.","category":"DeprecatedImportWarning","filename":"/opt/airflow/dags/hello_world_dag.py","lineno":27,"logger":"py.warnings"}
{"timestamp":"2026-02-23T04:39:48.061158Z","level":"info","event":"Filling up the DagBag from /opt/airflow/dags/hello_world_dag.py","logger":"airflow.models.dagbag.BundleDagBag","filename":"dagbag.py","lineno":593}
{"timestamp":"2026-02-23T04:39:48.071764Z","level":"warning","event":"The `airflow.operators.python.PythonOperator` attribute is deprecated. Please use `'airflow.providers.standard.operators.python.PythonOperator'`.","category":"DeprecatedImportWarning","filename":"/opt/airflow/dags/hello_world_dag.py","lineno":4,"logger":"py.warnings"}
{"timestamp":"2026-02-23T04:39:48.071851Z","level":"warning","event":"The `airflow.operators.empty.EmptyOperator` attribute is deprecated. Please use `'airflow.providers.standard.operators.empty.EmptyOperator'`.","category":"DeprecatedImportWarning","filename":"/opt/airflow/dags/hello_world_dag.py","lineno":5,"logger":"py.warnings"}
{"timestamp":"2026-02-23T04:39:48.071903Z","level":"warning","event":"The `airflow.utils.timezone.datetime` attribute is deprecated. Please use `'airflow.sdk.timezone.datetime'`.","category":"DeprecatedImportWarning","filename":"/opt/airflow/dags/hello_world_dag.py","lineno":27,"logger":"py.warnings"}
{"timestamp":"2026-02-23T04:40:18.706897Z","level":"info","event":"Filling up the DagBag from /opt/airflow/dags/hello_world_dag.py","logger":"airflow.models.dagbag.BundleDagBag","filename":"dagbag.py","lineno":593}
{"timestamp":"2026-02-23T04:40:18.716969Z","level":"warning","event":"The `airflow.operators.python.PythonOperator` attribute is deprecated. Please use `'airflow.providers.standard.operators.python.PythonOperator'`.","category":"DeprecatedImportWarning","filename":"/opt/airflow/dags/hello_world_dag.py","lineno":4,"logger":"py.warnings"}
{"timestamp":"2026-02-23T04:40:18.717533Z","level":"warning","event":"The `airflow.operators.empty.EmptyOperator` attribute is deprecated. Please use `'airflow.providers.standard.operators.empty.EmptyOperator'`.","category":"DeprecatedImportWarning","filename":"/opt/airflow/dags/hello_world_dag.py","lineno":5,"logger":"py.warnings"}
{"timestamp":"2026-02-23T04:40:18.718171Z","level":"warning","event":"The `airflow.utils.timezone.datetime` attribute is deprecated. Please use `'airflow.sdk.timezone.datetime'`.","category":"DeprecatedImportWarning","filename":"/opt/airflow/dags/hello_world_dag.py","lineno":27,"logger":"py.warnings"}
{"timestamp":"2026-02-23T04:40:49.125897Z","level":"info","event":"Filling up the DagBag from /opt/airflow/dags/hello_world_dag.py","logger":"airflow.models.dagbag.BundleDagBag","filename":"dagbag.py","lineno":593}
{"timestamp":"2026-02-23T04:40:49.137280Z","level":"warning","event":"The `airflow.operators.python.PythonOperator` attribute is deprecated. Please use `'airflow.providers.standard.operators.python.PythonOperator'`.","category":"DeprecatedImportWarning","filename":"/opt/airflow/dags/hello_world_dag.py","lineno":4,"logger":"py.warnings"}
{"timestamp":"2026-02-23T04:40:49.137372Z","level":"warning","event":"The `airflow.operators.empty.EmptyOperator` attribute is deprecated. Please use `'airflow.providers.standard.operators.empty.EmptyOperator'`.","category":"DeprecatedImportWarning","filename":"/opt/airflow/dags/hello_world_dag.py","lineno":5,"logger":"py.warnings"}
{"timestamp":"2026-02-23T04:40:49.137427Z","level":"warning","event":"The `airflow.utils.timezone.datetime` attribute is deprecated. Please use `'airflow.sdk.timezone.datetime'`.","category":"DeprecatedImportWarning","filename":"/opt/airflow/dags/hello_world_dag.py","lineno":27,"logger":"py.warnings"}
{"timestamp":"2026-02-23T04:41:19.747386Z","level":"info","event":"Filling up the DagBag from /opt/airflow/dags/hello_world_dag.py","logger":"airflow.models.dagbag.BundleDagBag","filename":"dagbag.py","lineno":593}
{"timestamp":"2026-02-23T04:41:19.763634Z","level":"warning","event":"The `airflow.operators.python.PythonOperator` attribute is deprecated. Please use `'airflow.providers.standard.operators.python.PythonOperator'`.","category":"DeprecatedImportWarning","filename":"/opt/airflow/dags/hello_world_dag.py","lineno":4,"logger":"py.warnings"}
{"timestamp":"2026-02-23T04:41:19.764441Z","level":"warning","event":"The `airflow.operators.empty.EmptyOperator` attribute is deprecated. Please use `'airflow.providers.standard.operators.empty.EmptyOperator'`.","category":"DeprecatedImportWarning","filename":"/opt/airflow/dags/hello_world_dag.py","lineno":5,"logger":"py.warnings"}
{"timestamp":"2026-02-23T04:41:19.764992Z","level":"warning","event":"The `airflow.utils.timezone.datetime` attribute is deprecated. Please use `'airflow.sdk.timezone.datetime'`.","category":"DeprecatedImportWarning","filename":"/opt/airflow/dags/hello_world_dag.py","lineno":27,"logger":"py.warnings"}
{"timestamp":"2026-02-23T04:41:50.164161Z","level":"info","event":"Filling up the DagBag from /opt/airflow/dags/hello_world_dag.py","logger":"airflow.models.dagbag.BundleDagBag","filename":"dagbag.py","lineno":593}
{"timestamp":"2026-02-23T04:41:50.187963Z","level":"warning","event":"The `airflow.operators.python.PythonOperator` attribute is deprecated. Please use `'airflow.providers.standard.operators.python.PythonOperator'`.","category":"DeprecatedImportWarning","filename":"/opt/airflow/dags/hello_world_dag.py","lineno":4,"logger":"py.warnings"}
{"timestamp":"2026-02-23T04:41:50.188074Z","level":"warning","event":"The `airflow.operators.empty.EmptyOperator` attribute is deprecated. Please use `'airflow.providers.standard.operators.empty.EmptyOperator'`.","category":"DeprecatedImportWarning","filename":"/opt/airflow/dags/hello_world_dag.py","lineno":5,"logger":"py.warnings"}
{"timestamp":"2026-02-23T04:41:50.188166Z","level":"warning","event":"The `airflow.utils.timezone.datetime` attribute is deprecated. Please use `'airflow.sdk.timezone.datetime'`.","category":"DeprecatedImportWarning","filename":"/opt/airflow/dags/hello_world_dag.py","lineno":27,"logger":"py.warnings"}
{"timestamp":"2026-02-23T04:42:20.760979Z","level":"info","event":"Filling up the DagBag from /opt/airflow/dags/hello_world_dag.py","logger":"airflow.models.dagbag.BundleDagBag","filename":"dagbag.py","lineno":593}
{"timestamp":"2026-02-23T04:42:20.777766Z","level":"warning","event":"The `airflow.operators.python.PythonOperator` attribute is deprecated. Please use `'airflow.providers.standard.operators.python.PythonOperator'`.","category":"DeprecatedImportWarning","filename":"/opt/airflow/dags/hello_world_dag.py","lineno":4,"logger":"py.warnings"}
{"timestamp":"2026-02-23T04:42:20.777886Z","level":"warning","event":"The `airflow.operators.empty.EmptyOperator` attribute is deprecated. Please use `'airflow.providers.standard.operators.empty.EmptyOperator'`.","category":"DeprecatedImportWarning","filename":"/opt/airflow/dags/hello_world_dag.py","lineno":5,"logger":"py.warnings"}
{"timestamp":"2026-02-23T04:42:20.777980Z","level":"warning","event":"The `airflow.utils.timezone.datetime` attribute is deprecated. Please use `'airflow.sdk.timezone.datetime'`.","category":"DeprecatedImportWarning","filename":"/opt/airflow/dags/hello_world_dag.py","lineno":27,"logger":"py.warnings"}
{"timestamp":"2026-02-23T04:42:51.170864Z","level":"info","event":"Filling up the DagBag from /opt/airflow/dags/hello_world_dag.py","logger":"airflow.models.dagbag.BundleDagBag","filename":"dagbag.py","lineno":593}
{"timestamp":"2026-02-23T04:42:51.182447Z","level":"warning","event":"The `airflow.operators.python.PythonOperator` attribute is deprecated. Please use `'airflow.providers.standard.operators.python.PythonOperator'`.","category":"DeprecatedImportWarning","filename":"/opt/airflow/dags/hello_world_dag.py","lineno":4,"logger":"py.warnings"}
{"timestamp":"2026-02-23T04:42:51.182552Z","level":"warning","event":"The `airflow.operators.empty.EmptyOperator` attribute is deprecated. Please use `'airflow.providers.standard.operators.empty.EmptyOperator'`.","category":"DeprecatedImportWarning","filename":"/opt/airflow/dags/hello_world_dag.py","lineno":5,"logger":"py.warnings"}
{"timestamp":"2026-02-23T04:42:51.182614Z","level":"warning","event":"The `airflow.utils.timezone.datetime` attribute is deprecated. Please use `'airflow.sdk.timezone.datetime'`.","category":"DeprecatedImportWarning","filename":"/opt/airflow/dags/hello_world_dag.py","lineno":27,"logger":"py.warnings"}
{"timestamp":"2026-02-23T04:43:21.608115Z","level":"info","event":"Filling up the DagBag from /opt/airflow/dags/hello_world_dag.py","logger":"airflow.models.dagbag.BundleDagBag","filename":"dagbag.py","lineno":593}
{"timestamp":"2026-02-23T04:43:21.619299Z","level":"warning","event":"The `airflow.operators.python.PythonOperator` attribute is deprecated. Please use `'airflow.providers.standard.operators.python.PythonOperator'`.","category":"DeprecatedImportWarning","filename":"/opt/airflow/dags/hello_world_dag.py","lineno":4,"logger":"py.warnings"}
{"timestamp":"2026-02-23T04:43:21.619389Z","level":"warning","event":"The `airflow.operators.empty.EmptyOperator` attribute is deprecated. Please use `'airflow.providers.standard.operators.empty.EmptyOperator'`.","category":"DeprecatedImportWarning","filename":"/opt/airflow/dags/hello_world_dag.py","lineno":5,"logger":"py.warnings"}
{"timestamp":"2026-02-23T04:43:21.619818Z","level":"warning","event":"The `airflow.utils.timezone.datetime` attribute is deprecated. Please use `'airflow.sdk.timezone.datetime'`.","category":"DeprecatedImportWarning","filename":"/opt/airflow/dags/hello_world_dag.py","lineno":27,"logger":"py.warnings"}
{"timestamp":"2026-02-23T04:43:52.366903Z","level":"info","event":"Filling up the DagBag from /opt/airflow/dags/hello_world_dag.py","logger":"airflow.models.dagbag.BundleDagBag","filename":"dagbag.py","lineno":593}
{"timestamp":"2026-02-23T04:43:52.384867Z","level":"warning","event":"The `airflow.operators.python.PythonOperator` attribute is deprecated. Please use `'airflow.providers.standard.operators.python.PythonOperator'`.","category":"DeprecatedImportWarning","filename":"/opt/airflow/dags/hello_world_dag.py","lineno":4,"logger":"py.warnings"}
{"timestamp":"2026-02-23T04:43:52.385388Z","level":"warning","event":"The `airflow.operators.empty.EmptyOperator` attribute is deprecated. Please use `'airflow.providers.standard.operators.empty.EmptyOperator'`.","category":"DeprecatedImportWarning","filename":"/opt/airflow/dags/hello_world_dag.py","lineno":5,"logger":"py.warnings"}
{"timestamp":"2026-02-23T04:43:52.385907Z","level":"warning","event":"The `airflow.utils.timezone.datetime` attribute is deprecated. Please use `'airflow.sdk.timezone.datetime'`.","category":"DeprecatedImportWarning","filename":"/opt/airflow/dags/hello_world_dag.py","lineno":27,"logger":"py.warnings"}
{"timestamp":"2026-02-23T04:44:23.117538Z","level":"info","event":"Filling up the DagBag from /opt/airflow/dags/hello_world_dag.py","logger":"airflow.models.dagbag.BundleDagBag","filename":"dagbag.py","lineno":593}
{"timestamp":"2026-02-23T04:44:23.137306Z","level":"warning","event":"The `airflow.operators.python.PythonOperator` attribute is deprecated. Please use `'airflow.providers.standard.operators.python.PythonOperator'`.","category":"DeprecatedImportWarning","filename":"/opt/airflow/dags/hello_world_dag.py","lineno":4,"logger":"py.warnings"}
{"timestamp":"2026-02-23T04:44:23.137451Z","level":"warning","event":"The `airflow.operators.empty.EmptyOperator` attribute is deprecated. Please use `'airflow.providers.standard.operators.empty.EmptyOperator'`.","category":"DeprecatedImportWarning","filename":"/opt/airflow/dags/hello_world_dag.py","lineno":5,"logger":"py.warnings"}
{"timestamp":"2026-02-23T04:44:23.138116Z","level":"warning","event":"The `airflow.utils.timezone.datetime` attribute is deprecated. Please use `'airflow.sdk.timezone.datetime'`.","category":"DeprecatedImportWarning","filename":"/opt/airflow/dags/hello_world_dag.py","lineno":27,"logger":"py.warnings"}
{"timestamp":"2026-02-23T04:44:53.932299Z","level":"info","event":"Filling up the DagBag from /opt/airflow/dags/hello_world_dag.py","logger":"airflow.models.dagbag.BundleDagBag","filename":"dagbag.py","lineno":593}
{"timestamp":"2026-02-23T04:44:53.958223Z","level":"warning","event":"The `airflow.operators.python.PythonOperator` attribute is deprecated. Please use `'airflow.providers.standard.operators.python.PythonOperator'`.","category":"DeprecatedImportWarning","filename":"/opt/airflow/dags/hello_world_dag.py","lineno":4,"logger":"py.warnings"}
{"timestamp":"2026-02-23T04:44:53.958600Z","level":"warning","event":"The `airflow.operators.empty.EmptyOperator` attribute is deprecated. Please use `'airflow.providers.standard.operators.empty.EmptyOperator'`.","category":"DeprecatedImportWarning","filename":"/opt/airflow/dags/hello_world_dag.py","lineno":5,"logger":"py.warnings"}
{"timestamp":"2026-02-23T04:44:53.958700Z","level":"warning","event":"The `airflow.utils.timezone.datetime` attribute is deprecated. Please use `'airflow.sdk.timezone.datetime'`.","category":"DeprecatedImportWarning","filename":"/opt/airflow/dags/hello_world_dag.py","lineno":27,"logger":"py.warnings"}
{"timestamp":"2026-02-23T04:45:25.002418Z","level":"info","event":"Filling up the DagBag from /opt/airflow/dags/hello_world_dag.py","logger":"airflow.models.dagbag.BundleDagBag","filename":"dagbag.py","lineno":593}
{"timestamp":"2026-02-23T04:45:25.028461Z","level":"warning","event":"The `airflow.operators.python.PythonOperator` attribute is deprecated. Please use `'airflow.providers.standard.operators.python.PythonOperator'`.","category":"DeprecatedImportWarning","filename":"/opt/airflow/dags/hello_world_dag.py","lineno":4,"logger":"py.warnings"}
{"timestamp":"2026-02-23T04:45:25.028594Z","level":"warning","event":"The `airflow.operators.empty.EmptyOperator` attribute is deprecated. Please use `'airflow.providers.standard.operators.empty.EmptyOperator'`.","category":"DeprecatedImportWarning","filename":"/opt/airflow/dags/hello_world_dag.py","lineno":5,"logger":"py.warnings"}
{"timestamp":"2026-02-23T04:45:25.028670Z","level":"warning","event":"The `airflow.utils.timezone.datetime` attribute is deprecated. Please use `'airflow.sdk.timezone.datetime'`.","category":"DeprecatedImportWarning","filename":"/opt/airflow/dags/hello_world_dag.py","lineno":27,"logger":"py.warnings"}
{"timestamp":"2026-02-23T04:45:55.788767Z","level":"info","event":"Filling up the DagBag from /opt/airflow/dags/hello_world_dag.py","logger":"airflow.models.dagbag.BundleDagBag","filename":"dagbag.py","lineno":593}
{"timestamp":"2026-02-23T04:45:55.809417Z","level":"warning","event":"The `airflow.operators.python.PythonOperator` attribute is deprecated. Please use `'airflow.providers.standard.operators.python.PythonOperator'`.","category":"DeprecatedImportWarning","filename":"/opt/airflow/dags/hello_world_dag.py","lineno":4,"logger":"py.warnings"}
{"timestamp":"2026-02-23T04:45:55.809517Z","level":"warning","event":"The `airflow.operators.empty.EmptyOperator` attribute is deprecated. Please use `'airflow.providers.standard.operators.empty.EmptyOperator'`.","category":"DeprecatedImportWarning","filename":"/opt/airflow/dags/hello_world_dag.py","lineno":5,"logger":"py.warnings"}
{"timestamp":"2026-02-23T04:45:55.809578Z","level":"warning","event":"The `airflow.utils.timezone.datetime` attribute is deprecated. Please use `'airflow.sdk.timezone.datetime'`.","category":"DeprecatedImportWarning","filename":"/opt/airflow/dags/hello_world_dag.py","lineno":27,"logger":"py.warnings"}
{"timestamp":"2026-02-23T04:46:26.388548Z","level":"info","event":"Filling up the DagBag from /opt/airflow/dags/hello_world_dag.py","logger":"airflow.models.dagbag.BundleDagBag","filename":"dagbag.py","lineno":593}
{"timestamp":"2026-02-23T04:46:26.399546Z","level":"warning","event":"The `airflow.operators.python.PythonOperator` attribute is deprecated. Please use `'airflow.providers.standard.operators.python.PythonOperator'`.","category":"DeprecatedImportWarning","filename":"/opt/airflow/dags/hello_world_dag.py","lineno":4,"logger":"py.warnings"}
{"timestamp":"2026-02-23T04:46:26.399646Z","level":"warning","event":"The `airflow.operators.empty.EmptyOperator` attribute is deprecated. Please use `'airflow.providers.standard.operators.empty.EmptyOperator'`.","category":"DeprecatedImportWarning","filename":"/opt/airflow/dags/hello_world_dag.py","lineno":5,"logger":"py.warnings"}
{"timestamp":"2026-02-23T04:46:26.399713Z","level":"warning","event":"The `airflow.utils.timezone.datetime` attribute is deprecated. Please use `'airflow.sdk.timezone.datetime'`.","category":"DeprecatedImportWarning","filename":"/opt/airflow/dags/hello_world_dag.py","lineno":27,"logger":"py.warnings"}
{"timestamp":"2026-02-23T04:46:56.809401Z","level":"info","event":"Filling up the DagBag from /opt/airflow/dags/hello_world_dag.py","logger":"airflow.models.dagbag.BundleDagBag","filename":"dagbag.py","lineno":593}
{"timestamp":"2026-02-23T04:46:56.820125Z","level":"warning","event":"The `airflow.operators.python.PythonOperator` attribute is deprecated. Please use `'airflow.providers.standard.operators.python.PythonOperator'`.","category":"DeprecatedImportWarning","filename":"/opt/airflow/dags/hello_world_dag.py","lineno":4,"logger":"py.warnings"}
{"timestamp":"2026-02-23T04:46:56.820264Z","level":"warning","event":"The `airflow.operators.empty.EmptyOperator` attribute is deprecated. Please use `'airflow.providers.standard.operators.empty.EmptyOperator'`.","category":"DeprecatedImportWarning","filename":"/opt/airflow/dags/hello_world_dag.py","lineno":5,"logger":"py.warnings"}
{"timestamp":"2026-02-23T04:46:56.820353Z","level":"warning","event":"The `airflow.utils.timezone.datetime` attribute is deprecated. Please use `'airflow.sdk.timezone.datetime'`.","category":"DeprecatedImportWarning","filename":"/opt/airflow/dags/hello_world_dag.py","lineno":27,"logger":"py.warnings"}
{"timestamp":"2026-02-23T04:47:27.017982Z","level":"info","event":"Filling up the DagBag from /opt/airflow/dags/hello_world_dag.py","logger":"airflow.models.dagbag.BundleDagBag","filename":"dagbag.py","lineno":593}
{"timestamp":"2026-02-23T04:47:27.026170Z","level":"warning","event":"The `airflow.operators.python.PythonOperator` attribute is deprecated. Please use `'airflow.providers.standard.operators.python.PythonOperator'`.","category":"DeprecatedImportWarning","filename":"/opt/airflow/dags/hello_world_dag.py","lineno":4,"logger":"py.warnings"}
{"timestamp":"2026-02-23T04:47:27.026255Z","level":"warning","event":"The `airflow.operators.empty.EmptyOperator` attribute is deprecated. Please use `'airflow.providers.standard.operators.empty.EmptyOperator'`.","category":"DeprecatedImportWarning","filename":"/opt/airflow/dags/hello_world_dag.py","lineno":5,"logger":"py.warnings"}
{"timestamp":"2026-02-23T04:47:27.026308Z","level":"warning","event":"The `airflow.utils.timezone.datetime` attribute is deprecated. Please use `'airflow.sdk.timezone.datetime'`.","category":"DeprecatedImportWarning","filename":"/opt/airflow/dags/hello_world_dag.py","lineno":27,"logger":"py.warnings"}
{"timestamp":"2026-02-23T04:47:57.258865Z","level":"info","event":"Filling up the DagBag from /opt/airflow/dags/hello_world_dag.py","logger":"airflow.models.dagbag.BundleDagBag","filename":"dagbag.py","lineno":593}
{"timestamp":"2026-02-23T04:47:57.268871Z","level":"warning","event":"The `airflow.operators.python.PythonOperator` attribute is deprecated. Please use `'airflow.providers.standard.operators.python.PythonOperator'`.","category":"DeprecatedImportWarning","filename":"/opt/airflow/dags/hello_world_dag.py","lineno":4,"logger":"py.warnings"}
{"timestamp":"2026-02-23T04:47:57.268987Z","level":"warning","event":"The `airflow.operators.empty.EmptyOperator` attribute is deprecated. Please use `'airflow.providers.standard.operators.empty.EmptyOperator'`.","category":"DeprecatedImportWarning","filename":"/opt/airflow/dags/hello_world_dag.py","lineno":5,"logger":"py.warnings"}
{"timestamp":"2026-02-23T04:47:57.269037Z","level":"warning","event":"The `airflow.utils.timezone.datetime` attribute is deprecated. Please use `'airflow.sdk.timezone.datetime'`.","category":"DeprecatedImportWarning","filename":"/opt/airflow/dags/hello_world_dag.py","lineno":27,"logger":"py.warnings"}
{"timestamp":"2026-02-23T04:48:27.526012Z","level":"info","event":"Filling up the DagBag from /opt/airflow/dags/hello_world_dag.py","logger":"airflow.models.dagbag.BundleDagBag","filename":"dagbag.py","lineno":593}
{"timestamp":"2026-02-23T04:48:27.535716Z","level":"warning","event":"The `airflow.operators.python.PythonOperator` attribute is deprecated. Please use `'airflow.providers.standard.operators.python.PythonOperator'`.","category":"DeprecatedImportWarning","filename":"/opt/airflow/dags/hello_world_dag.py","lineno":4,"logger":"py.warnings"}
{"timestamp":"2026-02-23T04:48:27.536404Z","level":"warning","event":"The `airflow.operators.empty.EmptyOperator` attribute is deprecated. Please use `'airflow.providers.standard.operators.empty.EmptyOperator'`.","category":"DeprecatedImportWarning","filename":"/opt/airflow/dags/hello_world_dag.py","lineno":5,"logger":"py.warnings"}
{"timestamp":"2026-02-23T04:48:27.536488Z","level":"warning","event":"The `airflow.utils.timezone.datetime` attribute is deprecated. Please use `'airflow.sdk.timezone.datetime'`.","category":"DeprecatedImportWarning","filename":"/opt/airflow/dags/hello_world_dag.py","lineno":27,"logger":"py.warnings"}
{"timestamp":"2026-02-23T04:48:57.789940Z","level":"info","event":"Filling up the DagBag from /opt/airflow/dags/hello_world_dag.py","logger":"airflow.models.dagbag.BundleDagBag","filename":"dagbag.py","lineno":593}
{"timestamp":"2026-02-23T04:48:57.801281Z","level":"warning","event":"The `airflow.operators.python.PythonOperator` attribute is deprecated. Please use `'airflow.providers.standard.operators.python.PythonOperator'`.","category":"DeprecatedImportWarning","filename":"/opt/airflow/dags/hello_world_dag.py","lineno":4,"logger":"py.warnings"}
{"timestamp":"2026-02-23T04:48:57.801429Z","level":"warning","event":"The `airflow.operators.empty.EmptyOperator` attribute is deprecated. Please use `'airflow.providers.standard.operators.empty.EmptyOperator'`.","category":"DeprecatedImportWarning","filename":"/opt/airflow/dags/hello_world_dag.py","lineno":5,"logger":"py.warnings"}
{"timestamp":"2026-02-23T04:48:57.801482Z","level":"warning","event":"The `airflow.utils.timezone.datetime` attribute is deprecated. Please use `'airflow.sdk.timezone.datetime'`.","category":"DeprecatedImportWarning","filename":"/opt/airflow/dags/hello_world_dag.py","lineno":27,"logger":"py.warnings"}
{"timestamp":"2026-02-23T04:49:28.323606Z","level":"info","event":"Filling up the DagBag from /opt/airflow/dags/hello_world_dag.py","logger":"airflow.models.dagbag.BundleDagBag","filename":"dagbag.py","lineno":593}
{"timestamp":"2026-02-23T04:49:28.340526Z","level":"warning","event":"The `airflow.operators.python.PythonOperator` attribute is deprecated. Please use `'airflow.providers.standard.operators.python.PythonOperator'`.","category":"DeprecatedImportWarning","filename":"/opt/airflow/dags/hello_world_dag.py","lineno":4,"logger":"py.warnings"}
{"timestamp":"2026-02-23T04:49:28.340637Z","level":"warning","event":"The `airflow.operators.empty.EmptyOperator` attribute is deprecated. Please use `'airflow.providers.standard.operators.empty.EmptyOperator'`.","category":"DeprecatedImportWarning","filename":"/opt/airflow/dags/hello_world_dag.py","lineno":5,"logger":"py.warnings"}
{"timestamp":"2026-02-23T04:49:28.340707Z","level":"warning","event":"The `airflow.utils.timezone.datetime` attribute is deprecated. Please use `'airflow.sdk.timezone.datetime'`.","category":"DeprecatedImportWarning","filename":"/opt/airflow/dags/hello_world_dag.py","lineno":27,"logger":"py.warnings"}
{"timestamp":"2026-02-23T04:49:58.709926Z","level":"info","event":"Filling up the DagBag from /opt/airflow/dags/hello_world_dag.py","logger":"airflow.models.dagbag.BundleDagBag","filename":"dagbag.py","lineno":593}
{"timestamp":"2026-02-23T04:49:58.718859Z","level":"warning","event":"The `airflow.operators.python.PythonOperator` attribute is deprecated. Please use `'airflow.providers.standard.operators.python.PythonOperator'`.","category":"DeprecatedImportWarning","filename":"/opt/airflow/dags/hello_world_dag.py","lineno":4,"logger":"py.warnings"}
{"timestamp":"2026-02-23T04:49:58.718969Z","level":"warning","event":"The `airflow.operators.empty.EmptyOperator` attribute is deprecated. Please use `'airflow.providers.standard.operators.empty.EmptyOperator'`.","category":"DeprecatedImportWarning","filename":"/opt/airflow/dags/hello_world_dag.py","lineno":5,"logger":"py.warnings"}
{"timestamp":"2026-02-23T04:49:58.719018Z","level":"warning","event":"The `airflow.utils.timezone.datetime` attribute is deprecated. Please use `'airflow.sdk.timezone.datetime'`.","category":"DeprecatedImportWarning","filename":"/opt/airflow/dags/hello_world_dag.py","lineno":27,"logger":"py.warnings"}
{"timestamp":"2026-02-23T04:50:29.131262Z","level":"info","event":"Filling up the DagBag from /opt/airflow/dags/hello_world_dag.py","logger":"airflow.models.dagbag.BundleDagBag","filename":"dagbag.py","lineno":593}
{"timestamp":"2026-02-23T04:50:29.160066Z","level":"warning","event":"The `airflow.operators.python.PythonOperator` attribute is deprecated. Please use `'airflow.providers.standard.operators.python.PythonOperator'`.","category":"DeprecatedImportWarning","filename":"/opt/airflow/dags/hello_world_dag.py","lineno":4,"logger":"py.warnings"}
{"timestamp":"2026-02-23T04:50:29.160207Z","level":"warning","event":"The `airflow.operators.empty.EmptyOperator` attribute is deprecated. Please use `'airflow.providers.standard.operators.empty.EmptyOperator'`.","category":"DeprecatedImportWarning","filename":"/opt/airflow/dags/hello_world_dag.py","lineno":5,"logger":"py.warnings"}
{"timestamp":"2026-02-23T04:50:29.160270Z","level":"warning","event":"The `airflow.utils.timezone.datetime` attribute is deprecated. Please use `'airflow.sdk.timezone.datetime'`.","category":"DeprecatedImportWarning","filename":"/opt/airflow/dags/hello_world_dag.py","lineno":27,"logger":"py.warnings"}
{"timestamp":"2026-02-23T04:50:59.463342Z","level":"info","event":"Filling up the DagBag from /opt/airflow/dags/hello_world_dag.py","logger":"airflow.models.dagbag.BundleDagBag","filename":"dagbag.py","lineno":593}
{"timestamp":"2026-02-23T04:50:59.472446Z","level":"warning","event":"The `airflow.operators.python.PythonOperator` attribute is deprecated. Please use `'airflow.providers.standard.operators.python.PythonOperator'`.","category":"DeprecatedImportWarning","filename":"/opt/airflow/dags/hello_world_dag.py","lineno":4,"logger":"py.warnings"}
{"timestamp":"2026-02-23T04:50:59.472523Z","level":"warning","event":"The `airflow.operators.empty.EmptyOperator` attribute is deprecated. Please use `'airflow.providers.standard.operators.empty.EmptyOperator'`.","category":"DeprecatedImportWarning","filename":"/opt/airflow/dags/hello_world_dag.py","lineno":5,"logger":"py.warnings"}
{"timestamp":"2026-02-23T04:50:59.472582Z","level":"warning","event":"The `airflow.utils.timezone.datetime` attribute is deprecated. Please use `'airflow.sdk.timezone.datetime'`.","category":"DeprecatedImportWarning","filename":"/opt/airflow/dags/hello_world_dag.py","lineno":27,"logger":"py.warnings"}
{"timestamp":"2026-02-23T04:51:29.657289Z","level":"info","event":"Filling up the DagBag from /opt/airflow/dags/hello_world_dag.py","logger":"airflow.models.dagbag.BundleDagBag","filename":"dagbag.py","lineno":593}
{"timestamp":"2026-02-23T04:51:29.668989Z","level":"warning","event":"The `airflow.operators.python.PythonOperator` attribute is deprecated. Please use `'airflow.providers.standard.operators.python.PythonOperator'`.","category":"DeprecatedImportWarning","filename":"/opt/airflow/dags/hello_world_dag.py","lineno":4,"logger":"py.warnings"}
{"timestamp":"2026-02-23T04:51:29.669688Z","level":"warning","event":"The `airflow.operators.empty.EmptyOperator` attribute is deprecated. Please use `'airflow.providers.standard.operators.empty.EmptyOperator'`.","category":"DeprecatedImportWarning","filename":"/opt/airflow/dags/hello_world_dag.py","lineno":5,"logger":"py.warnings"}
{"timestamp":"2026-02-23T04:51:29.669761Z","level":"warning","event":"The `airflow.utils.timezone.datetime` attribute is deprecated. Please use `'airflow.sdk.timezone.datetime'`.","category":"DeprecatedImportWarning","filename":"/opt/airflow/dags/hello_world_dag.py","lineno":27,"logger":"py.warnings"}
{"timestamp":"2026-02-23T04:52:00.337484Z","level":"info","event":"Filling up the DagBag from /opt/airflow/dags/hello_world_dag.py","logger":"airflow.models.dagbag.BundleDagBag","filename":"dagbag.py","lineno":593}
{"timestamp":"2026-02-23T04:52:00.354589Z","level":"warning","event":"The `airflow.operators.python.PythonOperator` attribute is deprecated. Please use `'airflow.providers.standard.operators.python.PythonOperator'`.","category":"DeprecatedImportWarning","filename":"/opt/airflow/dags/hello_world_dag.py","lineno":4,"logger":"py.warnings"}
{"timestamp":"2026-02-23T04:52:00.354749Z","level":"warning","event":"The `airflow.operators.empty.EmptyOperator` attribute is deprecated. Please use `'airflow.providers.standard.operators.empty.EmptyOperator'`.","category":"DeprecatedImportWarning","filename":"/opt/airflow/dags/hello_world_dag.py","lineno":5,"logger":"py.warnings"}
{"timestamp":"2026-02-23T04:52:00.354841Z","level":"warning","event":"The `airflow.utils.timezone.datetime` attribute is deprecated. Please use `'airflow.sdk.timezone.datetime'`.","category":"DeprecatedImportWarning","filename":"/opt/airflow/dags/hello_world_dag.py","lineno":27,"logger":"py.warnings"}
{"timestamp":"2026-02-23T04:52:30.720755Z","level":"info","event":"Filling up the DagBag from /opt/airflow/dags/hello_world_dag.py","logger":"airflow.models.dagbag.BundleDagBag","filename":"dagbag.py","lineno":593}
{"timestamp":"2026-02-23T04:52:30.758442Z","level":"warning","event":"The `airflow.operators.python.PythonOperator` attribute is deprecated. Please use `'airflow.providers.standard.operators.python.PythonOperator'`.","category":"DeprecatedImportWarning","filename":"/opt/airflow/dags/hello_world_dag.py","lineno":4,"logger":"py.warnings"}
{"timestamp":"2026-02-23T04:52:30.759152Z","level":"warning","event":"The `airflow.operators.empty.EmptyOperator` attribute is deprecated. Please use `'airflow.providers.standard.operators.empty.EmptyOperator'`.","category":"DeprecatedImportWarning","filename":"/opt/airflow/dags/hello_world_dag.py","lineno":5,"logger":"py.warnings"}
{"timestamp":"2026-02-23T04:52:30.760341Z","level":"warning","event":"The `airflow.utils.timezone.datetime` attribute is deprecated. Please use `'airflow.sdk.timezone.datetime'`.","category":"DeprecatedImportWarning","filename":"/opt/airflow/dags/hello_world_dag.py","lineno":27,"logger":"py.warnings"}
{"timestamp":"2026-02-23T04:53:00.953764Z","level":"info","event":"Filling up the DagBag from /opt/airflow/dags/hello_world_dag.py","logger":"airflow.models.dagbag.BundleDagBag","filename":"dagbag.py","lineno":593}
{"timestamp":"2026-02-23T04:53:00.966337Z","level":"warning","event":"The `airflow.operators.python.PythonOperator` attribute is deprecated. Please use `'airflow.providers.standard.operators.python.PythonOperator'`.","category":"DeprecatedImportWarning","filename":"/opt/airflow/dags/hello_world_dag.py","lineno":4,"logger":"py.warnings"}
{"timestamp":"2026-02-23T04:53:00.966466Z","level":"warning","event":"The `airflow.operators.empty.EmptyOperator` attribute is deprecated. Please use `'airflow.providers.standard.operators.empty.EmptyOperator'`.","category":"DeprecatedImportWarning","filename":"/opt/airflow/dags/hello_world_dag.py","lineno":5,"logger":"py.warnings"}
{"timestamp":"2026-02-23T04:53:00.966522Z","level":"warning","event":"The `airflow.utils.timezone.datetime` attribute is deprecated. Please use `'airflow.sdk.timezone.datetime'`.","category":"DeprecatedImportWarning","filename":"/opt/airflow/dags/hello_world_dag.py","lineno":27,"logger":"py.warnings"}
{"timestamp":"2026-02-23T04:53:31.368375Z","level":"info","event":"Filling up the DagBag from /opt/airflow/dags/hello_world_dag.py","logger":"airflow.models.dagbag.BundleDagBag","filename":"dagbag.py","lineno":593}
{"timestamp":"2026-02-23T04:53:31.382778Z","level":"warning","event":"The `airflow.operators.python.PythonOperator` attribute is deprecated. Please use `'airflow.providers.standard.operators.python.PythonOperator'`.","category":"DeprecatedImportWarning","filename":"/opt/airflow/dags/hello_world_dag.py","lineno":4,"logger":"py.warnings"}
{"timestamp":"2026-02-23T04:53:31.382914Z","level":"warning","event":"The `airflow.operators.empty.EmptyOperator` attribute is deprecated. Please use `'airflow.providers.standard.operators.empty.EmptyOperator'`.","category":"DeprecatedImportWarning","filename":"/opt/airflow/dags/hello_world_dag.py","lineno":5,"logger":"py.warnings"}
{"timestamp":"2026-02-23T04:53:31.382985Z","level":"warning","event":"The `airflow.utils.timezone.datetime` attribute is deprecated. Please use `'airflow.sdk.timezone.datetime'`.","category":"DeprecatedImportWarning","filename":"/opt/airflow/dags/hello_world_dag.py","lineno":27,"logger":"py.warnings"}
{"timestamp":"2026-02-23T04:54:01.741145Z","level":"info","event":"Filling up the DagBag from /opt/airflow/dags/hello_world_dag.py","logger":"airflow.models.dagbag.BundleDagBag","filename":"dagbag.py","lineno":593}
{"timestamp":"2026-02-23T04:54:01.765252Z","level":"warning","event":"The `airflow.operators.python.PythonOperator` attribute is deprecated. Please use `'airflow.providers.standard.operators.python.PythonOperator'`.","category":"DeprecatedImportWarning","filename":"/opt/airflow/dags/hello_world_dag.py","lineno":4,"logger":"py.warnings"}
{"timestamp":"2026-02-23T04:54:01.765506Z","level":"warning","event":"The `airflow.operators.empty.EmptyOperator` attribute is deprecated. Please use `'airflow.providers.standard.operators.empty.EmptyOperator'`.","category":"DeprecatedImportWarning","filename":"/opt/airflow/dags/hello_world_dag.py","lineno":5,"logger":"py.warnings"}
{"timestamp":"2026-02-23T04:54:01.765625Z","level":"warning","event":"The `airflow.utils.timezone.datetime` attribute is deprecated. Please use `'airflow.sdk.timezone.datetime'`.","category":"DeprecatedImportWarning","filename":"/opt/airflow/dags/hello_world_dag.py","lineno":27,"logger":"py.warnings"}
{"timestamp":"2026-02-23T04:54:32.285352Z","level":"info","event":"Filling up the DagBag from /opt/airflow/dags/hello_world_dag.py","logger":"airflow.models.dagbag.BundleDagBag","filename":"dagbag.py","lineno":593}
{"timestamp":"2026-02-23T04:54:32.300512Z","level":"warning","event":"The `airflow.operators.python.PythonOperator` attribute is deprecated. Please use `'airflow.providers.standard.operators.python.PythonOperator'`.","category":"DeprecatedImportWarning","filename":"/opt/airflow/dags/hello_world_dag.py","lineno":4,"logger":"py.warnings"}
{"timestamp":"2026-02-23T04:54:32.300618Z","level":"warning","event":"The `airflow.operators.empty.EmptyOperator` attribute is deprecated. Please use `'airflow.providers.standard.operators.empty.EmptyOperator'`.","category":"DeprecatedImportWarning","filename":"/opt/airflow/dags/hello_world_dag.py","lineno":5,"logger":"py.warnings"}
{"timestamp":"2026-02-23T04:54:32.300666Z","level":"warning","event":"The `airflow.utils.timezone.datetime` attribute is deprecated. Please use `'airflow.sdk.timezone.datetime'`.","category":"DeprecatedImportWarning","filename":"/opt/airflow/dags/hello_world_dag.py","lineno":27,"logger":"py.warnings"}
{"timestamp":"2026-02-23T04:55:02.687207Z","level":"info","event":"Filling up the DagBag from /opt/airflow/dags/hello_world_dag.py","logger":"airflow.models.dagbag.BundleDagBag","filename":"dagbag.py","lineno":593}
{"timestamp":"2026-02-23T04:55:02.703947Z","level":"warning","event":"The `airflow.operators.python.PythonOperator` attribute is deprecated. Please use `'airflow.providers.standard.operators.python.PythonOperator'`.","category":"DeprecatedImportWarning","filename":"/opt/airflow/dags/hello_world_dag.py","lineno":4,"logger":"py.warnings"}
{"timestamp":"2026-02-23T04:55:02.704272Z","level":"warning","event":"The `airflow.operators.empty.EmptyOperator` attribute is deprecated. Please use `'airflow.providers.standard.operators.empty.EmptyOperator'`.","category":"DeprecatedImportWarning","filename":"/opt/airflow/dags/hello_world_dag.py","lineno":5,"logger":"py.warnings"}
{"timestamp":"2026-02-23T04:55:02.704332Z","level":"warning","event":"The `airflow.utils.timezone.datetime` attribute is deprecated. Please use `'airflow.sdk.timezone.datetime'`.","category":"DeprecatedImportWarning","filename":"/opt/airflow/dags/hello_world_dag.py","lineno":27,"logger":"py.warnings"}
{"timestamp":"2026-02-23T04:55:33.640699Z","level":"info","event":"Filling up the DagBag from /opt/airflow/dags/hello_world_dag.py","logger":"airflow.models.dagbag.BundleDagBag","filename":"dagbag.py","lineno":593}
{"timestamp":"2026-02-23T04:55:33.661565Z","level":"warning","event":"The `airflow.operators.python.PythonOperator` attribute is deprecated. Please use `'airflow.providers.standard.operators.python.PythonOperator'`.","category":"DeprecatedImportWarning","filename":"/opt/airflow/dags/hello_world_dag.py","lineno":4,"logger":"py.warnings"}
{"timestamp":"2026-02-23T04:55:33.661758Z","level":"warning","event":"The `airflow.operators.empty.EmptyOperator` attribute is deprecated. Please use `'airflow.providers.standard.operators.empty.EmptyOperator'`.","category":"DeprecatedImportWarning","filename":"/opt/airflow/dags/hello_world_dag.py","lineno":5,"logger":"py.warnings"}
{"timestamp":"2026-02-23T04:55:33.661832Z","level":"warning","event":"The `airflow.utils.timezone.datetime` attribute is deprecated. Please use `'airflow.sdk.timezone.datetime'`.","category":"DeprecatedImportWarning","filename":"/opt/airflow/dags/hello_world_dag.py","lineno":27,"logger":"py.warnings"}
{"timestamp":"2026-02-23T04:56:03.977489Z","level":"info","event":"Filling up the DagBag from /opt/airflow/dags/hello_world_dag.py","logger":"airflow.models.dagbag.BundleDagBag","filename":"dagbag.py","lineno":593}
{"timestamp":"2026-02-23T04:56:03.995883Z","level":"warning","event":"The `airflow.operators.python.PythonOperator` attribute is deprecated. Please use `'airflow.providers.standard.operators.python.PythonOperator'`.","category":"DeprecatedImportWarning","filename":"/opt/airflow/dags/hello_world_dag.py","lineno":4,"logger":"py.warnings"}
{"timestamp":"2026-02-23T04:56:03.996002Z","level":"warning","event":"The `airflow.operators.empty.EmptyOperator` attribute is deprecated. Please use `'airflow.providers.standard.operators.empty.EmptyOperator'`.","category":"DeprecatedImportWarning","filename":"/opt/airflow/dags/hello_world_dag.py","lineno":5,"logger":"py.warnings"}
{"timestamp":"2026-02-23T04:56:03.996062Z","level":"warning","event":"The `airflow.utils.timezone.datetime` attribute is deprecated. Please use `'airflow.sdk.timezone.datetime'`.","category":"DeprecatedImportWarning","filename":"/opt/airflow/dags/hello_world_dag.py","lineno":27,"logger":"py.warnings"}
{"timestamp":"2026-02-23T04:56:34.522611Z","level":"info","event":"Filling up the DagBag from /opt/airflow/dags/hello_world_dag.py","logger":"airflow.models.dagbag.BundleDagBag","filename":"dagbag.py","lineno":593}
{"timestamp":"2026-02-23T04:56:34.536753Z","level":"warning","event":"The `airflow.operators.python.PythonOperator` attribute is deprecated. Please use `'airflow.providers.standard.operators.python.PythonOperator'`.","category":"DeprecatedImportWarning","filename":"/opt/airflow/dags/hello_world_dag.py","lineno":4,"logger":"py.warnings"}
{"timestamp":"2026-02-23T04:56:34.537515Z","level":"warning","event":"The `airflow.operators.empty.EmptyOperator` attribute is deprecated. Please use `'airflow.providers.standard.operators.empty.EmptyOperator'`.","category":"DeprecatedImportWarning","filename":"/opt/airflow/dags/hello_world_dag.py","lineno":5,"logger":"py.warnings"}
{"timestamp":"2026-02-23T04:56:34.537780Z","level":"warning","event":"The `airflow.utils.timezone.datetime` attribute is deprecated. Please use `'airflow.sdk.timezone.datetime'`.","category":"DeprecatedImportWarning","filename":"/opt/airflow/dags/hello_world_dag.py","lineno":27,"logger":"py.warnings"}
{"timestamp":"2026-02-23T04:57:04.893294Z","level":"info","event":"Filling up the DagBag from /opt/airflow/dags/hello_world_dag.py","logger":"airflow.models.dagbag.BundleDagBag","filename":"dagbag.py","lineno":593}
{"timestamp":"2026-02-23T04:57:04.923249Z","level":"warning","event":"The `airflow.operators.python.PythonOperator` attribute is deprecated. Please use `'airflow.providers.standard.operators.python.PythonOperator'`.","category":"DeprecatedImportWarning","filename":"/opt/airflow/dags/hello_world_dag.py","lineno":4,"logger":"py.warnings"}
{"timestamp":"2026-02-23T04:57:04.923708Z","level":"warning","event":"The `airflow.operators.empty.EmptyOperator` attribute is deprecated. Please use `'airflow.providers.standard.operators.empty.EmptyOperator'`.","category":"DeprecatedImportWarning","filename":"/opt/airflow/dags/hello_world_dag.py","lineno":5,"logger":"py.warnings"}
{"timestamp":"2026-02-23T04:57:04.924475Z","level":"warning","event":"The `airflow.utils.timezone.datetime` attribute is deprecated. Please use `'airflow.sdk.timezone.datetime'`.","category":"DeprecatedImportWarning","filename":"/opt/airflow/dags/hello_world_dag.py","lineno":27,"logger":"py.warnings"}
{"timestamp":"2026-02-23T04:57:35.043142Z","level":"info","event":"Filling up the DagBag from /opt/airflow/dags/hello_world_dag.py","logger":"airflow.models.dagbag.BundleDagBag","filename":"dagbag.py","lineno":593}
{"timestamp":"2026-02-23T04:57:35.066372Z","level":"warning","event":"The `airflow.operators.python.PythonOperator` attribute is deprecated. Please use `'airflow.providers.standard.operators.python.PythonOperator'`.","category":"DeprecatedImportWarning","filename":"/opt/airflow/dags/hello_world_dag.py","lineno":4,"logger":"py.warnings"}
{"timestamp":"2026-02-23T04:57:35.066659Z","level":"warning","event":"The `airflow.operators.empty.EmptyOperator` attribute is deprecated. Please use `'airflow.providers.standard.operators.empty.EmptyOperator'`.","category":"DeprecatedImportWarning","filename":"/opt/airflow/dags/hello_world_dag.py","lineno":5,"logger":"py.warnings"}
{"timestamp":"2026-02-23T04:57:35.066945Z","level":"warning","event":"The `airflow.utils.timezone.datetime` attribute is deprecated. Please use `'airflow.sdk.timezone.datetime'`.","category":"DeprecatedImportWarning","filename":"/opt/airflow/dags/hello_world_dag.py","lineno":27,"logger":"py.warnings"}
{"timestamp":"2026-02-23T04:58:06.028982Z","level":"info","event":"Filling up the DagBag from /opt/airflow/dags/hello_world_dag.py","logger":"airflow.models.dagbag.BundleDagBag","filename":"dagbag.py","lineno":593}
{"timestamp":"2026-02-23T04:58:06.057663Z","level":"warning","event":"The `airflow.operators.python.PythonOperator` attribute is deprecated. Please use `'airflow.providers.standard.operators.python.PythonOperator'`.","category":"DeprecatedImportWarning","filename":"/opt/airflow/dags/hello_world_dag.py","lineno":4,"logger":"py.warnings"}
{"timestamp":"2026-02-23T04:58:06.058052Z","level":"warning","event":"The `airflow.operators.empty.EmptyOperator` attribute is deprecated. Please use `'airflow.providers.standard.operators.empty.EmptyOperator'`.","category":"DeprecatedImportWarning","filename":"/opt/airflow/dags/hello_world_dag.py","lineno":5,"logger":"py.warnings"}
{"timestamp":"2026-02-23T04:58:06.059378Z","level":"warning","event":"The `airflow.utils.timezone.datetime` attribute is deprecated. Please use `'airflow.sdk.timezone.datetime'`.","category":"DeprecatedImportWarning","filename":"/opt/airflow/dags/hello_world_dag.py","lineno":27,"logger":"py.warnings"}
{"timestamp":"2026-02-23T04:58:37.117895Z","level":"info","event":"Filling up the DagBag from /opt/airflow/dags/hello_world_dag.py","logger":"airflow.models.dagbag.BundleDagBag","filename":"dagbag.py","lineno":593}
{"timestamp":"2026-02-23T04:58:37.149909Z","level":"warning","event":"The `airflow.operators.python.PythonOperator` attribute is deprecated. Please use `'airflow.providers.standard.operators.python.PythonOperator'`.","category":"DeprecatedImportWarning","filename":"/opt/airflow/dags/hello_world_dag.py","lineno":4,"logger":"py.warnings"}
{"timestamp":"2026-02-23T04:58:37.150044Z","level":"warning","event":"The `airflow.operators.empty.EmptyOperator` attribute is deprecated. Please use `'airflow.providers.standard.operators.empty.EmptyOperator'`.","category":"DeprecatedImportWarning","filename":"/opt/airflow/dags/hello_world_dag.py","lineno":5,"logger":"py.warnings"}
{"timestamp":"2026-02-23T04:58:37.150095Z","level":"warning","event":"The `airflow.utils.timezone.datetime` attribute is deprecated. Please use `'airflow.sdk.timezone.datetime'`.","category":"DeprecatedImportWarning","filename":"/opt/airflow/dags/hello_world_dag.py","lineno":27,"logger":"py.warnings"}
{"timestamp":"2026-02-23T04:59:07.837337Z","level":"info","event":"Filling up the DagBag from /opt/airflow/dags/hello_world_dag.py","logger":"airflow.models.dagbag.BundleDagBag","filename":"dagbag.py","lineno":593}
{"timestamp":"2026-02-23T04:59:07.854174Z","level":"warning","event":"The `airflow.operators.python.PythonOperator` attribute is deprecated. Please use `'airflow.providers.standard.operators.python.PythonOperator'`.","category":"DeprecatedImportWarning","filename":"/opt/airflow/dags/hello_world_dag.py","lineno":4,"logger":"py.warnings"}
{"timestamp":"2026-02-23T04:59:07.854320Z","level":"warning","event":"The `airflow.operators.empty.EmptyOperator` attribute is deprecated. Please use `'airflow.providers.standard.operators.empty.EmptyOperator'`.","category":"DeprecatedImportWarning","filename":"/opt/airflow/dags/hello_world_dag.py","lineno":5,"logger":"py.warnings"}
{"timestamp":"2026-02-23T04:59:07.854406Z","level":"warning","event":"The `airflow.utils.timezone.datetime` attribute is deprecated. Please use `'airflow.sdk.timezone.datetime'`.","category":"DeprecatedImportWarning","filename":"/opt/airflow/dags/hello_world_dag.py","lineno":27,"logger":"py.warnings"}
{"timestamp":"2026-02-23T04:59:38.075906Z","level":"info","event":"Filling up the DagBag from /opt/airflow/dags/hello_world_dag.py","logger":"airflow.models.dagbag.BundleDagBag","filename":"dagbag.py","lineno":593}
{"timestamp":"2026-02-23T04:59:38.094033Z","level":"warning","event":"The `airflow.operators.python.PythonOperator` attribute is deprecated. Please use `'airflow.providers.standard.operators.python.PythonOperator'`.","category":"DeprecatedImportWarning","filename":"/opt/airflow/dags/hello_world_dag.py","lineno":4,"logger":"py.warnings"}
{"timestamp":"2026-02-23T04:59:38.094470Z","level":"warning","event":"The `airflow.operators.empty.EmptyOperator` attribute is deprecated. Please use `'airflow.providers.standard.operators.empty.EmptyOperator'`.","category":"DeprecatedImportWarning","filename":"/opt/airflow/dags/hello_world_dag.py","lineno":5,"logger":"py.warnings"}
{"timestamp":"2026-02-23T04:59:38.095171Z","level":"warning","event":"The `airflow.utils.timezone.datetime` attribute is deprecated. Please use `'airflow.sdk.timezone.datetime'`.","category":"DeprecatedImportWarning","filename":"/opt/airflow/dags/hello_world_dag.py","lineno":27,"logger":"py.warnings"}
{"timestamp":"2026-02-23T05:00:08.682095Z","level":"info","event":"Filling up the DagBag from /opt/airflow/dags/hello_world_dag.py","logger":"airflow.models.dagbag.BundleDagBag","filename":"dagbag.py","lineno":593}
{"timestamp":"2026-02-23T05:00:08.705776Z","level":"warning","event":"The `airflow.operators.python.PythonOperator` attribute is deprecated. Please use `'airflow.providers.standard.operators.python.PythonOperator'`.","category":"DeprecatedImportWarning","filename":"/opt/airflow/dags/hello_world_dag.py","lineno":4,"logger":"py.warnings"}
{"timestamp":"2026-02-23T05:00:08.706244Z","level":"warning","event":"The `airflow.operators.empty.EmptyOperator` attribute is deprecated. Please use `'airflow.providers.standard.operators.empty.EmptyOperator'`.","category":"DeprecatedImportWarning","filename":"/opt/airflow/dags/hello_world_dag.py","lineno":5,"logger":"py.warnings"}
{"timestamp":"2026-02-23T05:00:08.707130Z","level":"warning","event":"The `airflow.utils.timezone.datetime` attribute is deprecated. Please use `'airflow.sdk.timezone.datetime'`.","category":"DeprecatedImportWarning","filename":"/opt/airflow/dags/hello_world_dag.py","lineno":27,"logger":"py.warnings"}
{"timestamp":"2026-02-23T05:00:39.509520Z","level":"info","event":"Filling up the DagBag from /opt/airflow/dags/hello_world_dag.py","logger":"airflow.models.dagbag.BundleDagBag","filename":"dagbag.py","lineno":593}
{"timestamp":"2026-02-23T05:00:39.535143Z","level":"warning","event":"The `airflow.operators.python.PythonOperator` attribute is deprecated. Please use `'airflow.providers.standard.operators.python.PythonOperator'`.","category":"DeprecatedImportWarning","filename":"/opt/airflow/dags/hello_world_dag.py","lineno":4,"logger":"py.warnings"}
{"timestamp":"2026-02-23T05:00:39.535305Z","level":"warning","event":"The `airflow.operators.empty.EmptyOperator` attribute is deprecated. Please use `'airflow.providers.standard.operators.empty.EmptyOperator'`.","category":"DeprecatedImportWarning","filename":"/opt/airflow/dags/hello_world_dag.py","lineno":5,"logger":"py.warnings"}
{"timestamp":"2026-02-23T05:00:39.535381Z","level":"warning","event":"The `airflow.utils.timezone.datetime` attribute is deprecated. Please use `'airflow.sdk.timezone.datetime'`.","category":"DeprecatedImportWarning","filename":"/opt/airflow/dags/hello_world_dag.py","lineno":27,"logger":"py.warnings"}
{"timestamp":"2026-02-23T05:01:09.904510Z","level":"info","event":"Filling up the DagBag from /opt/airflow/dags/hello_world_dag.py","logger":"airflow.models.dagbag.BundleDagBag","filename":"dagbag.py","lineno":593}
{"timestamp":"2026-02-23T05:01:09.923186Z","level":"warning","event":"The `airflow.operators.python.PythonOperator` attribute is deprecated. Please use `'airflow.providers.standard.operators.python.PythonOperator'`.","category":"DeprecatedImportWarning","filename":"/opt/airflow/dags/hello_world_dag.py","lineno":4,"logger":"py.warnings"}
{"timestamp":"2026-02-23T05:01:09.923581Z","level":"warning","event":"The `airflow.operators.empty.EmptyOperator` attribute is deprecated. Please use `'airflow.providers.standard.operators.empty.EmptyOperator'`.","category":"DeprecatedImportWarning","filename":"/opt/airflow/dags/hello_world_dag.py","lineno":5,"logger":"py.warnings"}
{"timestamp":"2026-02-23T05:01:09.924140Z","level":"warning","event":"The `airflow.utils.timezone.datetime` attribute is deprecated. Please use `'airflow.sdk.timezone.datetime'`.","category":"DeprecatedImportWarning","filename":"/opt/airflow/dags/hello_world_dag.py","lineno":27,"logger":"py.warnings"}
{"timestamp":"2026-02-23T05:01:40.170145Z","level":"info","event":"Filling up the DagBag from /opt/airflow/dags/hello_world_dag.py","logger":"airflow.models.dagbag.BundleDagBag","filename":"dagbag.py","lineno":593}
{"timestamp":"2026-02-23T05:01:40.204894Z","level":"warning","event":"The `airflow.operators.python.PythonOperator` attribute is deprecated. Please use `'airflow.providers.standard.operators.python.PythonOperator'`.","category":"DeprecatedImportWarning","filename":"/opt/airflow/dags/hello_world_dag.py","lineno":4,"logger":"py.warnings"}
{"timestamp":"2026-02-23T05:01:40.205088Z","level":"warning","event":"The `airflow.operators.empty.EmptyOperator` attribute is deprecated. Please use `'airflow.providers.standard.operators.empty.EmptyOperator'`.","category":"DeprecatedImportWarning","filename":"/opt/airflow/dags/hello_world_dag.py","lineno":5,"logger":"py.warnings"}
{"timestamp":"2026-02-23T05:01:40.205153Z","level":"warning","event":"The `airflow.utils.timezone.datetime` attribute is deprecated. Please use `'airflow.sdk.timezone.datetime'`.","category":"DeprecatedImportWarning","filename":"/opt/airflow/dags/hello_world_dag.py","lineno":27,"logger":"py.warnings"}
{"timestamp":"2026-02-23T05:02:11.103173Z","level":"info","event":"Filling up the DagBag from /opt/airflow/dags/hello_world_dag.py","logger":"airflow.models.dagbag.BundleDagBag","filename":"dagbag.py","lineno":593}
{"timestamp":"2026-02-23T05:02:11.134112Z","level":"warning","event":"The `airflow.operators.python.PythonOperator` attribute is deprecated. Please use `'airflow.providers.standard.operators.python.PythonOperator'`.","category":"DeprecatedImportWarning","filename":"/opt/airflow/dags/hello_world_dag.py","lineno":4,"logger":"py.warnings"}
{"timestamp":"2026-02-23T05:02:11.135010Z","level":"warning","event":"The `airflow.operators.empty.EmptyOperator` attribute is deprecated. Please use `'airflow.providers.standard.operators.empty.EmptyOperator'`.","category":"DeprecatedImportWarning","filename":"/opt/airflow/dags/hello_world_dag.py","lineno":5,"logger":"py.warnings"}
{"timestamp":"2026-02-23T05:02:11.136320Z","level":"warning","event":"The `airflow.utils.timezone.datetime` attribute is deprecated. Please use `'airflow.sdk.timezone.datetime'`.","category":"DeprecatedImportWarning","filename":"/opt/airflow/dags/hello_world_dag.py","lineno":27,"logger":"py.warnings"}
{"timestamp":"2026-02-23T05:02:41.313908Z","level":"info","event":"Filling up the DagBag from /opt/airflow/dags/hello_world_dag.py","logger":"airflow.models.dagbag.BundleDagBag","filename":"dagbag.py","lineno":593}
{"timestamp":"2026-02-23T05:02:41.327814Z","level":"warning","event":"The `airflow.operators.python.PythonOperator` attribute is deprecated. Please use `'airflow.providers.standard.operators.python.PythonOperator'`.","category":"DeprecatedImportWarning","filename":"/opt/airflow/dags/hello_world_dag.py","lineno":4,"logger":"py.warnings"}
{"timestamp":"2026-02-23T05:02:41.329285Z","level":"warning","event":"The `airflow.operators.empty.EmptyOperator` attribute is deprecated. Please use `'airflow.providers.standard.operators.empty.EmptyOperator'`.","category":"DeprecatedImportWarning","filename":"/opt/airflow/dags/hello_world_dag.py","lineno":5,"logger":"py.warnings"}
{"timestamp":"2026-02-23T05:02:41.329492Z","level":"warning","event":"The `airflow.utils.timezone.datetime` attribute is deprecated. Please use `'airflow.sdk.timezone.datetime'`.","category":"DeprecatedImportWarning","filename":"/opt/airflow/dags/hello_world_dag.py","lineno":27,"logger":"py.warnings"}
{"timestamp":"2026-02-23T05:03:11.939053Z","level":"info","event":"Filling up the DagBag from /opt/airflow/dags/hello_world_dag.py","logger":"airflow.models.dagbag.BundleDagBag","filename":"dagbag.py","lineno":593}
{"timestamp":"2026-02-23T05:03:11.950215Z","level":"warning","event":"The `airflow.operators.python.PythonOperator` attribute is deprecated. Please use `'airflow.providers.standard.operators.python.PythonOperator'`.","category":"DeprecatedImportWarning","filename":"/opt/airflow/dags/hello_world_dag.py","lineno":4,"logger":"py.warnings"}
{"timestamp":"2026-02-23T05:03:11.950308Z","level":"warning","event":"The `airflow.operators.empty.EmptyOperator` attribute is deprecated. Please use `'airflow.providers.standard.operators.empty.EmptyOperator'`.","category":"DeprecatedImportWarning","filename":"/opt/airflow/dags/hello_world_dag.py","lineno":5,"logger":"py.warnings"}
{"timestamp":"2026-02-23T05:03:11.950354Z","level":"warning","event":"The `airflow.utils.timezone.datetime` attribute is deprecated. Please use `'airflow.sdk.timezone.datetime'`.","category":"DeprecatedImportWarning","filename":"/opt/airflow/dags/hello_world_dag.py","lineno":27,"logger":"py.warnings"}
{"timestamp":"2026-02-23T05:03:42.427457Z","level":"info","event":"Filling up the DagBag from /opt/airflow/dags/hello_world_dag.py","logger":"airflow.models.dagbag.BundleDagBag","filename":"dagbag.py","lineno":593}
{"timestamp":"2026-02-23T05:03:42.442356Z","level":"warning","event":"The `airflow.operators.python.PythonOperator` attribute is deprecated. Please use `'airflow.providers.standard.operators.python.PythonOperator'`.","category":"DeprecatedImportWarning","filename":"/opt/airflow/dags/hello_world_dag.py","lineno":4,"logger":"py.warnings"}
{"timestamp":"2026-02-23T05:03:42.444284Z","level":"warning","event":"The `airflow.operators.empty.EmptyOperator` attribute is deprecated. Please use `'airflow.providers.standard.operators.empty.EmptyOperator'`.","category":"DeprecatedImportWarning","filename":"/opt/airflow/dags/hello_world_dag.py","lineno":5,"logger":"py.warnings"}
{"timestamp":"2026-02-23T05:03:42.444517Z","level":"warning","event":"The `airflow.utils.timezone.datetime` attribute is deprecated. Please use `'airflow.sdk.timezone.datetime'`.","category":"DeprecatedImportWarning","filename":"/opt/airflow/dags/hello_world_dag.py","lineno":27,"logger":"py.warnings"}
{"timestamp":"2026-02-23T05:04:13.084791Z","level":"info","event":"Filling up the DagBag from /opt/airflow/dags/hello_world_dag.py","logger":"airflow.models.dagbag.BundleDagBag","filename":"dagbag.py","lineno":593}
{"timestamp":"2026-02-23T05:04:13.102951Z","level":"warning","event":"The `airflow.operators.python.PythonOperator` attribute is deprecated. Please use `'airflow.providers.standard.operators.python.PythonOperator'`.","category":"DeprecatedImportWarning","filename":"/opt/airflow/dags/hello_world_dag.py","lineno":4,"logger":"py.warnings"}
{"timestamp":"2026-02-23T05:04:13.103081Z","level":"warning","event":"The `airflow.operators.empty.EmptyOperator` attribute is deprecated. Please use `'airflow.providers.standard.operators.empty.EmptyOperator'`.","category":"DeprecatedImportWarning","filename":"/opt/airflow/dags/hello_world_dag.py","lineno":5,"logger":"py.warnings"}
{"timestamp":"2026-02-23T05:04:13.103153Z","level":"warning","event":"The `airflow.utils.timezone.datetime` attribute is deprecated. Please use `'airflow.sdk.timezone.datetime'`.","category":"DeprecatedImportWarning","filename":"/opt/airflow/dags/hello_world_dag.py","lineno":27,"logger":"py.warnings"}
{"timestamp":"2026-02-23T05:04:43.904734Z","level":"info","event":"Filling up the DagBag from /opt/airflow/dags/hello_world_dag.py","logger":"airflow.models.dagbag.BundleDagBag","filename":"dagbag.py","lineno":593}
{"timestamp":"2026-02-23T05:04:43.914835Z","level":"warning","event":"The `airflow.operators.python.PythonOperator` attribute is deprecated. Please use `'airflow.providers.standard.operators.python.PythonOperator'`.","category":"DeprecatedImportWarning","filename":"/opt/airflow/dags/hello_world_dag.py","lineno":4,"logger":"py.warnings"}
{"timestamp":"2026-02-23T05:04:43.914988Z","level":"warning","event":"The `airflow.operators.empty.EmptyOperator` attribute is deprecated. Please use `'airflow.providers.standard.operators.empty.EmptyOperator'`.","category":"DeprecatedImportWarning","filename":"/opt/airflow/dags/hello_world_dag.py","lineno":5,"logger":"py.warnings"}
{"timestamp":"2026-02-23T05:04:43.915071Z","level":"warning","event":"The `airflow.utils.timezone.datetime` attribute is deprecated. Please use `'airflow.sdk.timezone.datetime'`.","category":"DeprecatedImportWarning","filename":"/opt/airflow/dags/hello_world_dag.py","lineno":27,"logger":"py.warnings"}
{"timestamp":"2026-02-23T05:05:14.475782Z","level":"info","event":"Filling up the DagBag from /opt/airflow/dags/hello_world_dag.py","logger":"airflow.models.dagbag.BundleDagBag","filename":"dagbag.py","lineno":593}
{"timestamp":"2026-02-23T05:05:14.486130Z","level":"warning","event":"The `airflow.operators.python.PythonOperator` attribute is deprecated. Please use `'airflow.providers.standard.operators.python.PythonOperator'`.","category":"DeprecatedImportWarning","filename":"/opt/airflow/dags/hello_world_dag.py","lineno":4,"logger":"py.warnings"}
{"timestamp":"2026-02-23T05:05:14.486207Z","level":"warning","event":"The `airflow.operators.empty.EmptyOperator` attribute is deprecated. Please use `'airflow.providers.standard.operators.empty.EmptyOperator'`.","category":"DeprecatedImportWarning","filename":"/opt/airflow/dags/hello_world_dag.py","lineno":5,"logger":"py.warnings"}
{"timestamp":"2026-02-23T05:05:14.486252Z","level":"warning","event":"The `airflow.utils.timezone.datetime` attribute is deprecated. Please use `'airflow.sdk.timezone.datetime'`.","category":"DeprecatedImportWarning","filename":"/opt/airflow/dags/hello_world_dag.py","lineno":27,"logger":"py.warnings"}
{"timestamp":"2026-02-23T05:05:44.798501Z","level":"info","event":"Filling up the DagBag from /opt/airflow/dags/hello_world_dag.py","logger":"airflow.models.dagbag.BundleDagBag","filename":"dagbag.py","lineno":593}
{"timestamp":"2026-02-23T05:05:44.813091Z","level":"warning","event":"The `airflow.operators.python.PythonOperator` attribute is deprecated. Please use `'airflow.providers.standard.operators.python.PythonOperator'`.","category":"DeprecatedImportWarning","filename":"/opt/airflow/dags/hello_world_dag.py","lineno":4,"logger":"py.warnings"}
{"timestamp":"2026-02-23T05:05:44.813420Z","level":"warning","event":"The `airflow.operators.empty.EmptyOperator` attribute is deprecated. Please use `'airflow.providers.standard.operators.empty.EmptyOperator'`.","category":"DeprecatedImportWarning","filename":"/opt/airflow/dags/hello_world_dag.py","lineno":5,"logger":"py.warnings"}
{"timestamp":"2026-02-23T05:05:44.813518Z","level":"warning","event":"The `airflow.utils.timezone.datetime` attribute is deprecated. Please use `'airflow.sdk.timezone.datetime'`.","category":"DeprecatedImportWarning","filename":"/opt/airflow/dags/hello_world_dag.py","lineno":27,"logger":"py.warnings"}
{"timestamp":"2026-02-23T05:06:15.194403Z","level":"info","event":"Filling up the DagBag from /opt/airflow/dags/hello_world_dag.py","logger":"airflow.models.dagbag.BundleDagBag","filename":"dagbag.py","lineno":593}
{"timestamp":"2026-02-23T05:06:15.205251Z","level":"warning","event":"The `airflow.operators.python.PythonOperator` attribute is deprecated. Please use `'airflow.providers.standard.operators.python.PythonOperator'`.","category":"DeprecatedImportWarning","filename":"/opt/airflow/dags/hello_world_dag.py","lineno":4,"logger":"py.warnings"}
{"timestamp":"2026-02-23T05:06:15.205379Z","level":"warning","event":"The `airflow.operators.empty.EmptyOperator` attribute is deprecated. Please use `'airflow.providers.standard.operators.empty.EmptyOperator'`.","category":"DeprecatedImportWarning","filename":"/opt/airflow/dags/hello_world_dag.py","lineno":5,"logger":"py.warnings"}
{"timestamp":"2026-02-23T05:06:15.205455Z","level":"warning","event":"The `airflow.utils.timezone.datetime` attribute is deprecated. Please use `'airflow.sdk.timezone.datetime'`.","category":"DeprecatedImportWarning","filename":"/opt/airflow/dags/hello_world_dag.py","lineno":27,"logger":"py.warnings"}
{"timestamp":"2026-02-23T05:06:45.669398Z","level":"info","event":"Filling up the DagBag from /opt/airflow/dags/hello_world_dag.py","logger":"airflow.models.dagbag.BundleDagBag","filename":"dagbag.py","lineno":593}
{"timestamp":"2026-02-23T05:06:45.680121Z","level":"warning","event":"The `airflow.operators.python.PythonOperator` attribute is deprecated. Please use `'airflow.providers.standard.operators.python.PythonOperator'`.","category":"DeprecatedImportWarning","filename":"/opt/airflow/dags/hello_world_dag.py","lineno":4,"logger":"py.warnings"}
{"timestamp":"2026-02-23T05:06:45.680257Z","level":"warning","event":"The `airflow.operators.empty.EmptyOperator` attribute is deprecated. Please use `'airflow.providers.standard.operators.empty.EmptyOperator'`.","category":"DeprecatedImportWarning","filename":"/opt/airflow/dags/hello_world_dag.py","lineno":5,"logger":"py.warnings"}
{"timestamp":"2026-02-23T05:06:45.680343Z","level":"warning","event":"The `airflow.utils.timezone.datetime` attribute is deprecated. Please use `'airflow.sdk.timezone.datetime'`.","category":"DeprecatedImportWarning","filename":"/opt/airflow/dags/hello_world_dag.py","lineno":27,"logger":"py.warnings"}
{"timestamp":"2026-02-23T05:07:16.094925Z","level":"info","event":"Filling up the DagBag from /opt/airflow/dags/hello_world_dag.py","logger":"airflow.models.dagbag.BundleDagBag","filename":"dagbag.py","lineno":593}
{"timestamp":"2026-02-23T05:07:16.108668Z","level":"warning","event":"The `airflow.operators.python.PythonOperator` attribute is deprecated. Please use `'airflow.providers.standard.operators.python.PythonOperator'`.","category":"DeprecatedImportWarning","filename":"/opt/airflow/dags/hello_world_dag.py","lineno":4,"logger":"py.warnings"}
{"timestamp":"2026-02-23T05:07:16.109087Z","level":"warning","event":"The `airflow.operators.empty.EmptyOperator` attribute is deprecated. Please use `'airflow.providers.standard.operators.empty.EmptyOperator'`.","category":"DeprecatedImportWarning","filename":"/opt/airflow/dags/hello_world_dag.py","lineno":5,"logger":"py.warnings"}
{"timestamp":"2026-02-23T05:07:16.109158Z","level":"warning","event":"The `airflow.utils.timezone.datetime` attribute is deprecated. Please use `'airflow.sdk.timezone.datetime'`.","category":"DeprecatedImportWarning","filename":"/opt/airflow/dags/hello_world_dag.py","lineno":27,"logger":"py.warnings"}
{"timestamp":"2026-02-23T05:07:46.879324Z","level":"info","event":"Filling up the DagBag from /opt/airflow/dags/hello_world_dag.py","logger":"airflow.models.dagbag.BundleDagBag","filename":"dagbag.py","lineno":593}
{"timestamp":"2026-02-23T05:07:46.898797Z","level":"warning","event":"The `airflow.operators.python.PythonOperator` attribute is deprecated. Please use `'airflow.providers.standard.operators.python.PythonOperator'`.","category":"DeprecatedImportWarning","filename":"/opt/airflow/dags/hello_world_dag.py","lineno":4,"logger":"py.warnings"}
{"timestamp":"2026-02-23T05:07:46.900297Z","level":"warning","event":"The `airflow.operators.empty.EmptyOperator` attribute is deprecated. Please use `'airflow.providers.standard.operators.empty.EmptyOperator'`.","category":"DeprecatedImportWarning","filename":"/opt/airflow/dags/hello_world_dag.py","lineno":5,"logger":"py.warnings"}
{"timestamp":"2026-02-23T05:07:46.900364Z","level":"warning","event":"The `airflow.utils.timezone.datetime` attribute is deprecated. Please use `'airflow.sdk.timezone.datetime'`.","category":"DeprecatedImportWarning","filename":"/opt/airflow/dags/hello_world_dag.py","lineno":27,"logger":"py.warnings"}
{"timestamp":"2026-02-23T05:08:17.527688Z","level":"info","event":"Filling up the DagBag from /opt/airflow/dags/hello_world_dag.py","logger":"airflow.models.dagbag.BundleDagBag","filename":"dagbag.py","lineno":593}
{"timestamp":"2026-02-23T05:08:17.555586Z","level":"warning","event":"The `airflow.operators.python.PythonOperator` attribute is deprecated. Please use `'airflow.providers.standard.operators.python.PythonOperator'`.","category":"DeprecatedImportWarning","filename":"/opt/airflow/dags/hello_world_dag.py","lineno":4,"logger":"py.warnings"}
{"timestamp":"2026-02-23T05:08:17.555759Z","level":"warning","event":"The `airflow.operators.empty.EmptyOperator` attribute is deprecated. Please use `'airflow.providers.standard.operators.empty.EmptyOperator'`.","category":"DeprecatedImportWarning","filename":"/opt/airflow/dags/hello_world_dag.py","lineno":5,"logger":"py.warnings"}
{"timestamp":"2026-02-23T05:08:17.569740Z","level":"warning","event":"The `airflow.utils.timezone.datetime` attribute is deprecated. Please use `'airflow.sdk.timezone.datetime'`.","category":"DeprecatedImportWarning","filename":"/opt/airflow/dags/hello_world_dag.py","lineno":27,"logger":"py.warnings"}
{"timestamp":"2026-02-23T05:08:48.619321Z","level":"info","event":"Filling up the DagBag from /opt/airflow/dags/hello_world_dag.py","logger":"airflow.models.dagbag.BundleDagBag","filename":"dagbag.py","lineno":593}
{"timestamp":"2026-02-23T05:08:48.626689Z","level":"warning","event":"The `airflow.operators.python.PythonOperator` attribute is deprecated. Please use `'airflow.providers.standard.operators.python.PythonOperator'`.","category":"DeprecatedImportWarning","filename":"/opt/airflow/dags/hello_world_dag.py","lineno":4,"logger":"py.warnings"}
{"timestamp":"2026-02-23T05:08:48.626781Z","level":"warning","event":"The `airflow.operators.empty.EmptyOperator` attribute is deprecated. Please use `'airflow.providers.standard.operators.empty.EmptyOperator'`.","category":"DeprecatedImportWarning","filename":"/opt/airflow/dags/hello_world_dag.py","lineno":5,"logger":"py.warnings"}
{"timestamp":"2026-02-23T05:08:48.626825Z","level":"warning","event":"The `airflow.utils.timezone.datetime` attribute is deprecated. Please use `'airflow.sdk.timezone.datetime'`.","category":"DeprecatedImportWarning","filename":"/opt/airflow/dags/hello_world_dag.py","lineno":27,"logger":"py.warnings"}
{"timestamp":"2026-02-23T05:09:19.215623Z","level":"info","event":"Filling up the DagBag from /opt/airflow/dags/hello_world_dag.py","logger":"airflow.models.dagbag.BundleDagBag","filename":"dagbag.py","lineno":593}
{"timestamp":"2026-02-23T05:09:19.229993Z","level":"warning","event":"The `airflow.operators.python.PythonOperator` attribute is deprecated. Please use `'airflow.providers.standard.operators.python.PythonOperator'`.","category":"DeprecatedImportWarning","filename":"/opt/airflow/dags/hello_world_dag.py","lineno":4,"logger":"py.warnings"}
{"timestamp":"2026-02-23T05:09:19.230806Z","level":"warning","event":"The `airflow.operators.empty.EmptyOperator` attribute is deprecated. Please use `'airflow.providers.standard.operators.empty.EmptyOperator'`.","category":"DeprecatedImportWarning","filename":"/opt/airflow/dags/hello_world_dag.py","lineno":5,"logger":"py.warnings"}
{"timestamp":"2026-02-23T05:09:19.230891Z","level":"warning","event":"The `airflow.utils.timezone.datetime` attribute is deprecated. Please use `'airflow.sdk.timezone.datetime'`.","category":"DeprecatedImportWarning","filename":"/opt/airflow/dags/hello_world_dag.py","lineno":27,"logger":"py.warnings"}
{"timestamp":"2026-02-23T05:09:49.723721Z","level":"info","event":"Filling up the DagBag from /opt/airflow/dags/hello_world_dag.py","logger":"airflow.models.dagbag.BundleDagBag","filename":"dagbag.py","lineno":593}
{"timestamp":"2026-02-23T05:09:49.736767Z","level":"warning","event":"The `airflow.operators.python.PythonOperator` attribute is deprecated. Please use `'airflow.providers.standard.operators.python.PythonOperator'`.","category":"DeprecatedImportWarning","filename":"/opt/airflow/dags/hello_world_dag.py","lineno":4,"logger":"py.warnings"}
{"timestamp":"2026-02-23T05:09:49.736902Z","level":"warning","event":"The `airflow.operators.empty.EmptyOperator` attribute is deprecated. Please use `'airflow.providers.standard.operators.empty.EmptyOperator'`.","category":"DeprecatedImportWarning","filename":"/opt/airflow/dags/hello_world_dag.py","lineno":5,"logger":"py.warnings"}
{"timestamp":"2026-02-23T05:09:49.736981Z","level":"warning","event":"The `airflow.utils.timezone.datetime` attribute is deprecated. Please use `'airflow.sdk.timezone.datetime'`.","category":"DeprecatedImportWarning","filename":"/opt/airflow/dags/hello_world_dag.py","lineno":27,"logger":"py.warnings"}
{"timestamp":"2026-02-23T05:10:20.376336Z","level":"info","event":"Filling up the DagBag from /opt/airflow/dags/hello_world_dag.py","logger":"airflow.models.dagbag.BundleDagBag","filename":"dagbag.py","lineno":593}
{"timestamp":"2026-02-23T05:10:20.387110Z","level":"warning","event":"The `airflow.operators.python.PythonOperator` attribute is deprecated. Please use `'airflow.providers.standard.operators.python.PythonOperator'`.","category":"DeprecatedImportWarning","filename":"/opt/airflow/dags/hello_world_dag.py","lineno":4,"logger":"py.warnings"}
{"timestamp":"2026-02-23T05:10:20.387836Z","level":"warning","event":"The `airflow.operators.empty.EmptyOperator` attribute is deprecated. Please use `'airflow.providers.standard.operators.empty.EmptyOperator'`.","category":"DeprecatedImportWarning","filename":"/opt/airflow/dags/hello_world_dag.py","lineno":5,"logger":"py.warnings"}
{"timestamp":"2026-02-23T05:10:20.388266Z","level":"warning","event":"The `airflow.utils.timezone.datetime` attribute is deprecated. Please use `'airflow.sdk.timezone.datetime'`.","category":"DeprecatedImportWarning","filename":"/opt/airflow/dags/hello_world_dag.py","lineno":27,"logger":"py.warnings"}
{"timestamp":"2026-02-23T05:10:51.030970Z","level":"info","event":"Filling up the DagBag from /opt/airflow/dags/hello_world_dag.py","logger":"airflow.models.dagbag.BundleDagBag","filename":"dagbag.py","lineno":593}
{"timestamp":"2026-02-23T05:10:51.044814Z","level":"warning","event":"The `airflow.operators.python.PythonOperator` attribute is deprecated. Please use `'airflow.providers.standard.operators.python.PythonOperator'`.","category":"DeprecatedImportWarning","filename":"/opt/airflow/dags/hello_world_dag.py","lineno":4,"logger":"py.warnings"}
{"timestamp":"2026-02-23T05:10:51.046038Z","level":"warning","event":"The `airflow.operators.empty.EmptyOperator` attribute is deprecated. Please use `'airflow.providers.standard.operators.empty.EmptyOperator'`.","category":"DeprecatedImportWarning","filename":"/opt/airflow/dags/hello_world_dag.py","lineno":5,"logger":"py.warnings"}
{"timestamp":"2026-02-23T05:10:51.046387Z","level":"warning","event":"The `airflow.utils.timezone.datetime` attribute is deprecated. Please use `'airflow.sdk.timezone.datetime'`.","category":"DeprecatedImportWarning","filename":"/opt/airflow/dags/hello_world_dag.py","lineno":27,"logger":"py.warnings"}
{"timestamp":"2026-02-23T05:11:21.188132Z","level":"info","event":"Filling up the DagBag from /opt/airflow/dags/hello_world_dag.py","logger":"airflow.models.dagbag.BundleDagBag","filename":"dagbag.py","lineno":593}
{"timestamp":"2026-02-23T05:11:21.205366Z","level":"warning","event":"The `airflow.operators.python.PythonOperator` attribute is deprecated. Please use `'airflow.providers.standard.operators.python.PythonOperator'`.","category":"DeprecatedImportWarning","filename":"/opt/airflow/dags/hello_world_dag.py","lineno":4,"logger":"py.warnings"}
{"timestamp":"2026-02-23T05:11:21.205697Z","level":"warning","event":"The `airflow.operators.empty.EmptyOperator` attribute is deprecated. Please use `'airflow.providers.standard.operators.empty.EmptyOperator'`.","category":"DeprecatedImportWarning","filename":"/opt/airflow/dags/hello_world_dag.py","lineno":5,"logger":"py.warnings"}
{"timestamp":"2026-02-23T05:11:21.205765Z","level":"warning","event":"The `airflow.utils.timezone.datetime` attribute is deprecated. Please use `'airflow.sdk.timezone.datetime'`.","category":"DeprecatedImportWarning","filename":"/opt/airflow/dags/hello_world_dag.py","lineno":27,"logger":"py.warnings"}
{"timestamp":"2026-02-23T05:11:51.507351Z","level":"info","event":"Filling up the DagBag from /opt/airflow/dags/hello_world_dag.py","logger":"airflow.models.dagbag.BundleDagBag","filename":"dagbag.py","lineno":593}
{"timestamp":"2026-02-23T05:11:51.520309Z","level":"warning","event":"The `airflow.operators.python.PythonOperator` attribute is deprecated. Please use `'airflow.providers.standard.operators.python.PythonOperator'`.","category":"DeprecatedImportWarning","filename":"/opt/airflow/dags/hello_world_dag.py","lineno":4,"logger":"py.warnings"}
{"timestamp":"2026-02-23T05:11:51.521455Z","level":"warning","event":"The `airflow.operators.empty.EmptyOperator` attribute is deprecated. Please use `'airflow.providers.standard.operators.empty.EmptyOperator'`.","category":"DeprecatedImportWarning","filename":"/opt/airflow/dags/hello_world_dag.py","lineno":5,"logger":"py.warnings"}
{"timestamp":"2026-02-23T05:11:51.521827Z","level":"warning","event":"The `airflow.utils.timezone.datetime` attribute is deprecated. Please use `'airflow.sdk.timezone.datetime'`.","category":"DeprecatedImportWarning","filename":"/opt/airflow/dags/hello_world_dag.py","lineno":27,"logger":"py.warnings"}
{"timestamp":"2026-02-23T05:12:22.534354Z","level":"info","event":"Filling up the DagBag from /opt/airflow/dags/hello_world_dag.py","logger":"airflow.models.dagbag.BundleDagBag","filename":"dagbag.py","lineno":593}
{"timestamp":"2026-02-23T05:12:22.540498Z","level":"warning","event":"The `airflow.operators.python.PythonOperator` attribute is deprecated. Please use `'airflow.providers.standard.operators.python.PythonOperator'`.","category":"DeprecatedImportWarning","filename":"/opt/airflow/dags/hello_world_dag.py","lineno":4,"logger":"py.warnings"}
{"timestamp":"2026-02-23T05:12:22.540617Z","level":"warning","event":"The `airflow.operators.empty.EmptyOperator` attribute is deprecated. Please use `'airflow.providers.standard.operators.empty.EmptyOperator'`.","category":"DeprecatedImportWarning","filename":"/opt/airflow/dags/hello_world_dag.py","lineno":5,"logger":"py.warnings"}
{"timestamp":"2026-02-23T05:12:22.540664Z","level":"warning","event":"The `airflow.utils.timezone.datetime` attribute is deprecated. Please use `'airflow.sdk.timezone.datetime'`.","category":"DeprecatedImportWarning","filename":"/opt/airflow/dags/hello_world_dag.py","lineno":27,"logger":"py.warnings"}
{"timestamp":"2026-02-23T05:12:52.772962Z","level":"info","event":"Filling up the DagBag from /opt/airflow/dags/hello_world_dag.py","logger":"airflow.models.dagbag.BundleDagBag","filename":"dagbag.py","lineno":593}
{"timestamp":"2026-02-23T05:12:52.785538Z","level":"warning","event":"The `airflow.operators.python.PythonOperator` attribute is deprecated. Please use `'airflow.providers.standard.operators.python.PythonOperator'`.","category":"DeprecatedImportWarning","filename":"/opt/airflow/dags/hello_world_dag.py","lineno":4,"logger":"py.warnings"}
{"timestamp":"2026-02-23T05:12:52.785645Z","level":"warning","event":"The `airflow.operators.empty.EmptyOperator` attribute is deprecated. Please use `'airflow.providers.standard.operators.empty.EmptyOperator'`.","category":"DeprecatedImportWarning","filename":"/opt/airflow/dags/hello_world_dag.py","lineno":5,"logger":"py.warnings"}
{"timestamp":"2026-02-23T05:12:52.785692Z","level":"warning","event":"The `airflow.utils.timezone.datetime` attribute is deprecated. Please use `'airflow.sdk.timezone.datetime'`.","category":"DeprecatedImportWarning","filename":"/opt/airflow/dags/hello_world_dag.py","lineno":27,"logger":"py.warnings"}
{"timestamp":"2026-02-23T05:13:22.882405Z","level":"info","event":"Filling up the DagBag from /opt/airflow/dags/hello_world_dag.py","logger":"airflow.models.dagbag.BundleDagBag","filename":"dagbag.py","lineno":593}
{"timestamp":"2026-02-23T05:13:22.899855Z","level":"warning","event":"The `airflow.operators.python.PythonOperator` attribute is deprecated. Please use `'airflow.providers.standard.operators.python.PythonOperator'`.","category":"DeprecatedImportWarning","filename":"/opt/airflow/dags/hello_world_dag.py","lineno":4,"logger":"py.warnings"}
{"timestamp":"2026-02-23T05:13:22.899986Z","level":"warning","event":"The `airflow.operators.empty.EmptyOperator` attribute is deprecated. Please use `'airflow.providers.standard.operators.empty.EmptyOperator'`.","category":"DeprecatedImportWarning","filename":"/opt/airflow/dags/hello_world_dag.py","lineno":5,"logger":"py.warnings"}
{"timestamp":"2026-02-23T05:13:22.900038Z","level":"warning","event":"The `airflow.utils.timezone.datetime` attribute is deprecated. Please use `'airflow.sdk.timezone.datetime'`.","category":"DeprecatedImportWarning","filename":"/opt/airflow/dags/hello_world_dag.py","lineno":27,"logger":"py.warnings"}
{"timestamp":"2026-02-23T05:13:53.742164Z","level":"info","event":"Filling up the DagBag from /opt/airflow/dags/hello_world_dag.py","logger":"airflow.models.dagbag.BundleDagBag","filename":"dagbag.py","lineno":593}
{"timestamp":"2026-02-23T05:13:53.754597Z","level":"warning","event":"The `airflow.operators.python.PythonOperator` attribute is deprecated. Please use `'airflow.providers.standard.operators.python.PythonOperator'`.","category":"DeprecatedImportWarning","filename":"/opt/airflow/dags/hello_world_dag.py","lineno":4,"logger":"py.warnings"}
{"timestamp":"2026-02-23T05:13:53.755428Z","level":"warning","event":"The `airflow.operators.empty.EmptyOperator` attribute is deprecated. Please use `'airflow.providers.standard.operators.empty.EmptyOperator'`.","category":"DeprecatedImportWarning","filename":"/opt/airflow/dags/hello_world_dag.py","lineno":5,"logger":"py.warnings"}
{"timestamp":"2026-02-23T05:13:53.756244Z","level":"warning","event":"The `airflow.utils.timezone.datetime` attribute is deprecated. Please use `'airflow.sdk.timezone.datetime'`.","category":"DeprecatedImportWarning","filename":"/opt/airflow/dags/hello_world_dag.py","lineno":27,"logger":"py.warnings"}
{"timestamp":"2026-02-23T05:14:24.027130Z","level":"info","event":"Filling up the DagBag from /opt/airflow/dags/hello_world_dag.py","logger":"airflow.models.dagbag.BundleDagBag","filename":"dagbag.py","lineno":593}
{"timestamp":"2026-02-23T05:14:24.034589Z","level":"warning","event":"The `airflow.operators.python.PythonOperator` attribute is deprecated. Please use `'airflow.providers.standard.operators.python.PythonOperator'`.","category":"DeprecatedImportWarning","filename":"/opt/airflow/dags/hello_world_dag.py","lineno":4,"logger":"py.warnings"}
{"timestamp":"2026-02-23T05:14:24.034703Z","level":"warning","event":"The `airflow.operators.empty.EmptyOperator` attribute is deprecated. Please use `'airflow.providers.standard.operators.empty.EmptyOperator'`.","category":"DeprecatedImportWarning","filename":"/opt/airflow/dags/hello_world_dag.py","lineno":5,"logger":"py.warnings"}
{"timestamp":"2026-02-23T05:14:24.034755Z","level":"warning","event":"The `airflow.utils.timezone.datetime` attribute is deprecated. Please use `'airflow.sdk.timezone.datetime'`.","category":"DeprecatedImportWarning","filename":"/opt/airflow/dags/hello_world_dag.py","lineno":27,"logger":"py.warnings"}
{"timestamp":"2026-02-23T05:14:54.442291Z","level":"info","event":"Filling up the DagBag from /opt/airflow/dags/hello_world_dag.py","logger":"airflow.models.dagbag.BundleDagBag","filename":"dagbag.py","lineno":593}
{"timestamp":"2026-02-23T05:14:54.450823Z","level":"warning","event":"The `airflow.operators.python.PythonOperator` attribute is deprecated. Please use `'airflow.providers.standard.operators.python.PythonOperator'`.","category":"DeprecatedImportWarning","filename":"/opt/airflow/dags/hello_world_dag.py","lineno":4,"logger":"py.warnings"}
{"timestamp":"2026-02-23T05:14:54.451451Z","level":"warning","event":"The `airflow.operators.empty.EmptyOperator` attribute is deprecated. Please use `'airflow.providers.standard.operators.empty.EmptyOperator'`.","category":"DeprecatedImportWarning","filename":"/opt/airflow/dags/hello_world_dag.py","lineno":5,"logger":"py.warnings"}
{"timestamp":"2026-02-23T05:14:54.451749Z","level":"warning","event":"The `airflow.utils.timezone.datetime` attribute is deprecated. Please use `'airflow.sdk.timezone.datetime'`.","category":"DeprecatedImportWarning","filename":"/opt/airflow/dags/hello_world_dag.py","lineno":27,"logger":"py.warnings"}
{"timestamp":"2026-02-23T05:15:24.611547Z","level":"info","event":"Filling up the DagBag from /opt/airflow/dags/hello_world_dag.py","logger":"airflow.models.dagbag.BundleDagBag","filename":"dagbag.py","lineno":593}
{"timestamp":"2026-02-23T05:15:24.618908Z","level":"warning","event":"The `airflow.operators.python.PythonOperator` attribute is deprecated. Please use `'airflow.providers.standard.operators.python.PythonOperator'`.","category":"DeprecatedImportWarning","filename":"/opt/airflow/dags/hello_world_dag.py","lineno":4,"logger":"py.warnings"}
{"timestamp":"2026-02-23T05:15:24.619251Z","level":"warning","event":"The `airflow.operators.empty.EmptyOperator` attribute is deprecated. Please use `'airflow.providers.standard.operators.empty.EmptyOperator'`.","category":"DeprecatedImportWarning","filename":"/opt/airflow/dags/hello_world_dag.py","lineno":5,"logger":"py.warnings"}
{"timestamp":"2026-02-23T05:15:24.619329Z","level":"warning","event":"The `airflow.utils.timezone.datetime` attribute is deprecated. Please use `'airflow.sdk.timezone.datetime'`.","category":"DeprecatedImportWarning","filename":"/opt/airflow/dags/hello_world_dag.py","lineno":27,"logger":"py.warnings"}
{"timestamp":"2026-02-23T05:15:54.731647Z","level":"info","event":"Filling up the DagBag from /opt/airflow/dags/hello_world_dag.py","logger":"airflow.models.dagbag.BundleDagBag","filename":"dagbag.py","lineno":593}
{"timestamp":"2026-02-23T05:15:54.737647Z","level":"warning","event":"The `airflow.operators.python.PythonOperator` attribute is deprecated. Please use `'airflow.providers.standard.operators.python.PythonOperator'`.","category":"DeprecatedImportWarning","filename":"/opt/airflow/dags/hello_world_dag.py","lineno":4,"logger":"py.warnings"}
{"timestamp":"2026-02-23T05:15:54.737731Z","level":"warning","event":"The `airflow.operators.empty.EmptyOperator` attribute is deprecated. Please use `'airflow.providers.standard.operators.empty.EmptyOperator'`.","category":"DeprecatedImportWarning","filename":"/opt/airflow/dags/hello_world_dag.py","lineno":5,"logger":"py.warnings"}
{"timestamp":"2026-02-23T05:15:54.737775Z","level":"warning","event":"The `airflow.utils.timezone.datetime` attribute is deprecated. Please use `'airflow.sdk.timezone.datetime'`.","category":"DeprecatedImportWarning","filename":"/opt/airflow/dags/hello_world_dag.py","lineno":27,"logger":"py.warnings"}
{"timestamp":"2026-02-23T05:16:25.268192Z","level":"info","event":"Filling up the DagBag from /opt/airflow/dags/hello_world_dag.py","logger":"airflow.models.dagbag.BundleDagBag","filename":"dagbag.py","lineno":593}
{"timestamp":"2026-02-23T05:16:25.274937Z","level":"warning","event":"The `airflow.operators.python.PythonOperator` attribute is deprecated. Please use `'airflow.providers.standard.operators.python.PythonOperator'`.","category":"DeprecatedImportWarning","filename":"/opt/airflow/dags/hello_world_dag.py","lineno":4,"logger":"py.warnings"}
{"timestamp":"2026-02-23T05:16:25.275018Z","level":"warning","event":"The `airflow.operators.empty.EmptyOperator` attribute is deprecated. Please use `'airflow.providers.standard.operators.empty.EmptyOperator'`.","category":"DeprecatedImportWarning","filename":"/opt/airflow/dags/hello_world_dag.py","lineno":5,"logger":"py.warnings"}
{"timestamp":"2026-02-23T05:16:25.275063Z","level":"warning","event":"The `airflow.utils.timezone.datetime` attribute is deprecated. Please use `'airflow.sdk.timezone.datetime'`.","category":"DeprecatedImportWarning","filename":"/opt/airflow/dags/hello_world_dag.py","lineno":27,"logger":"py.warnings"}
{"timestamp":"2026-02-23T05:16:56.008287Z","level":"info","event":"Filling up the DagBag from /opt/airflow/dags/hello_world_dag.py","logger":"airflow.models.dagbag.BundleDagBag","filename":"dagbag.py","lineno":593}
{"timestamp":"2026-02-23T05:16:56.014898Z","level":"warning","event":"The `airflow.operators.python.PythonOperator` attribute is deprecated. Please use `'airflow.providers.standard.operators.python.PythonOperator'`.","category":"DeprecatedImportWarning","filename":"/opt/airflow/dags/hello_world_dag.py","lineno":4,"logger":"py.warnings"}
{"timestamp":"2026-02-23T05:16:56.014986Z","level":"warning","event":"The `airflow.operators.empty.EmptyOperator` attribute is deprecated. Please use `'airflow.providers.standard.operators.empty.EmptyOperator'`.","category":"DeprecatedImportWarning","filename":"/opt/airflow/dags/hello_world_dag.py","lineno":5,"logger":"py.warnings"}
{"timestamp":"2026-02-23T05:16:56.015031Z","level":"warning","event":"The `airflow.utils.timezone.datetime` attribute is deprecated. Please use `'airflow.sdk.timezone.datetime'`.","category":"DeprecatedImportWarning","filename":"/opt/airflow/dags/hello_world_dag.py","lineno":27,"logger":"py.warnings"}
{"timestamp":"2026-02-23T05:17:26.284611Z","level":"info","event":"Filling up the DagBag from /opt/airflow/dags/hello_world_dag.py","logger":"airflow.models.dagbag.BundleDagBag","filename":"dagbag.py","lineno":593}
{"timestamp":"2026-02-23T05:17:26.291930Z","level":"warning","event":"The `airflow.operators.python.PythonOperator` attribute is deprecated. Please use `'airflow.providers.standard.operators.python.PythonOperator'`.","category":"DeprecatedImportWarning","filename":"/opt/airflow/dags/hello_world_dag.py","lineno":4,"logger":"py.warnings"}
{"timestamp":"2026-02-23T05:17:26.292005Z","level":"warning","event":"The `airflow.operators.empty.EmptyOperator` attribute is deprecated. Please use `'airflow.providers.standard.operators.empty.EmptyOperator'`.","category":"DeprecatedImportWarning","filename":"/opt/airflow/dags/hello_world_dag.py","lineno":5,"logger":"py.warnings"}
{"timestamp":"2026-02-23T05:17:26.292058Z","level":"warning","event":"The `airflow.utils.timezone.datetime` attribute is deprecated. Please use `'airflow.sdk.timezone.datetime'`.","category":"DeprecatedImportWarning","filename":"/opt/airflow/dags/hello_world_dag.py","lineno":27,"logger":"py.warnings"}
{"timestamp":"2026-02-23T05:17:56.662100Z","level":"info","event":"Filling up the DagBag from /opt/airflow/dags/hello_world_dag.py","logger":"airflow.models.dagbag.BundleDagBag","filename":"dagbag.py","lineno":593}
{"timestamp":"2026-02-23T05:17:56.676165Z","level":"warning","event":"The `airflow.operators.python.PythonOperator` attribute is deprecated. Please use `'airflow.providers.standard.operators.python.PythonOperator'`.","category":"DeprecatedImportWarning","filename":"/opt/airflow/dags/hello_world_dag.py","lineno":4,"logger":"py.warnings"}
{"timestamp":"2026-02-23T05:17:56.676285Z","level":"warning","event":"The `airflow.operators.empty.EmptyOperator` attribute is deprecated. Please use `'airflow.providers.standard.operators.empty.EmptyOperator'`.","category":"DeprecatedImportWarning","filename":"/opt/airflow/dags/hello_world_dag.py","lineno":5,"logger":"py.warnings"}
{"timestamp":"2026-02-23T05:17:56.676401Z","level":"warning","event":"The `airflow.utils.timezone.datetime` attribute is deprecated. Please use `'airflow.sdk.timezone.datetime'`.","category":"DeprecatedImportWarning","filename":"/opt/airflow/dags/hello_world_dag.py","lineno":27,"logger":"py.warnings"}
{"timestamp":"2026-02-23T05:18:27.084623Z","level":"info","event":"Filling up the DagBag from /opt/airflow/dags/hello_world_dag.py","logger":"airflow.models.dagbag.BundleDagBag","filename":"dagbag.py","lineno":593}
{"timestamp":"2026-02-23T05:18:27.094534Z","level":"warning","event":"The `airflow.operators.python.PythonOperator` attribute is deprecated. Please use `'airflow.providers.standard.operators.python.PythonOperator'`.","category":"DeprecatedImportWarning","filename":"/opt/airflow/dags/hello_world_dag.py","lineno":4,"logger":"py.warnings"}
{"timestamp":"2026-02-23T05:18:27.094613Z","level":"warning","event":"The `airflow.operators.empty.EmptyOperator` attribute is deprecated. Please use `'airflow.providers.standard.operators.empty.EmptyOperator'`.","category":"DeprecatedImportWarning","filename":"/opt/airflow/dags/hello_world_dag.py","lineno":5,"logger":"py.warnings"}
{"timestamp":"2026-02-23T05:18:27.094659Z","level":"warning","event":"The `airflow.utils.timezone.datetime` attribute is deprecated. Please use `'airflow.sdk.timezone.datetime'`.","category":"DeprecatedImportWarning","filename":"/opt/airflow/dags/hello_world_dag.py","lineno":27,"logger":"py.warnings"}
{"timestamp":"2026-02-23T05:18:57.405143Z","level":"info","event":"Filling up the DagBag from /opt/airflow/dags/hello_world_dag.py","logger":"airflow.models.dagbag.BundleDagBag","filename":"dagbag.py","lineno":593}
{"timestamp":"2026-02-23T05:18:57.434191Z","level":"warning","event":"The `airflow.operators.python.PythonOperator` attribute is deprecated. Please use `'airflow.providers.standard.operators.python.PythonOperator'`.","category":"DeprecatedImportWarning","filename":"/opt/airflow/dags/hello_world_dag.py","lineno":4,"logger":"py.warnings"}
{"timestamp":"2026-02-23T05:18:57.434975Z","level":"warning","event":"The `airflow.operators.empty.EmptyOperator` attribute is deprecated. Please use `'airflow.providers.standard.operators.empty.EmptyOperator'`.","category":"DeprecatedImportWarning","filename":"/opt/airflow/dags/hello_world_dag.py","lineno":5,"logger":"py.warnings"}
{"timestamp":"2026-02-23T05:18:57.435442Z","level":"warning","event":"The `airflow.utils.timezone.datetime` attribute is deprecated. Please use `'airflow.sdk.timezone.datetime'`.","category":"DeprecatedImportWarning","filename":"/opt/airflow/dags/hello_world_dag.py","lineno":27,"logger":"py.warnings"}
{"timestamp":"2026-02-23T05:19:27.949872Z","level":"info","event":"Filling up the DagBag from /opt/airflow/dags/hello_world_dag.py","logger":"airflow.models.dagbag.BundleDagBag","filename":"dagbag.py","lineno":593}
{"timestamp":"2026-02-23T05:19:27.970372Z","level":"warning","event":"The `airflow.operators.python.PythonOperator` attribute is deprecated. Please use `'airflow.providers.standard.operators.python.PythonOperator'`.","category":"DeprecatedImportWarning","filename":"/opt/airflow/dags/hello_world_dag.py","lineno":4,"logger":"py.warnings"}
{"timestamp":"2026-02-23T05:19:27.971161Z","level":"warning","event":"The `airflow.operators.empty.EmptyOperator` attribute is deprecated. Please use `'airflow.providers.standard.operators.empty.EmptyOperator'`.","category":"DeprecatedImportWarning","filename":"/opt/airflow/dags/hello_world_dag.py","lineno":5,"logger":"py.warnings"}
{"timestamp":"2026-02-23T05:19:27.971432Z","level":"warning","event":"The `airflow.utils.timezone.datetime` attribute is deprecated. Please use `'airflow.sdk.timezone.datetime'`.","category":"DeprecatedImportWarning","filename":"/opt/airflow/dags/hello_world_dag.py","lineno":27,"logger":"py.warnings"}
{"timestamp":"2026-02-23T05:19:58.341856Z","level":"info","event":"Filling up the DagBag from /opt/airflow/dags/hello_world_dag.py","logger":"airflow.models.dagbag.BundleDagBag","filename":"dagbag.py","lineno":593}
{"timestamp":"2026-02-23T05:19:58.361178Z","level":"warning","event":"The `airflow.operators.python.PythonOperator` attribute is deprecated. Please use `'airflow.providers.standard.operators.python.PythonOperator'`.","category":"DeprecatedImportWarning","filename":"/opt/airflow/dags/hello_world_dag.py","lineno":4,"logger":"py.warnings"}
{"timestamp":"2026-02-23T05:19:58.361459Z","level":"warning","event":"The `airflow.operators.empty.EmptyOperator` attribute is deprecated. Please use `'airflow.providers.standard.operators.empty.EmptyOperator'`.","category":"DeprecatedImportWarning","filename":"/opt/airflow/dags/hello_world_dag.py","lineno":5,"logger":"py.warnings"}
{"timestamp":"2026-02-23T05:19:58.361999Z","level":"warning","event":"The `airflow.utils.timezone.datetime` attribute is deprecated. Please use `'airflow.sdk.timezone.datetime'`.","category":"DeprecatedImportWarning","filename":"/opt/airflow/dags/hello_world_dag.py","lineno":27,"logger":"py.warnings"}
{"timestamp":"2026-02-23T05:20:29.297722Z","level":"info","event":"Filling up the DagBag from /opt/airflow/dags/hello_world_dag.py","logger":"airflow.models.dagbag.BundleDagBag","filename":"dagbag.py","lineno":593}
{"timestamp":"2026-02-23T05:20:29.312846Z","level":"warning","event":"The `airflow.operators.python.PythonOperator` attribute is deprecated. Please use `'airflow.providers.standard.operators.python.PythonOperator'`.","category":"DeprecatedImportWarning","filename":"/opt/airflow/dags/hello_world_dag.py","lineno":4,"logger":"py.warnings"}
{"timestamp":"2026-02-23T05:20:29.312998Z","level":"warning","event":"The `airflow.operators.empty.EmptyOperator` attribute is deprecated. Please use `'airflow.providers.standard.operators.empty.EmptyOperator'`.","category":"DeprecatedImportWarning","filename":"/opt/airflow/dags/hello_world_dag.py","lineno":5,"logger":"py.warnings"}
{"timestamp":"2026-02-23T05:20:29.313056Z","level":"warning","event":"The `airflow.utils.timezone.datetime` attribute is deprecated. Please use `'airflow.sdk.timezone.datetime'`.","category":"DeprecatedImportWarning","filename":"/opt/airflow/dags/hello_world_dag.py","lineno":27,"logger":"py.warnings"}
{"timestamp":"2026-02-23T05:21:00.001542Z","level":"info","event":"Filling up the DagBag from /opt/airflow/dags/hello_world_dag.py","logger":"airflow.models.dagbag.BundleDagBag","filename":"dagbag.py","lineno":593}
{"timestamp":"2026-02-23T05:21:00.021992Z","level":"warning","event":"The `airflow.operators.python.PythonOperator` attribute is deprecated. Please use `'airflow.providers.standard.operators.python.PythonOperator'`.","category":"DeprecatedImportWarning","filename":"/opt/airflow/dags/hello_world_dag.py","lineno":4,"logger":"py.warnings"}
{"timestamp":"2026-02-23T05:21:00.022474Z","level":"warning","event":"The `airflow.operators.empty.EmptyOperator` attribute is deprecated. Please use `'airflow.providers.standard.operators.empty.EmptyOperator'`.","category":"DeprecatedImportWarning","filename":"/opt/airflow/dags/hello_world_dag.py","lineno":5,"logger":"py.warnings"}
{"timestamp":"2026-02-23T05:21:00.022582Z","level":"warning","event":"The `airflow.utils.timezone.datetime` attribute is deprecated. Please use `'airflow.sdk.timezone.datetime'`.","category":"DeprecatedImportWarning","filename":"/opt/airflow/dags/hello_world_dag.py","lineno":27,"logger":"py.warnings"}
{"timestamp":"2026-02-23T05:21:30.576150Z","level":"info","event":"Filling up the DagBag from /opt/airflow/dags/hello_world_dag.py","logger":"airflow.models.dagbag.BundleDagBag","filename":"dagbag.py","lineno":593}
{"timestamp":"2026-02-23T05:21:30.585596Z","level":"warning","event":"The `airflow.operators.python.PythonOperator` attribute is deprecated. Please use `'airflow.providers.standard.operators.python.PythonOperator'`.","category":"DeprecatedImportWarning","filename":"/opt/airflow/dags/hello_world_dag.py","lineno":4,"logger":"py.warnings"}
{"timestamp":"2026-02-23T05:21:30.586168Z","level":"warning","event":"The `airflow.operators.empty.EmptyOperator` attribute is deprecated. Please use `'airflow.providers.standard.operators.empty.EmptyOperator'`.","category":"DeprecatedImportWarning","filename":"/opt/airflow/dags/hello_world_dag.py","lineno":5,"logger":"py.warnings"}
{"timestamp":"2026-02-23T05:21:30.586435Z","level":"warning","event":"The `airflow.utils.timezone.datetime` attribute is deprecated. Please use `'airflow.sdk.timezone.datetime'`.","category":"DeprecatedImportWarning","filename":"/opt/airflow/dags/hello_world_dag.py","lineno":27,"logger":"py.warnings"}
{"timestamp":"2026-02-23T05:22:00.890854Z","level":"info","event":"Filling up the DagBag from /opt/airflow/dags/hello_world_dag.py","logger":"airflow.models.dagbag.BundleDagBag","filename":"dagbag.py","lineno":593}
{"timestamp":"2026-02-23T05:22:00.907006Z","level":"warning","event":"The `airflow.operators.python.PythonOperator` attribute is deprecated. Please use `'airflow.providers.standard.operators.python.PythonOperator'`.","category":"DeprecatedImportWarning","filename":"/opt/airflow/dags/hello_world_dag.py","lineno":4,"logger":"py.warnings"}
{"timestamp":"2026-02-23T05:22:00.907123Z","level":"warning","event":"The `airflow.operators.empty.EmptyOperator` attribute is deprecated. Please use `'airflow.providers.standard.operators.empty.EmptyOperator'`.","category":"DeprecatedImportWarning","filename":"/opt/airflow/dags/hello_world_dag.py","lineno":5,"logger":"py.warnings"}
{"timestamp":"2026-02-23T05:22:00.907211Z","level":"warning","event":"The `airflow.utils.timezone.datetime` attribute is deprecated. Please use `'airflow.sdk.timezone.datetime'`.","category":"DeprecatedImportWarning","filename":"/opt/airflow/dags/hello_world_dag.py","lineno":27,"logger":"py.warnings"}
{"timestamp":"2026-02-23T05:22:31.094922Z","level":"info","event":"Filling up the DagBag from /opt/airflow/dags/hello_world_dag.py","logger":"airflow.models.dagbag.BundleDagBag","filename":"dagbag.py","lineno":593}
{"timestamp":"2026-02-23T05:22:31.111230Z","level":"warning","event":"The `airflow.operators.python.PythonOperator` attribute is deprecated. Please use `'airflow.providers.standard.operators.python.PythonOperator'`.","category":"DeprecatedImportWarning","filename":"/opt/airflow/dags/hello_world_dag.py","lineno":4,"logger":"py.warnings"}
{"timestamp":"2026-02-23T05:22:31.112512Z","level":"warning","event":"The `airflow.operators.empty.EmptyOperator` attribute is deprecated. Please use `'airflow.providers.standard.operators.empty.EmptyOperator'`.","category":"DeprecatedImportWarning","filename":"/opt/airflow/dags/hello_world_dag.py","lineno":5,"logger":"py.warnings"}
{"timestamp":"2026-02-23T05:22:31.112596Z","level":"warning","event":"The `airflow.utils.timezone.datetime` attribute is deprecated. Please use `'airflow.sdk.timezone.datetime'`.","category":"DeprecatedImportWarning","filename":"/opt/airflow/dags/hello_world_dag.py","lineno":27,"logger":"py.warnings"}
{"timestamp":"2026-02-23T05:23:01.901040Z","level":"info","event":"Filling up the DagBag from /opt/airflow/dags/hello_world_dag.py","logger":"airflow.models.dagbag.BundleDagBag","filename":"dagbag.py","lineno":593}
{"timestamp":"2026-02-23T05:23:01.932335Z","level":"warning","event":"The `airflow.operators.python.PythonOperator` attribute is deprecated. Please use `'airflow.providers.standard.operators.python.PythonOperator'`.","category":"DeprecatedImportWarning","filename":"/opt/airflow/dags/hello_world_dag.py","lineno":4,"logger":"py.warnings"}
{"timestamp":"2026-02-23T05:23:01.932565Z","level":"warning","event":"The `airflow.operators.empty.EmptyOperator` attribute is deprecated. Please use `'airflow.providers.standard.operators.empty.EmptyOperator'`.","category":"DeprecatedImportWarning","filename":"/opt/airflow/dags/hello_world_dag.py","lineno":5,"logger":"py.warnings"}
{"timestamp":"2026-02-23T05:23:01.932652Z","level":"warning","event":"The `airflow.utils.timezone.datetime` attribute is deprecated. Please use `'airflow.sdk.timezone.datetime'`.","category":"DeprecatedImportWarning","filename":"/opt/airflow/dags/hello_world_dag.py","lineno":27,"logger":"py.warnings"}
{"timestamp":"2026-02-23T05:23:32.374992Z","level":"info","event":"Filling up the DagBag from /opt/airflow/dags/hello_world_dag.py","logger":"airflow.models.dagbag.BundleDagBag","filename":"dagbag.py","lineno":593}
{"timestamp":"2026-02-23T05:23:32.396100Z","level":"warning","event":"The `airflow.operators.python.PythonOperator` attribute is deprecated. Please use `'airflow.providers.standard.operators.python.PythonOperator'`.","category":"DeprecatedImportWarning","filename":"/opt/airflow/dags/hello_world_dag.py","lineno":4,"logger":"py.warnings"}
{"timestamp":"2026-02-23T05:23:32.396238Z","level":"warning","event":"The `airflow.operators.empty.EmptyOperator` attribute is deprecated. Please use `'airflow.providers.standard.operators.empty.EmptyOperator'`.","category":"DeprecatedImportWarning","filename":"/opt/airflow/dags/hello_world_dag.py","lineno":5,"logger":"py.warnings"}
{"timestamp":"2026-02-23T05:23:32.396341Z","level":"warning","event":"The `airflow.utils.timezone.datetime` attribute is deprecated. Please use `'airflow.sdk.timezone.datetime'`.","category":"DeprecatedImportWarning","filename":"/opt/airflow/dags/hello_world_dag.py","lineno":27,"logger":"py.warnings"}
{"timestamp":"2026-02-23T05:24:02.808732Z","level":"info","event":"Filling up the DagBag from /opt/airflow/dags/hello_world_dag.py","logger":"airflow.models.dagbag.BundleDagBag","filename":"dagbag.py","lineno":593}
{"timestamp":"2026-02-23T05:24:02.826394Z","level":"warning","event":"The `airflow.operators.python.PythonOperator` attribute is deprecated. Please use `'airflow.providers.standard.operators.python.PythonOperator'`.","category":"DeprecatedImportWarning","filename":"/opt/airflow/dags/hello_world_dag.py","lineno":4,"logger":"py.warnings"}
{"timestamp":"2026-02-23T05:24:02.827569Z","level":"warning","event":"The `airflow.operators.empty.EmptyOperator` attribute is deprecated. Please use `'airflow.providers.standard.operators.empty.EmptyOperator'`.","category":"DeprecatedImportWarning","filename":"/opt/airflow/dags/hello_world_dag.py","lineno":5,"logger":"py.warnings"}
{"timestamp":"2026-02-23T05:24:02.827676Z","level":"warning","event":"The `airflow.utils.timezone.datetime` attribute is deprecated. Please use `'airflow.sdk.timezone.datetime'`.","category":"DeprecatedImportWarning","filename":"/opt/airflow/dags/hello_world_dag.py","lineno":27,"logger":"py.warnings"}
{"timestamp":"2026-02-23T05:24:33.175136Z","level":"info","event":"Filling up the DagBag from /opt/airflow/dags/hello_world_dag.py","logger":"airflow.models.dagbag.BundleDagBag","filename":"dagbag.py","lineno":593}
{"timestamp":"2026-02-23T05:24:33.197282Z","level":"warning","event":"The `airflow.operators.python.PythonOperator` attribute is deprecated. Please use `'airflow.providers.standard.operators.python.PythonOperator'`.","category":"DeprecatedImportWarning","filename":"/opt/airflow/dags/hello_world_dag.py","lineno":4,"logger":"py.warnings"}
{"timestamp":"2026-02-23T05:24:33.197792Z","level":"warning","event":"The `airflow.operators.empty.EmptyOperator` attribute is deprecated. Please use `'airflow.providers.standard.operators.empty.EmptyOperator'`.","category":"DeprecatedImportWarning","filename":"/opt/airflow/dags/hello_world_dag.py","lineno":5,"logger":"py.warnings"}
{"timestamp":"2026-02-23T05:24:33.197932Z","level":"warning","event":"The `airflow.utils.timezone.datetime` attribute is deprecated. Please use `'airflow.sdk.timezone.datetime'`.","category":"DeprecatedImportWarning","filename":"/opt/airflow/dags/hello_world_dag.py","lineno":27,"logger":"py.warnings"}
{"timestamp":"2026-02-23T05:25:04.129120Z","level":"info","event":"Filling up the DagBag from /opt/airflow/dags/hello_world_dag.py","logger":"airflow.models.dagbag.BundleDagBag","filename":"dagbag.py","lineno":593}
{"timestamp":"2026-02-23T05:25:04.162519Z","level":"warning","event":"The `airflow.operators.python.PythonOperator` attribute is deprecated. Please use `'airflow.providers.standard.operators.python.PythonOperator'`.","category":"DeprecatedImportWarning","filename":"/opt/airflow/dags/hello_world_dag.py","lineno":4,"logger":"py.warnings"}
{"timestamp":"2026-02-23T05:25:04.162706Z","level":"warning","event":"The `airflow.operators.empty.EmptyOperator` attribute is deprecated. Please use `'airflow.providers.standard.operators.empty.EmptyOperator'`.","category":"DeprecatedImportWarning","filename":"/opt/airflow/dags/hello_world_dag.py","lineno":5,"logger":"py.warnings"}
{"timestamp":"2026-02-23T05:25:04.162785Z","level":"warning","event":"The `airflow.utils.timezone.datetime` attribute is deprecated. Please use `'airflow.sdk.timezone.datetime'`.","category":"DeprecatedImportWarning","filename":"/opt/airflow/dags/hello_world_dag.py","lineno":27,"logger":"py.warnings"}
{"timestamp":"2026-02-23T05:25:35.043958Z","level":"info","event":"Filling up the DagBag from /opt/airflow/dags/hello_world_dag.py","logger":"airflow.models.dagbag.BundleDagBag","filename":"dagbag.py","lineno":593}
{"timestamp":"2026-02-23T05:25:35.059591Z","level":"warning","event":"The `airflow.operators.python.PythonOperator` attribute is deprecated. Please use `'airflow.providers.standard.operators.python.PythonOperator'`.","category":"DeprecatedImportWarning","filename":"/opt/airflow/dags/hello_world_dag.py","lineno":4,"logger":"py.warnings"}
{"timestamp":"2026-02-23T05:25:35.059719Z","level":"warning","event":"The `airflow.operators.empty.EmptyOperator` attribute is deprecated. Please use `'airflow.providers.standard.operators.empty.EmptyOperator'`.","category":"DeprecatedImportWarning","filename":"/opt/airflow/dags/hello_world_dag.py","lineno":5,"logger":"py.warnings"}
{"timestamp":"2026-02-23T05:25:35.059794Z","level":"warning","event":"The `airflow.utils.timezone.datetime` attribute is deprecated. Please use `'airflow.sdk.timezone.datetime'`.","category":"DeprecatedImportWarning","filename":"/opt/airflow/dags/hello_world_dag.py","lineno":27,"logger":"py.warnings"}
{"timestamp":"2026-02-23T05:26:05.965562Z","level":"info","event":"Filling up the DagBag from /opt/airflow/dags/hello_world_dag.py","logger":"airflow.models.dagbag.BundleDagBag","filename":"dagbag.py","lineno":593}
{"timestamp":"2026-02-23T05:26:05.995425Z","level":"warning","event":"The `airflow.operators.python.PythonOperator` attribute is deprecated. Please use `'airflow.providers.standard.operators.python.PythonOperator'`.","category":"DeprecatedImportWarning","filename":"/opt/airflow/dags/hello_world_dag.py","lineno":4,"logger":"py.warnings"}
{"timestamp":"2026-02-23T05:26:05.995577Z","level":"warning","event":"The `airflow.operators.empty.EmptyOperator` attribute is deprecated. Please use `'airflow.providers.standard.operators.empty.EmptyOperator'`.","category":"DeprecatedImportWarning","filename":"/opt/airflow/dags/hello_world_dag.py","lineno":5,"logger":"py.warnings"}
{"timestamp":"2026-02-23T05:26:05.995626Z","level":"warning","event":"The `airflow.utils.timezone.datetime` attribute is deprecated. Please use `'airflow.sdk.timezone.datetime'`.","category":"DeprecatedImportWarning","filename":"/opt/airflow/dags/hello_world_dag.py","lineno":27,"logger":"py.warnings"}
{"timestamp":"2026-02-23T05:26:36.649455Z","level":"info","event":"Filling up the DagBag from /opt/airflow/dags/hello_world_dag.py","logger":"airflow.models.dagbag.BundleDagBag","filename":"dagbag.py","lineno":593}
{"timestamp":"2026-02-23T05:26:36.662288Z","level":"warning","event":"The `airflow.operators.python.PythonOperator` attribute is deprecated. Please use `'airflow.providers.standard.operators.python.PythonOperator'`.","category":"DeprecatedImportWarning","filename":"/opt/airflow/dags/hello_world_dag.py","lineno":4,"logger":"py.warnings"}
{"timestamp":"2026-02-23T05:26:36.662525Z","level":"warning","event":"The `airflow.operators.empty.EmptyOperator` attribute is deprecated. Please use `'airflow.providers.standard.operators.empty.EmptyOperator'`.","category":"DeprecatedImportWarning","filename":"/opt/airflow/dags/hello_world_dag.py","lineno":5,"logger":"py.warnings"}
{"timestamp":"2026-02-23T05:26:36.662639Z","level":"warning","event":"The `airflow.utils.timezone.datetime` attribute is deprecated. Please use `'airflow.sdk.timezone.datetime'`.","category":"DeprecatedImportWarning","filename":"/opt/airflow/dags/hello_world_dag.py","lineno":27,"logger":"py.warnings"}
{"timestamp":"2026-02-23T05:27:07.075590Z","level":"info","event":"Filling up the DagBag from /opt/airflow/dags/hello_world_dag.py","logger":"airflow.models.dagbag.BundleDagBag","filename":"dagbag.py","lineno":593}
{"timestamp":"2026-02-23T05:27:07.097568Z","level":"warning","event":"The `airflow.operators.python.PythonOperator` attribute is deprecated. Please use `'airflow.providers.standard.operators.python.PythonOperator'`.","category":"DeprecatedImportWarning","filename":"/opt/airflow/dags/hello_world_dag.py","lineno":4,"logger":"py.warnings"}
{"timestamp":"2026-02-23T05:27:07.097739Z","level":"warning","event":"The `airflow.operators.empty.EmptyOperator` attribute is deprecated. Please use `'airflow.providers.standard.operators.empty.EmptyOperator'`.","category":"DeprecatedImportWarning","filename":"/opt/airflow/dags/hello_world_dag.py","lineno":5,"logger":"py.warnings"}
{"timestamp":"2026-02-23T05:27:07.097862Z","level":"warning","event":"The `airflow.utils.timezone.datetime` attribute is deprecated. Please use `'airflow.sdk.timezone.datetime'`.","category":"DeprecatedImportWarning","filename":"/opt/airflow/dags/hello_world_dag.py","lineno":27,"logger":"py.warnings"}
{"timestamp":"2026-02-23T05:27:37.993337Z","level":"info","event":"Filling up the DagBag from /opt/airflow/dags/hello_world_dag.py","logger":"airflow.models.dagbag.BundleDagBag","filename":"dagbag.py","lineno":593}
{"timestamp":"2026-02-23T05:27:38.005538Z","level":"warning","event":"The `airflow.operators.python.PythonOperator` attribute is deprecated. Please use `'airflow.providers.standard.operators.python.PythonOperator'`.","category":"DeprecatedImportWarning","filename":"/opt/airflow/dags/hello_world_dag.py","lineno":4,"logger":"py.warnings"}
{"timestamp":"2026-02-23T05:27:38.005647Z","level":"warning","event":"The `airflow.operators.empty.EmptyOperator` attribute is deprecated. Please use `'airflow.providers.standard.operators.empty.EmptyOperator'`.","category":"DeprecatedImportWarning","filename":"/opt/airflow/dags/hello_world_dag.py","lineno":5,"logger":"py.warnings"}
{"timestamp":"2026-02-23T05:27:38.005720Z","level":"warning","event":"The `airflow.utils.timezone.datetime` attribute is deprecated. Please use `'airflow.sdk.timezone.datetime'`.","category":"DeprecatedImportWarning","filename":"/opt/airflow/dags/hello_world_dag.py","lineno":27,"logger":"py.warnings"}
{"timestamp":"2026-02-23T05:28:08.650296Z","level":"info","event":"Filling up the DagBag from /opt/airflow/dags/hello_world_dag.py","logger":"airflow.models.dagbag.BundleDagBag","filename":"dagbag.py","lineno":593}
{"timestamp":"2026-02-23T05:28:08.668814Z","level":"warning","event":"The `airflow.operators.python.PythonOperator` attribute is deprecated. Please use `'airflow.providers.standard.operators.python.PythonOperator'`.","category":"DeprecatedImportWarning","filename":"/opt/airflow/dags/hello_world_dag.py","lineno":4,"logger":"py.warnings"}
{"timestamp":"2026-02-23T05:28:08.668927Z","level":"warning","event":"The `airflow.operators.empty.EmptyOperator` attribute is deprecated. Please use `'airflow.providers.standard.operators.empty.EmptyOperator'`.","category":"DeprecatedImportWarning","filename":"/opt/airflow/dags/hello_world_dag.py","lineno":5,"logger":"py.warnings"}
{"timestamp":"2026-02-23T05:28:08.668980Z","level":"warning","event":"The `airflow.utils.timezone.datetime` attribute is deprecated. Please use `'airflow.sdk.timezone.datetime'`.","category":"DeprecatedImportWarning","filename":"/opt/airflow/dags/hello_world_dag.py","lineno":27,"logger":"py.warnings"}
{"timestamp":"2026-02-23T05:28:38.962346Z","level":"info","event":"Filling up the DagBag from /opt/airflow/dags/hello_world_dag.py","logger":"airflow.models.dagbag.BundleDagBag","filename":"dagbag.py","lineno":593}
{"timestamp":"2026-02-23T05:28:38.972619Z","level":"warning","event":"The `airflow.operators.python.PythonOperator` attribute is deprecated. Please use `'airflow.providers.standard.operators.python.PythonOperator'`.","category":"DeprecatedImportWarning","filename":"/opt/airflow/dags/hello_world_dag.py","lineno":4,"logger":"py.warnings"}
{"timestamp":"2026-02-23T05:28:38.972734Z","level":"warning","event":"The `airflow.operators.empty.EmptyOperator` attribute is deprecated. Please use `'airflow.providers.standard.operators.empty.EmptyOperator'`.","category":"DeprecatedImportWarning","filename":"/opt/airflow/dags/hello_world_dag.py","lineno":5,"logger":"py.warnings"}
{"timestamp":"2026-02-23T05:28:38.972810Z","level":"warning","event":"The `airflow.utils.timezone.datetime` attribute is deprecated. Please use `'airflow.sdk.timezone.datetime'`.","category":"DeprecatedImportWarning","filename":"/opt/airflow/dags/hello_world_dag.py","lineno":27,"logger":"py.warnings"}
{"timestamp":"2026-02-23T05:29:09.104750Z","level":"info","event":"Filling up the DagBag from /opt/airflow/dags/hello_world_dag.py","logger":"airflow.models.dagbag.BundleDagBag","filename":"dagbag.py","lineno":593}
{"timestamp":"2026-02-23T05:29:09.120611Z","level":"warning","event":"The `airflow.operators.python.PythonOperator` attribute is deprecated. Please use `'airflow.providers.standard.operators.python.PythonOperator'`.","category":"DeprecatedImportWarning","filename":"/opt/airflow/dags/hello_world_dag.py","lineno":4,"logger":"py.warnings"}
{"timestamp":"2026-02-23T05:29:09.120700Z","level":"warning","event":"The `airflow.operators.empty.EmptyOperator` attribute is deprecated. Please use `'airflow.providers.standard.operators.empty.EmptyOperator'`.","category":"DeprecatedImportWarning","filename":"/opt/airflow/dags/hello_world_dag.py","lineno":5,"logger":"py.warnings"}
{"timestamp":"2026-02-23T05:29:09.120742Z","level":"warning","event":"The `airflow.utils.timezone.datetime` attribute is deprecated. Please use `'airflow.sdk.timezone.datetime'`.","category":"DeprecatedImportWarning","filename":"/opt/airflow/dags/hello_world_dag.py","lineno":27,"logger":"py.warnings"}
{"timestamp":"2026-02-23T05:29:39.726577Z","level":"info","event":"Filling up the DagBag from /opt/airflow/dags/hello_world_dag.py","logger":"airflow.models.dagbag.BundleDagBag","filename":"dagbag.py","lineno":593}
{"timestamp":"2026-02-23T05:29:39.746218Z","level":"warning","event":"The `airflow.operators.python.PythonOperator` attribute is deprecated. Please use `'airflow.providers.standard.operators.python.PythonOperator'`.","category":"DeprecatedImportWarning","filename":"/opt/airflow/dags/hello_world_dag.py","lineno":4,"logger":"py.warnings"}
{"timestamp":"2026-02-23T05:29:39.746405Z","level":"warning","event":"The `airflow.operators.empty.EmptyOperator` attribute is deprecated. Please use `'airflow.providers.standard.operators.empty.EmptyOperator'`.","category":"DeprecatedImportWarning","filename":"/opt/airflow/dags/hello_world_dag.py","lineno":5,"logger":"py.warnings"}
{"timestamp":"2026-02-23T05:29:39.746508Z","level":"warning","event":"The `airflow.utils.timezone.datetime` attribute is deprecated. Please use `'airflow.sdk.timezone.datetime'`.","category":"DeprecatedImportWarning","filename":"/opt/airflow/dags/hello_world_dag.py","lineno":27,"logger":"py.warnings"}
{"timestamp":"2026-02-23T05:30:10.718458Z","level":"info","event":"Filling up the DagBag from /opt/airflow/dags/hello_world_dag.py","logger":"airflow.models.dagbag.BundleDagBag","filename":"dagbag.py","lineno":593}
{"timestamp":"2026-02-23T05:30:10.737566Z","level":"warning","event":"The `airflow.operators.python.PythonOperator` attribute is deprecated. Please use `'airflow.providers.standard.operators.python.PythonOperator'`.","category":"DeprecatedImportWarning","filename":"/opt/airflow/dags/hello_world_dag.py","lineno":4,"logger":"py.warnings"}
{"timestamp":"2026-02-23T05:30:10.737760Z","level":"warning","event":"The `airflow.operators.empty.EmptyOperator` attribute is deprecated. Please use `'airflow.providers.standard.operators.empty.EmptyOperator'`.","category":"DeprecatedImportWarning","filename":"/opt/airflow/dags/hello_world_dag.py","lineno":5,"logger":"py.warnings"}
{"timestamp":"2026-02-23T05:30:10.737847Z","level":"warning","event":"The `airflow.utils.timezone.datetime` attribute is deprecated. Please use `'airflow.sdk.timezone.datetime'`.","category":"DeprecatedImportWarning","filename":"/opt/airflow/dags/hello_world_dag.py","lineno":27,"logger":"py.warnings"}
{"timestamp":"2026-02-23T05:30:41.345422Z","level":"info","event":"Filling up the DagBag from /opt/airflow/dags/hello_world_dag.py","logger":"airflow.models.dagbag.BundleDagBag","filename":"dagbag.py","lineno":593}
{"timestamp":"2026-02-23T05:30:41.380139Z","level":"warning","event":"The `airflow.operators.python.PythonOperator` attribute is deprecated. Please use `'airflow.providers.standard.operators.python.PythonOperator'`.","category":"DeprecatedImportWarning","filename":"/opt/airflow/dags/hello_world_dag.py","lineno":4,"logger":"py.warnings"}
{"timestamp":"2026-02-23T05:30:41.380362Z","level":"warning","event":"The `airflow.operators.empty.EmptyOperator` attribute is deprecated. Please use `'airflow.providers.standard.operators.empty.EmptyOperator'`.","category":"DeprecatedImportWarning","filename":"/opt/airflow/dags/hello_world_dag.py","lineno":5,"logger":"py.warnings"}
{"timestamp":"2026-02-23T05:30:41.380474Z","level":"warning","event":"The `airflow.utils.timezone.datetime` attribute is deprecated. Please use `'airflow.sdk.timezone.datetime'`.","category":"DeprecatedImportWarning","filename":"/opt/airflow/dags/hello_world_dag.py","lineno":27,"logger":"py.warnings"}
{"timestamp":"2026-02-23T05:31:12.208304Z","level":"info","event":"Filling up the DagBag from /opt/airflow/dags/hello_world_dag.py","logger":"airflow.models.dagbag.BundleDagBag","filename":"dagbag.py","lineno":593}
{"timestamp":"2026-02-23T05:31:12.326696Z","level":"warning","event":"The `airflow.operators.python.PythonOperator` attribute is deprecated. Please use `'airflow.providers.standard.operators.python.PythonOperator'`.","category":"DeprecatedImportWarning","filename":"/opt/airflow/dags/hello_world_dag.py","lineno":4,"logger":"py.warnings"}
{"timestamp":"2026-02-23T05:31:12.327065Z","level":"warning","event":"The `airflow.operators.empty.EmptyOperator` attribute is deprecated. Please use `'airflow.providers.standard.operators.empty.EmptyOperator'`.","category":"DeprecatedImportWarning","filename":"/opt/airflow/dags/hello_world_dag.py","lineno":5,"logger":"py.warnings"}
{"timestamp":"2026-02-23T05:31:12.327161Z","level":"warning","event":"The `airflow.utils.timezone.datetime` attribute is deprecated. Please use `'airflow.sdk.timezone.datetime'`.","category":"DeprecatedImportWarning","filename":"/opt/airflow/dags/hello_world_dag.py","lineno":27,"logger":"py.warnings"}
{"timestamp":"2026-02-23T05:31:43.511659Z","level":"info","event":"Filling up the DagBag from /opt/airflow/dags/hello_world_dag.py","logger":"airflow.models.dagbag.BundleDagBag","filename":"dagbag.py","lineno":593}
{"timestamp":"2026-02-23T05:31:43.583435Z","level":"warning","event":"The `airflow.operators.python.PythonOperator` attribute is deprecated. Please use `'airflow.providers.standard.operators.python.PythonOperator'`.","category":"DeprecatedImportWarning","filename":"/opt/airflow/dags/hello_world_dag.py","lineno":4,"logger":"py.warnings"}
{"timestamp":"2026-02-23T05:31:43.583631Z","level":"warning","event":"The `airflow.operators.empty.EmptyOperator` attribute is deprecated. Please use `'airflow.providers.standard.operators.empty.EmptyOperator'`.","category":"DeprecatedImportWarning","filename":"/opt/airflow/dags/hello_world_dag.py","lineno":5,"logger":"py.warnings"}
{"timestamp":"2026-02-23T05:31:43.583734Z","level":"warning","event":"The `airflow.utils.timezone.datetime` attribute is deprecated. Please use `'airflow.sdk.timezone.datetime'`.","category":"DeprecatedImportWarning","filename":"/opt/airflow/dags/hello_world_dag.py","lineno":27,"logger":"py.warnings"}
{"timestamp":"2026-02-23T05:32:15.044694Z","level":"info","event":"Filling up the DagBag from /opt/airflow/dags/hello_world_dag.py","logger":"airflow.models.dagbag.BundleDagBag","filename":"dagbag.py","lineno":593}
{"timestamp":"2026-02-23T05:32:15.131814Z","level":"warning","event":"The `airflow.operators.python.PythonOperator` attribute is deprecated. Please use `'airflow.providers.standard.operators.python.PythonOperator'`.","category":"DeprecatedImportWarning","filename":"/opt/airflow/dags/hello_world_dag.py","lineno":4,"logger":"py.warnings"}
{"timestamp":"2026-02-23T05:32:15.132108Z","level":"warning","event":"The `airflow.operators.empty.EmptyOperator` attribute is deprecated. Please use `'airflow.providers.standard.operators.empty.EmptyOperator'`.","category":"DeprecatedImportWarning","filename":"/opt/airflow/dags/hello_world_dag.py","lineno":5,"logger":"py.warnings"}
{"timestamp":"2026-02-23T05:32:15.132594Z","level":"warning","event":"The `airflow.utils.timezone.datetime` attribute is deprecated. Please use `'airflow.sdk.timezone.datetime'`.","category":"DeprecatedImportWarning","filename":"/opt/airflow/dags/hello_world_dag.py","lineno":27,"logger":"py.warnings"}
{"timestamp":"2026-02-23T05:32:45.453168Z","level":"info","event":"Filling up the DagBag from /opt/airflow/dags/hello_world_dag.py","logger":"airflow.models.dagbag.BundleDagBag","filename":"dagbag.py","lineno":593}
{"timestamp":"2026-02-23T05:32:45.509672Z","level":"warning","event":"The `airflow.operators.python.PythonOperator` attribute is deprecated. Please use `'airflow.providers.standard.operators.python.PythonOperator'`.","category":"DeprecatedImportWarning","filename":"/opt/airflow/dags/hello_world_dag.py","lineno":4,"logger":"py.warnings"}
{"timestamp":"2026-02-23T05:32:45.509895Z","level":"warning","event":"The `airflow.operators.empty.EmptyOperator` attribute is deprecated. Please use `'airflow.providers.standard.operators.empty.EmptyOperator'`.","category":"DeprecatedImportWarning","filename":"/opt/airflow/dags/hello_world_dag.py","lineno":5,"logger":"py.warnings"}
{"timestamp":"2026-02-23T05:32:45.510021Z","level":"warning","event":"The `airflow.utils.timezone.datetime` attribute is deprecated. Please use `'airflow.sdk.timezone.datetime'`.","category":"DeprecatedImportWarning","filename":"/opt/airflow/dags/hello_world_dag.py","lineno":27,"logger":"py.warnings"}
{"timestamp":"2026-02-23T05:33:15.908529Z","level":"info","event":"Filling up the DagBag from /opt/airflow/dags/hello_world_dag.py","logger":"airflow.models.dagbag.BundleDagBag","filename":"dagbag.py","lineno":593}
{"timestamp":"2026-02-23T05:33:15.928424Z","level":"warning","event":"The `airflow.operators.python.PythonOperator` attribute is deprecated. Please use `'airflow.providers.standard.operators.python.PythonOperator'`.","category":"DeprecatedImportWarning","filename":"/opt/airflow/dags/hello_world_dag.py","lineno":4,"logger":"py.warnings"}
{"timestamp":"2026-02-23T05:33:15.928554Z","level":"warning","event":"The `airflow.operators.empty.EmptyOperator` attribute is deprecated. Please use `'airflow.providers.standard.operators.empty.EmptyOperator'`.","category":"DeprecatedImportWarning","filename":"/opt/airflow/dags/hello_world_dag.py","lineno":5,"logger":"py.warnings"}
{"timestamp":"2026-02-23T05:33:15.928602Z","level":"warning","event":"The `airflow.utils.timezone.datetime` attribute is deprecated. Please use `'airflow.sdk.timezone.datetime'`.","category":"DeprecatedImportWarning","filename":"/opt/airflow/dags/hello_world_dag.py","lineno":27,"logger":"py.warnings"}
{"timestamp":"2026-02-23T05:33:46.202670Z","level":"info","event":"Filling up the DagBag from /opt/airflow/dags/hello_world_dag.py","logger":"airflow.models.dagbag.BundleDagBag","filename":"dagbag.py","lineno":593}
{"timestamp":"2026-02-23T05:33:46.248876Z","level":"warning","event":"The `airflow.operators.python.PythonOperator` attribute is deprecated. Please use `'airflow.providers.standard.operators.python.PythonOperator'`.","category":"DeprecatedImportWarning","filename":"/opt/airflow/dags/hello_world_dag.py","lineno":4,"logger":"py.warnings"}
{"timestamp":"2026-02-23T05:33:46.249113Z","level":"warning","event":"The `airflow.operators.empty.EmptyOperator` attribute is deprecated. Please use `'airflow.providers.standard.operators.empty.EmptyOperator'`.","category":"DeprecatedImportWarning","filename":"/opt/airflow/dags/hello_world_dag.py","lineno":5,"logger":"py.warnings"}
{"timestamp":"2026-02-23T05:33:46.249198Z","level":"warning","event":"The `airflow.utils.timezone.datetime` attribute is deprecated. Please use `'airflow.sdk.timezone.datetime'`.","category":"DeprecatedImportWarning","filename":"/opt/airflow/dags/hello_world_dag.py","lineno":27,"logger":"py.warnings"}
{"timestamp":"2026-02-23T05:34:16.643611Z","level":"info","event":"Filling up the DagBag from /opt/airflow/dags/hello_world_dag.py","logger":"airflow.models.dagbag.BundleDagBag","filename":"dagbag.py","lineno":593}
{"timestamp":"2026-02-23T05:34:16.658344Z","level":"warning","event":"The `airflow.operators.python.PythonOperator` attribute is deprecated. Please use `'airflow.providers.standard.operators.python.PythonOperator'`.","category":"DeprecatedImportWarning","filename":"/opt/airflow/dags/hello_world_dag.py","lineno":4,"logger":"py.warnings"}
{"timestamp":"2026-02-23T05:34:16.658500Z","level":"warning","event":"The `airflow.operators.empty.EmptyOperator` attribute is deprecated. Please use `'airflow.providers.standard.operators.empty.EmptyOperator'`.","category":"DeprecatedImportWarning","filename":"/opt/airflow/dags/hello_world_dag.py","lineno":5,"logger":"py.warnings"}
{"timestamp":"2026-02-23T05:34:16.658556Z","level":"warning","event":"The `airflow.utils.timezone.datetime` attribute is deprecated. Please use `'airflow.sdk.timezone.datetime'`.","category":"DeprecatedImportWarning","filename":"/opt/airflow/dags/hello_world_dag.py","lineno":27,"logger":"py.warnings"}
{"timestamp":"2026-02-23T05:34:47.100252Z","level":"info","event":"Filling up the DagBag from /opt/airflow/dags/hello_world_dag.py","logger":"airflow.models.dagbag.BundleDagBag","filename":"dagbag.py","lineno":593}
{"timestamp":"2026-02-23T05:34:47.120498Z","level":"warning","event":"The `airflow.operators.python.PythonOperator` attribute is deprecated. Please use `'airflow.providers.standard.operators.python.PythonOperator'`.","category":"DeprecatedImportWarning","filename":"/opt/airflow/dags/hello_world_dag.py","lineno":4,"logger":"py.warnings"}
{"timestamp":"2026-02-23T05:34:47.120660Z","level":"warning","event":"The `airflow.operators.empty.EmptyOperator` attribute is deprecated. Please use `'airflow.providers.standard.operators.empty.EmptyOperator'`.","category":"DeprecatedImportWarning","filename":"/opt/airflow/dags/hello_world_dag.py","lineno":5,"logger":"py.warnings"}
{"timestamp":"2026-02-23T05:34:47.120720Z","level":"warning","event":"The `airflow.utils.timezone.datetime` attribute is deprecated. Please use `'airflow.sdk.timezone.datetime'`.","category":"DeprecatedImportWarning","filename":"/opt/airflow/dags/hello_world_dag.py","lineno":27,"logger":"py.warnings"}
{"timestamp":"2026-02-23T05:35:17.425760Z","level":"info","event":"Filling up the DagBag from /opt/airflow/dags/hello_world_dag.py","logger":"airflow.models.dagbag.BundleDagBag","filename":"dagbag.py","lineno":593}
{"timestamp":"2026-02-23T05:35:17.442388Z","level":"warning","event":"The `airflow.operators.python.PythonOperator` attribute is deprecated. Please use `'airflow.providers.standard.operators.python.PythonOperator'`.","category":"DeprecatedImportWarning","filename":"/opt/airflow/dags/hello_world_dag.py","lineno":4,"logger":"py.warnings"}
{"timestamp":"2026-02-23T05:35:17.442529Z","level":"warning","event":"The `airflow.operators.empty.EmptyOperator` attribute is deprecated. Please use `'airflow.providers.standard.operators.empty.EmptyOperator'`.","category":"DeprecatedImportWarning","filename":"/opt/airflow/dags/hello_world_dag.py","lineno":5,"logger":"py.warnings"}
{"timestamp":"2026-02-23T05:35:17.442577Z","level":"warning","event":"The `airflow.utils.timezone.datetime` attribute is deprecated. Please use `'airflow.sdk.timezone.datetime'`.","category":"DeprecatedImportWarning","filename":"/opt/airflow/dags/hello_world_dag.py","lineno":27,"logger":"py.warnings"}
{"timestamp":"2026-02-23T05:35:47.842853Z","level":"info","event":"Filling up the DagBag from /opt/airflow/dags/hello_world_dag.py","logger":"airflow.models.dagbag.BundleDagBag","filename":"dagbag.py","lineno":593}
{"timestamp":"2026-02-23T05:35:47.934872Z","level":"warning","event":"The `airflow.operators.python.PythonOperator` attribute is deprecated. Please use `'airflow.providers.standard.operators.python.PythonOperator'`.","category":"DeprecatedImportWarning","filename":"/opt/airflow/dags/hello_world_dag.py","lineno":4,"logger":"py.warnings"}
{"timestamp":"2026-02-23T05:35:47.935630Z","level":"warning","event":"The `airflow.operators.empty.EmptyOperator` attribute is deprecated. Please use `'airflow.providers.standard.operators.empty.EmptyOperator'`.","category":"DeprecatedImportWarning","filename":"/opt/airflow/dags/hello_world_dag.py","lineno":5,"logger":"py.warnings"}
{"timestamp":"2026-02-23T05:35:47.936112Z","level":"warning","event":"The `airflow.utils.timezone.datetime` attribute is deprecated. Please use `'airflow.sdk.timezone.datetime'`.","category":"DeprecatedImportWarning","filename":"/opt/airflow/dags/hello_world_dag.py","lineno":27,"logger":"py.warnings"}
{"timestamp":"2026-02-23T05:36:19.570147Z","level":"info","event":"Filling up the DagBag from /opt/airflow/dags/hello_world_dag.py","logger":"airflow.models.dagbag.BundleDagBag","filename":"dagbag.py","lineno":593}
{"timestamp":"2026-02-23T05:36:19.610758Z","level":"warning","event":"The `airflow.operators.python.PythonOperator` attribute is deprecated. Please use `'airflow.providers.standard.operators.python.PythonOperator'`.","category":"DeprecatedImportWarning","filename":"/opt/airflow/dags/hello_world_dag.py","lineno":4,"logger":"py.warnings"}
{"timestamp":"2026-02-23T05:36:19.611015Z","level":"warning","event":"The `airflow.operators.empty.EmptyOperator` attribute is deprecated. Please use `'airflow.providers.standard.operators.empty.EmptyOperator'`.","category":"DeprecatedImportWarning","filename":"/opt/airflow/dags/hello_world_dag.py","lineno":5,"logger":"py.warnings"}
{"timestamp":"2026-02-23T05:36:19.611119Z","level":"warning","event":"The `airflow.utils.timezone.datetime` attribute is deprecated. Please use `'airflow.sdk.timezone.datetime'`.","category":"DeprecatedImportWarning","filename":"/opt/airflow/dags/hello_world_dag.py","lineno":27,"logger":"py.warnings"}
{"timestamp":"2026-02-23T05:36:50.085737Z","level":"info","event":"Filling up the DagBag from /opt/airflow/dags/hello_world_dag.py","logger":"airflow.models.dagbag.BundleDagBag","filename":"dagbag.py","lineno":593}
{"timestamp":"2026-02-23T05:36:50.101398Z","level":"warning","event":"The `airflow.operators.python.PythonOperator` attribute is deprecated. Please use `'airflow.providers.standard.operators.python.PythonOperator'`.","category":"DeprecatedImportWarning","filename":"/opt/airflow/dags/hello_world_dag.py","lineno":4,"logger":"py.warnings"}
{"timestamp":"2026-02-23T05:36:50.101501Z","level":"warning","event":"The `airflow.operators.empty.EmptyOperator` attribute is deprecated. Please use `'airflow.providers.standard.operators.empty.EmptyOperator'`.","category":"DeprecatedImportWarning","filename":"/opt/airflow/dags/hello_world_dag.py","lineno":5,"logger":"py.warnings"}
{"timestamp":"2026-02-23T05:36:50.101558Z","level":"warning","event":"The `airflow.utils.timezone.datetime` attribute is deprecated. Please use `'airflow.sdk.timezone.datetime'`.","category":"DeprecatedImportWarning","filename":"/opt/airflow/dags/hello_world_dag.py","lineno":27,"logger":"py.warnings"}
{"timestamp":"2026-02-23T05:37:20.716652Z","level":"info","event":"Filling up the DagBag from /opt/airflow/dags/hello_world_dag.py","logger":"airflow.models.dagbag.BundleDagBag","filename":"dagbag.py","lineno":593}
{"timestamp":"2026-02-23T05:37:20.764419Z","level":"warning","event":"The `airflow.operators.python.PythonOperator` attribute is deprecated. Please use `'airflow.providers.standard.operators.python.PythonOperator'`.","category":"DeprecatedImportWarning","filename":"/opt/airflow/dags/hello_world_dag.py","lineno":4,"logger":"py.warnings"}
{"timestamp":"2026-02-23T05:37:20.764636Z","level":"warning","event":"The `airflow.operators.empty.EmptyOperator` attribute is deprecated. Please use `'airflow.providers.standard.operators.empty.EmptyOperator'`.","category":"DeprecatedImportWarning","filename":"/opt/airflow/dags/hello_world_dag.py","lineno":5,"logger":"py.warnings"}
{"timestamp":"2026-02-23T05:37:20.764765Z","level":"warning","event":"The `airflow.utils.timezone.datetime` attribute is deprecated. Please use `'airflow.sdk.timezone.datetime'`.","category":"DeprecatedImportWarning","filename":"/opt/airflow/dags/hello_world_dag.py","lineno":27,"logger":"py.warnings"}
{"timestamp":"2026-02-23T05:37:51.632814Z","level":"info","event":"Filling up the DagBag from /opt/airflow/dags/hello_world_dag.py","logger":"airflow.models.dagbag.BundleDagBag","filename":"dagbag.py","lineno":593}
{"timestamp":"2026-02-23T05:37:51.664631Z","level":"warning","event":"The `airflow.operators.python.PythonOperator` attribute is deprecated. Please use `'airflow.providers.standard.operators.python.PythonOperator'`.","category":"DeprecatedImportWarning","filename":"/opt/airflow/dags/hello_world_dag.py","lineno":4,"logger":"py.warnings"}
{"timestamp":"2026-02-23T05:37:51.664940Z","level":"warning","event":"The `airflow.operators.empty.EmptyOperator` attribute is deprecated. Please use `'airflow.providers.standard.operators.empty.EmptyOperator'`.","category":"DeprecatedImportWarning","filename":"/opt/airflow/dags/hello_world_dag.py","lineno":5,"logger":"py.warnings"}
{"timestamp":"2026-02-23T05:37:51.665107Z","level":"warning","event":"The `airflow.utils.timezone.datetime` attribute is deprecated. Please use `'airflow.sdk.timezone.datetime'`.","category":"DeprecatedImportWarning","filename":"/opt/airflow/dags/hello_world_dag.py","lineno":27,"logger":"py.warnings"}
{"timestamp":"2026-02-23T05:38:21.971383Z","level":"info","event":"Filling up the DagBag from /opt/airflow/dags/hello_world_dag.py","logger":"airflow.models.dagbag.BundleDagBag","filename":"dagbag.py","lineno":593}
{"timestamp":"2026-02-23T05:38:21.985449Z","level":"warning","event":"The `airflow.operators.python.PythonOperator` attribute is deprecated. Please use `'airflow.providers.standard.operators.python.PythonOperator'`.","category":"DeprecatedImportWarning","filename":"/opt/airflow/dags/hello_world_dag.py","lineno":4,"logger":"py.warnings"}
{"timestamp":"2026-02-23T05:38:21.985590Z","level":"warning","event":"The `airflow.operators.empty.EmptyOperator` attribute is deprecated. Please use `'airflow.providers.standard.operators.empty.EmptyOperator'`.","category":"DeprecatedImportWarning","filename":"/opt/airflow/dags/hello_world_dag.py","lineno":5,"logger":"py.warnings"}
{"timestamp":"2026-02-23T05:38:21.985654Z","level":"warning","event":"The `airflow.utils.timezone.datetime` attribute is deprecated. Please use `'airflow.sdk.timezone.datetime'`.","category":"DeprecatedImportWarning","filename":"/opt/airflow/dags/hello_world_dag.py","lineno":27,"logger":"py.warnings"}
{"timestamp":"2026-02-23T05:38:52.398252Z","level":"info","event":"Filling up the DagBag from /opt/airflow/dags/hello_world_dag.py","logger":"airflow.models.dagbag.BundleDagBag","filename":"dagbag.py","lineno":593}
{"timestamp":"2026-02-23T05:38:52.423598Z","level":"warning","event":"The `airflow.operators.python.PythonOperator` attribute is deprecated. Please use `'airflow.providers.standard.operators.python.PythonOperator'`.","category":"DeprecatedImportWarning","filename":"/opt/airflow/dags/hello_world_dag.py","lineno":4,"logger":"py.warnings"}
{"timestamp":"2026-02-23T05:38:52.423752Z","level":"warning","event":"The `airflow.operators.empty.EmptyOperator` attribute is deprecated. Please use `'airflow.providers.standard.operators.empty.EmptyOperator'`.","category":"DeprecatedImportWarning","filename":"/opt/airflow/dags/hello_world_dag.py","lineno":5,"logger":"py.warnings"}
{"timestamp":"2026-02-23T05:38:52.423821Z","level":"warning","event":"The `airflow.utils.timezone.datetime` attribute is deprecated. Please use `'airflow.sdk.timezone.datetime'`.","category":"DeprecatedImportWarning","filename":"/opt/airflow/dags/hello_world_dag.py","lineno":27,"logger":"py.warnings"}
{"timestamp":"2026-02-23T05:39:22.661332Z","level":"info","event":"Filling up the DagBag from /opt/airflow/dags/hello_world_dag.py","logger":"airflow.models.dagbag.BundleDagBag","filename":"dagbag.py","lineno":593}
{"timestamp":"2026-02-23T05:39:22.678467Z","level":"warning","event":"The `airflow.operators.python.PythonOperator` attribute is deprecated. Please use `'airflow.providers.standard.operators.python.PythonOperator'`.","category":"DeprecatedImportWarning","filename":"/opt/airflow/dags/hello_world_dag.py","lineno":4,"logger":"py.warnings"}
{"timestamp":"2026-02-23T05:39:22.679196Z","level":"warning","event":"The `airflow.operators.empty.EmptyOperator` attribute is deprecated. Please use `'airflow.providers.standard.operators.empty.EmptyOperator'`.","category":"DeprecatedImportWarning","filename":"/opt/airflow/dags/hello_world_dag.py","lineno":5,"logger":"py.warnings"}
{"timestamp":"2026-02-23T05:39:22.679770Z","level":"warning","event":"The `airflow.utils.timezone.datetime` attribute is deprecated. Please use `'airflow.sdk.timezone.datetime'`.","category":"DeprecatedImportWarning","filename":"/opt/airflow/dags/hello_world_dag.py","lineno":27,"logger":"py.warnings"}
{"timestamp":"2026-02-23T05:39:53.452554Z","level":"info","event":"Filling up the DagBag from /opt/airflow/dags/hello_world_dag.py","logger":"airflow.models.dagbag.BundleDagBag","filename":"dagbag.py","lineno":593}
{"timestamp":"2026-02-23T05:39:53.486958Z","level":"warning","event":"The `airflow.operators.python.PythonOperator` attribute is deprecated. Please use `'airflow.providers.standard.operators.python.PythonOperator'`.","category":"DeprecatedImportWarning","filename":"/opt/airflow/dags/hello_world_dag.py","lineno":4,"logger":"py.warnings"}
{"timestamp":"2026-02-23T05:39:53.488039Z","level":"warning","event":"The `airflow.operators.empty.EmptyOperator` attribute is deprecated. Please use `'airflow.providers.standard.operators.empty.EmptyOperator'`.","category":"DeprecatedImportWarning","filename":"/opt/airflow/dags/hello_world_dag.py","lineno":5,"logger":"py.warnings"}
{"timestamp":"2026-02-23T05:39:53.488225Z","level":"warning","event":"The `airflow.utils.timezone.datetime` attribute is deprecated. Please use `'airflow.sdk.timezone.datetime'`.","category":"DeprecatedImportWarning","filename":"/opt/airflow/dags/hello_world_dag.py","lineno":27,"logger":"py.warnings"}
{"timestamp":"2026-02-23T05:40:24.046377Z","level":"info","event":"Filling up the DagBag from /opt/airflow/dags/hello_world_dag.py","logger":"airflow.models.dagbag.BundleDagBag","filename":"dagbag.py","lineno":593}
{"timestamp":"2026-02-23T05:40:24.108754Z","level":"warning","event":"The `airflow.operators.python.PythonOperator` attribute is deprecated. Please use `'airflow.providers.standard.operators.python.PythonOperator'`.","category":"DeprecatedImportWarning","filename":"/opt/airflow/dags/hello_world_dag.py","lineno":4,"logger":"py.warnings"}
{"timestamp":"2026-02-23T05:40:24.109068Z","level":"warning","event":"The `airflow.operators.empty.EmptyOperator` attribute is deprecated. Please use `'airflow.providers.standard.operators.empty.EmptyOperator'`.","category":"DeprecatedImportWarning","filename":"/opt/airflow/dags/hello_world_dag.py","lineno":5,"logger":"py.warnings"}
{"timestamp":"2026-02-23T05:40:24.109204Z","level":"warning","event":"The `airflow.utils.timezone.datetime` attribute is deprecated. Please use `'airflow.sdk.timezone.datetime'`.","category":"DeprecatedImportWarning","filename":"/opt/airflow/dags/hello_world_dag.py","lineno":27,"logger":"py.warnings"}
{"timestamp":"2026-02-23T05:40:54.283148Z","level":"info","event":"Filling up the DagBag from /opt/airflow/dags/hello_world_dag.py","logger":"airflow.models.dagbag.BundleDagBag","filename":"dagbag.py","lineno":593}
{"timestamp":"2026-02-23T05:40:54.299645Z","level":"warning","event":"The `airflow.operators.python.PythonOperator` attribute is deprecated. Please use `'airflow.providers.standard.operators.python.PythonOperator'`.","category":"DeprecatedImportWarning","filename":"/opt/airflow/dags/hello_world_dag.py","lineno":4,"logger":"py.warnings"}
{"timestamp":"2026-02-23T05:40:54.300748Z","level":"warning","event":"The `airflow.operators.empty.EmptyOperator` attribute is deprecated. Please use `'airflow.providers.standard.operators.empty.EmptyOperator'`.","category":"DeprecatedImportWarning","filename":"/opt/airflow/dags/hello_world_dag.py","lineno":5,"logger":"py.warnings"}
{"timestamp":"2026-02-23T05:40:54.300878Z","level":"warning","event":"The `airflow.utils.timezone.datetime` attribute is deprecated. Please use `'airflow.sdk.timezone.datetime'`.","category":"DeprecatedImportWarning","filename":"/opt/airflow/dags/hello_world_dag.py","lineno":27,"logger":"py.warnings"}
{"timestamp":"2026-02-23T05:41:25.763448Z","level":"info","event":"Filling up the DagBag from /opt/airflow/dags/hello_world_dag.py","logger":"airflow.models.dagbag.BundleDagBag","filename":"dagbag.py","lineno":593}
{"timestamp":"2026-02-23T05:41:25.807773Z","level":"warning","event":"The `airflow.operators.python.PythonOperator` attribute is deprecated. Please use `'airflow.providers.standard.operators.python.PythonOperator'`.","category":"DeprecatedImportWarning","filename":"/opt/airflow/dags/hello_world_dag.py","lineno":4,"logger":"py.warnings"}
{"timestamp":"2026-02-23T05:41:25.807986Z","level":"warning","event":"The `airflow.operators.empty.EmptyOperator` attribute is deprecated. Please use `'airflow.providers.standard.operators.empty.EmptyOperator'`.","category":"DeprecatedImportWarning","filename":"/opt/airflow/dags/hello_world_dag.py","lineno":5,"logger":"py.warnings"}
{"timestamp":"2026-02-23T05:41:25.808105Z","level":"warning","event":"The `airflow.utils.timezone.datetime` attribute is deprecated. Please use `'airflow.sdk.timezone.datetime'`.","category":"DeprecatedImportWarning","filename":"/opt/airflow/dags/hello_world_dag.py","lineno":27,"logger":"py.warnings"}
{"timestamp":"2026-02-23T05:41:56.207826Z","level":"info","event":"Filling up the DagBag from /opt/airflow/dags/hello_world_dag.py","logger":"airflow.models.dagbag.BundleDagBag","filename":"dagbag.py","lineno":593}
{"timestamp":"2026-02-23T05:41:56.230899Z","level":"warning","event":"The `airflow.operators.python.PythonOperator` attribute is deprecated. Please use `'airflow.providers.standard.operators.python.PythonOperator'`.","category":"DeprecatedImportWarning","filename":"/opt/airflow/dags/hello_world_dag.py","lineno":4,"logger":"py.warnings"}
{"timestamp":"2026-02-23T05:41:56.231121Z","level":"warning","event":"The `airflow.operators.empty.EmptyOperator` attribute is deprecated. Please use `'airflow.providers.standard.operators.empty.EmptyOperator'`.","category":"DeprecatedImportWarning","filename":"/opt/airflow/dags/hello_world_dag.py","lineno":5,"logger":"py.warnings"}
{"timestamp":"2026-02-23T05:41:56.231303Z","level":"warning","event":"The `airflow.utils.timezone.datetime` attribute is deprecated. Please use `'airflow.sdk.timezone.datetime'`.","category":"DeprecatedImportWarning","filename":"/opt/airflow/dags/hello_world_dag.py","lineno":27,"logger":"py.warnings"}
{"timestamp":"2026-02-23T05:42:27.753660Z","level":"info","event":"Filling up the DagBag from /opt/airflow/dags/hello_world_dag.py","logger":"airflow.models.dagbag.BundleDagBag","filename":"dagbag.py","lineno":593}
{"timestamp":"2026-02-23T05:42:28.095493Z","level":"warning","event":"The `airflow.operators.python.PythonOperator` attribute is deprecated. Please use `'airflow.providers.standard.operators.python.PythonOperator'`.","category":"DeprecatedImportWarning","filename":"/opt/airflow/dags/hello_world_dag.py","lineno":4,"logger":"py.warnings"}
{"timestamp":"2026-02-23T05:42:28.096546Z","level":"warning","event":"The `airflow.operators.empty.EmptyOperator` attribute is deprecated. Please use `'airflow.providers.standard.operators.empty.EmptyOperator'`.","category":"DeprecatedImportWarning","filename":"/opt/airflow/dags/hello_world_dag.py","lineno":5,"logger":"py.warnings"}
{"timestamp":"2026-02-23T05:42:28.096703Z","level":"warning","event":"The `airflow.utils.timezone.datetime` attribute is deprecated. Please use `'airflow.sdk.timezone.datetime'`.","category":"DeprecatedImportWarning","filename":"/opt/airflow/dags/hello_world_dag.py","lineno":27,"logger":"py.warnings"}
{"timestamp":"2026-02-23T05:43:00.614836Z","level":"info","event":"Filling up the DagBag from /opt/airflow/dags/hello_world_dag.py","logger":"airflow.models.dagbag.BundleDagBag","filename":"dagbag.py","lineno":593}
{"timestamp":"2026-02-23T05:43:00.635151Z","level":"warning","event":"The `airflow.operators.python.PythonOperator` attribute is deprecated. Please use `'airflow.providers.standard.operators.python.PythonOperator'`.","category":"DeprecatedImportWarning","filename":"/opt/airflow/dags/hello_world_dag.py","lineno":4,"logger":"py.warnings"}
{"timestamp":"2026-02-23T05:43:00.635288Z","level":"warning","event":"The `airflow.operators.empty.EmptyOperator` attribute is deprecated. Please use `'airflow.providers.standard.operators.empty.EmptyOperator'`.","category":"DeprecatedImportWarning","filename":"/opt/airflow/dags/hello_world_dag.py","lineno":5,"logger":"py.warnings"}
{"timestamp":"2026-02-23T05:43:00.635353Z","level":"warning","event":"The `airflow.utils.timezone.datetime` attribute is deprecated. Please use `'airflow.sdk.timezone.datetime'`.","category":"DeprecatedImportWarning","filename":"/opt/airflow/dags/hello_world_dag.py","lineno":27,"logger":"py.warnings"}
{"timestamp":"2026-02-23T05:43:31.075229Z","level":"info","event":"Filling up the DagBag from /opt/airflow/dags/hello_world_dag.py","logger":"airflow.models.dagbag.BundleDagBag","filename":"dagbag.py","lineno":593}
{"timestamp":"2026-02-23T05:43:31.087433Z","level":"warning","event":"The `airflow.operators.python.PythonOperator` attribute is deprecated. Please use `'airflow.providers.standard.operators.python.PythonOperator'`.","category":"DeprecatedImportWarning","filename":"/opt/airflow/dags/hello_world_dag.py","lineno":4,"logger":"py.warnings"}
{"timestamp":"2026-02-23T05:43:31.087572Z","level":"warning","event":"The `airflow.operators.empty.EmptyOperator` attribute is deprecated. Please use `'airflow.providers.standard.operators.empty.EmptyOperator'`.","category":"DeprecatedImportWarning","filename":"/opt/airflow/dags/hello_world_dag.py","lineno":5,"logger":"py.warnings"}
{"timestamp":"2026-02-23T05:43:31.087635Z","level":"warning","event":"The `airflow.utils.timezone.datetime` attribute is deprecated. Please use `'airflow.sdk.timezone.datetime'`.","category":"DeprecatedImportWarning","filename":"/opt/airflow/dags/hello_world_dag.py","lineno":27,"logger":"py.warnings"}
{"timestamp":"2026-02-23T05:44:02.158238Z","level":"info","event":"Filling up the DagBag from /opt/airflow/dags/hello_world_dag.py","logger":"airflow.models.dagbag.BundleDagBag","filename":"dagbag.py","lineno":593}
{"timestamp":"2026-02-23T05:44:02.189068Z","level":"warning","event":"The `airflow.operators.python.PythonOperator` attribute is deprecated. Please use `'airflow.providers.standard.operators.python.PythonOperator'`.","category":"DeprecatedImportWarning","filename":"/opt/airflow/dags/hello_world_dag.py","lineno":4,"logger":"py.warnings"}
{"timestamp":"2026-02-23T05:44:02.189237Z","level":"warning","event":"The `airflow.operators.empty.EmptyOperator` attribute is deprecated. Please use `'airflow.providers.standard.operators.empty.EmptyOperator'`.","category":"DeprecatedImportWarning","filename":"/opt/airflow/dags/hello_world_dag.py","lineno":5,"logger":"py.warnings"}
{"timestamp":"2026-02-23T05:44:02.189308Z","level":"warning","event":"The `airflow.utils.timezone.datetime` attribute is deprecated. Please use `'airflow.sdk.timezone.datetime'`.","category":"DeprecatedImportWarning","filename":"/opt/airflow/dags/hello_world_dag.py","lineno":27,"logger":"py.warnings"}
{"timestamp":"2026-02-23T05:44:32.924712Z","level":"info","event":"Filling up the DagBag from /opt/airflow/dags/hello_world_dag.py","logger":"airflow.models.dagbag.BundleDagBag","filename":"dagbag.py","lineno":593}
{"timestamp":"2026-02-23T05:44:32.969126Z","level":"warning","event":"The `airflow.operators.python.PythonOperator` attribute is deprecated. Please use `'airflow.providers.standard.operators.python.PythonOperator'`.","category":"DeprecatedImportWarning","filename":"/opt/airflow/dags/hello_world_dag.py","lineno":4,"logger":"py.warnings"}
{"timestamp":"2026-02-23T05:44:32.969504Z","level":"warning","event":"The `airflow.operators.empty.EmptyOperator` attribute is deprecated. Please use `'airflow.providers.standard.operators.empty.EmptyOperator'`.","category":"DeprecatedImportWarning","filename":"/opt/airflow/dags/hello_world_dag.py","lineno":5,"logger":"py.warnings"}
{"timestamp":"2026-02-23T05:44:32.969687Z","level":"warning","event":"The `airflow.utils.timezone.datetime` attribute is deprecated. Please use `'airflow.sdk.timezone.datetime'`.","category":"DeprecatedImportWarning","filename":"/opt/airflow/dags/hello_world_dag.py","lineno":27,"logger":"py.warnings"}
{"timestamp":"2026-02-23T05:45:03.211729Z","level":"info","event":"Filling up the DagBag from /opt/airflow/dags/hello_world_dag.py","logger":"airflow.models.dagbag.BundleDagBag","filename":"dagbag.py","lineno":593}
{"timestamp":"2026-02-23T05:45:03.237034Z","level":"warning","event":"The `airflow.operators.python.PythonOperator` attribute is deprecated. Please use `'airflow.providers.standard.operators.python.PythonOperator'`.","category":"DeprecatedImportWarning","filename":"/opt/airflow/dags/hello_world_dag.py","lineno":4,"logger":"py.warnings"}
{"timestamp":"2026-02-23T05:45:03.237199Z","level":"warning","event":"The `airflow.operators.empty.EmptyOperator` attribute is deprecated. Please use `'airflow.providers.standard.operators.empty.EmptyOperator'`.","category":"DeprecatedImportWarning","filename":"/opt/airflow/dags/hello_world_dag.py","lineno":5,"logger":"py.warnings"}
{"timestamp":"2026-02-23T05:45:03.237250Z","level":"warning","event":"The `airflow.utils.timezone.datetime` attribute is deprecated. Please use `'airflow.sdk.timezone.datetime'`.","category":"DeprecatedImportWarning","filename":"/opt/airflow/dags/hello_world_dag.py","lineno":27,"logger":"py.warnings"}
{"timestamp":"2026-02-23T05:45:34.053214Z","level":"info","event":"Filling up the DagBag from /opt/airflow/dags/hello_world_dag.py","logger":"airflow.models.dagbag.BundleDagBag","filename":"dagbag.py","lineno":593}
{"timestamp":"2026-02-23T05:45:34.072578Z","level":"warning","event":"The `airflow.operators.python.PythonOperator` attribute is deprecated. Please use `'airflow.providers.standard.operators.python.PythonOperator'`.","category":"DeprecatedImportWarning","filename":"/opt/airflow/dags/hello_world_dag.py","lineno":4,"logger":"py.warnings"}
{"timestamp":"2026-02-23T05:45:34.072719Z","level":"warning","event":"The `airflow.operators.empty.EmptyOperator` attribute is deprecated. Please use `'airflow.providers.standard.operators.empty.EmptyOperator'`.","category":"DeprecatedImportWarning","filename":"/opt/airflow/dags/hello_world_dag.py","lineno":5,"logger":"py.warnings"}
{"timestamp":"2026-02-23T05:45:34.072769Z","level":"warning","event":"The `airflow.utils.timezone.datetime` attribute is deprecated. Please use `'airflow.sdk.timezone.datetime'`.","category":"DeprecatedImportWarning","filename":"/opt/airflow/dags/hello_world_dag.py","lineno":27,"logger":"py.warnings"}
{"timestamp":"2026-02-23T05:46:05.107062Z","level":"info","event":"Filling up the DagBag from /opt/airflow/dags/hello_world_dag.py","logger":"airflow.models.dagbag.BundleDagBag","filename":"dagbag.py","lineno":593}
{"timestamp":"2026-02-23T05:46:05.290884Z","level":"warning","event":"The `airflow.operators.python.PythonOperator` attribute is deprecated. Please use `'airflow.providers.standard.operators.python.PythonOperator'`.","category":"DeprecatedImportWarning","filename":"/opt/airflow/dags/hello_world_dag.py","lineno":4,"logger":"py.warnings"}
{"timestamp":"2026-02-23T05:46:05.292188Z","level":"warning","event":"The `airflow.operators.empty.EmptyOperator` attribute is deprecated. Please use `'airflow.providers.standard.operators.empty.EmptyOperator'`.","category":"DeprecatedImportWarning","filename":"/opt/airflow/dags/hello_world_dag.py","lineno":5,"logger":"py.warnings"}
{"timestamp":"2026-02-23T05:46:05.293729Z","level":"warning","event":"The `airflow.utils.timezone.datetime` attribute is deprecated. Please use `'airflow.sdk.timezone.datetime'`.","category":"DeprecatedImportWarning","filename":"/opt/airflow/dags/hello_world_dag.py","lineno":27,"logger":"py.warnings"}
{"timestamp":"2026-02-23T05:46:35.790222Z","level":"info","event":"Filling up the DagBag from /opt/airflow/dags/hello_world_dag.py","logger":"airflow.models.dagbag.BundleDagBag","filename":"dagbag.py","lineno":593}
{"timestamp":"2026-02-23T05:46:35.816648Z","level":"warning","event":"The `airflow.operators.python.PythonOperator` attribute is deprecated. Please use `'airflow.providers.standard.operators.python.PythonOperator'`.","category":"DeprecatedImportWarning","filename":"/opt/airflow/dags/hello_world_dag.py","lineno":4,"logger":"py.warnings"}
{"timestamp":"2026-02-23T05:46:35.816853Z","level":"warning","event":"The `airflow.operators.empty.EmptyOperator` attribute is deprecated. Please use `'airflow.providers.standard.operators.empty.EmptyOperator'`.","category":"DeprecatedImportWarning","filename":"/opt/airflow/dags/hello_world_dag.py","lineno":5,"logger":"py.warnings"}
{"timestamp":"2026-02-23T05:46:35.816931Z","level":"warning","event":"The `airflow.utils.timezone.datetime` attribute is deprecated. Please use `'airflow.sdk.timezone.datetime'`.","category":"DeprecatedImportWarning","filename":"/opt/airflow/dags/hello_world_dag.py","lineno":27,"logger":"py.warnings"}
{"timestamp":"2026-02-23T05:47:22.963342Z","level":"info","event":"Filling up the DagBag from /opt/airflow/dags/hello_world_dag.py","logger":"airflow.models.dagbag.BundleDagBag","filename":"dagbag.py","lineno":593}
{"timestamp":"2026-02-23T05:47:23.151556Z","level":"warning","event":"The `airflow.operators.python.PythonOperator` attribute is deprecated. Please use `'airflow.providers.standard.operators.python.PythonOperator'`.","category":"DeprecatedImportWarning","filename":"/opt/airflow/dags/hello_world_dag.py","lineno":4,"logger":"py.warnings"}
{"timestamp":"2026-02-23T05:47:23.153905Z","level":"warning","event":"The `airflow.operators.empty.EmptyOperator` attribute is deprecated. Please use `'airflow.providers.standard.operators.empty.EmptyOperator'`.","category":"DeprecatedImportWarning","filename":"/opt/airflow/dags/hello_world_dag.py","lineno":5,"logger":"py.warnings"}
{"timestamp":"2026-02-23T05:47:23.154829Z","level":"warning","event":"The `airflow.utils.timezone.datetime` attribute is deprecated. Please use `'airflow.sdk.timezone.datetime'`.","category":"DeprecatedImportWarning","filename":"/opt/airflow/dags/hello_world_dag.py","lineno":27,"logger":"py.warnings"}
{"timestamp":"2026-02-23T05:48:19.593258Z","level":"info","event":"Filling up the DagBag from /opt/airflow/dags/hello_world_dag.py","logger":"airflow.models.dagbag.BundleDagBag","filename":"dagbag.py","lineno":593}
{"timestamp":"2026-02-23T05:48:19.717030Z","level":"warning","event":"The `airflow.operators.python.PythonOperator` attribute is deprecated. Please use `'airflow.providers.standard.operators.python.PythonOperator'`.","category":"DeprecatedImportWarning","filename":"/opt/airflow/dags/hello_world_dag.py","lineno":4,"logger":"py.warnings"}
{"timestamp":"2026-02-23T05:48:19.717293Z","level":"warning","event":"The `airflow.operators.empty.EmptyOperator` attribute is deprecated. Please use `'airflow.providers.standard.operators.empty.EmptyOperator'`.","category":"DeprecatedImportWarning","filename":"/opt/airflow/dags/hello_world_dag.py","lineno":5,"logger":"py.warnings"}
{"timestamp":"2026-02-23T05:48:19.717431Z","level":"warning","event":"The `airflow.utils.timezone.datetime` attribute is deprecated. Please use `'airflow.sdk.timezone.datetime'`.","category":"DeprecatedImportWarning","filename":"/opt/airflow/dags/hello_world_dag.py","lineno":27,"logger":"py.warnings"}
{"timestamp":"2026-02-23T05:49:06.425231Z","level":"info","event":"Filling up the DagBag from /opt/airflow/dags/hello_world_dag.py","logger":"airflow.models.dagbag.BundleDagBag","filename":"dagbag.py","lineno":593}
{"timestamp":"2026-02-23T05:49:06.730962Z","level":"warning","event":"The `airflow.operators.python.PythonOperator` attribute is deprecated. Please use `'airflow.providers.standard.operators.python.PythonOperator'`.","category":"DeprecatedImportWarning","filename":"/opt/airflow/dags/hello_world_dag.py","lineno":4,"logger":"py.warnings"}
{"timestamp":"2026-02-23T05:49:06.736579Z","level":"warning","event":"The `airflow.operators.empty.EmptyOperator` attribute is deprecated. Please use `'airflow.providers.standard.operators.empty.EmptyOperator'`.","category":"DeprecatedImportWarning","filename":"/opt/airflow/dags/hello_world_dag.py","lineno":5,"logger":"py.warnings"}
{"timestamp":"2026-02-23T05:49:06.740034Z","level":"warning","event":"The `airflow.utils.timezone.datetime` attribute is deprecated. Please use `'airflow.sdk.timezone.datetime'`.","category":"DeprecatedImportWarning","filename":"/opt/airflow/dags/hello_world_dag.py","lineno":27,"logger":"py.warnings"}
{"timestamp":"2026-02-23T05:49:40.327787Z","level":"info","event":"Filling up the DagBag from /opt/airflow/dags/hello_world_dag.py","logger":"airflow.models.dagbag.BundleDagBag","filename":"dagbag.py","lineno":593}
{"timestamp":"2026-02-23T05:49:40.498438Z","level":"warning","event":"The `airflow.operators.python.PythonOperator` attribute is deprecated. Please use `'airflow.providers.standard.operators.python.PythonOperator'`.","category":"DeprecatedImportWarning","filename":"/opt/airflow/dags/hello_world_dag.py","lineno":4,"logger":"py.warnings"}
{"timestamp":"2026-02-23T05:49:40.498994Z","level":"warning","event":"The `airflow.operators.empty.EmptyOperator` attribute is deprecated. Please use `'airflow.providers.standard.operators.empty.EmptyOperator'`.","category":"DeprecatedImportWarning","filename":"/opt/airflow/dags/hello_world_dag.py","lineno":5,"logger":"py.warnings"}
{"timestamp":"2026-02-23T05:49:40.499128Z","level":"warning","event":"The `airflow.utils.timezone.datetime` attribute is deprecated. Please use `'airflow.sdk.timezone.datetime'`.","category":"DeprecatedImportWarning","filename":"/opt/airflow/dags/hello_world_dag.py","lineno":27,"logger":"py.warnings"}
{"timestamp":"2026-02-23T05:50:11.180710Z","level":"info","event":"Filling up the DagBag from /opt/airflow/dags/hello_world_dag.py","logger":"airflow.models.dagbag.BundleDagBag","filename":"dagbag.py","lineno":593}
{"timestamp":"2026-02-23T05:50:11.238623Z","level":"warning","event":"The `airflow.operators.python.PythonOperator` attribute is deprecated. Please use `'airflow.providers.standard.operators.python.PythonOperator'`.","category":"DeprecatedImportWarning","filename":"/opt/airflow/dags/hello_world_dag.py","lineno":4,"logger":"py.warnings"}
{"timestamp":"2026-02-23T05:50:11.239031Z","level":"warning","event":"The `airflow.operators.empty.EmptyOperator` attribute is deprecated. Please use `'airflow.providers.standard.operators.empty.EmptyOperator'`.","category":"DeprecatedImportWarning","filename":"/opt/airflow/dags/hello_world_dag.py","lineno":5,"logger":"py.warnings"}
{"timestamp":"2026-02-23T05:50:11.239541Z","level":"warning","event":"The `airflow.utils.timezone.datetime` attribute is deprecated. Please use `'airflow.sdk.timezone.datetime'`.","category":"DeprecatedImportWarning","filename":"/opt/airflow/dags/hello_world_dag.py","lineno":27,"logger":"py.warnings"}
{"timestamp":"2026-02-23T05:50:41.819152Z","level":"info","event":"Filling up the DagBag from /opt/airflow/dags/hello_world_dag.py","logger":"airflow.models.dagbag.BundleDagBag","filename":"dagbag.py","lineno":593}
{"timestamp":"2026-02-23T05:50:41.837741Z","level":"warning","event":"The `airflow.operators.python.PythonOperator` attribute is deprecated. Please use `'airflow.providers.standard.operators.python.PythonOperator'`.","category":"DeprecatedImportWarning","filename":"/opt/airflow/dags/hello_world_dag.py","lineno":4,"logger":"py.warnings"}
{"timestamp":"2026-02-23T05:50:41.837899Z","level":"warning","event":"The `airflow.operators.empty.EmptyOperator` attribute is deprecated. Please use `'airflow.providers.standard.operators.empty.EmptyOperator'`.","category":"DeprecatedImportWarning","filename":"/opt/airflow/dags/hello_world_dag.py","lineno":5,"logger":"py.warnings"}
{"timestamp":"2026-02-23T05:50:41.838020Z","level":"warning","event":"The `airflow.utils.timezone.datetime` attribute is deprecated. Please use `'airflow.sdk.timezone.datetime'`.","category":"DeprecatedImportWarning","filename":"/opt/airflow/dags/hello_world_dag.py","lineno":27,"logger":"py.warnings"}
{"timestamp":"2026-02-23T05:51:12.950743Z","level":"info","event":"Filling up the DagBag from /opt/airflow/dags/hello_world_dag.py","logger":"airflow.models.dagbag.BundleDagBag","filename":"dagbag.py","lineno":593}
{"timestamp":"2026-02-23T05:51:12.967947Z","level":"warning","event":"The `airflow.operators.python.PythonOperator` attribute is deprecated. Please use `'airflow.providers.standard.operators.python.PythonOperator'`.","category":"DeprecatedImportWarning","filename":"/opt/airflow/dags/hello_world_dag.py","lineno":4,"logger":"py.warnings"}
{"timestamp":"2026-02-23T05:51:12.968058Z","level":"warning","event":"The `airflow.operators.empty.EmptyOperator` attribute is deprecated. Please use `'airflow.providers.standard.operators.empty.EmptyOperator'`.","category":"DeprecatedImportWarning","filename":"/opt/airflow/dags/hello_world_dag.py","lineno":5,"logger":"py.warnings"}
{"timestamp":"2026-02-23T05:51:12.968104Z","level":"warning","event":"The `airflow.utils.timezone.datetime` attribute is deprecated. Please use `'airflow.sdk.timezone.datetime'`.","category":"DeprecatedImportWarning","filename":"/opt/airflow/dags/hello_world_dag.py","lineno":27,"logger":"py.warnings"}
{"timestamp":"2026-02-23T05:51:43.107187Z","level":"info","event":"Filling up the DagBag from /opt/airflow/dags/hello_world_dag.py","logger":"airflow.models.dagbag.BundleDagBag","filename":"dagbag.py","lineno":593}
{"timestamp":"2026-02-23T05:51:43.114390Z","level":"warning","event":"The `airflow.operators.python.PythonOperator` attribute is deprecated. Please use `'airflow.providers.standard.operators.python.PythonOperator'`.","category":"DeprecatedImportWarning","filename":"/opt/airflow/dags/hello_world_dag.py","lineno":4,"logger":"py.warnings"}
{"timestamp":"2026-02-23T05:51:43.114473Z","level":"warning","event":"The `airflow.operators.empty.EmptyOperator` attribute is deprecated. Please use `'airflow.providers.standard.operators.empty.EmptyOperator'`.","category":"DeprecatedImportWarning","filename":"/opt/airflow/dags/hello_world_dag.py","lineno":5,"logger":"py.warnings"}
{"timestamp":"2026-02-23T05:51:43.114516Z","level":"warning","event":"The `airflow.utils.timezone.datetime` attribute is deprecated. Please use `'airflow.sdk.timezone.datetime'`.","category":"DeprecatedImportWarning","filename":"/opt/airflow/dags/hello_world_dag.py","lineno":27,"logger":"py.warnings"}
{"timestamp":"2026-02-23T05:52:13.416128Z","level":"info","event":"Filling up the DagBag from /opt/airflow/dags/hello_world_dag.py","logger":"airflow.models.dagbag.BundleDagBag","filename":"dagbag.py","lineno":593}
{"timestamp":"2026-02-23T05:52:13.438675Z","level":"warning","event":"The `airflow.operators.python.PythonOperator` attribute is deprecated. Please use `'airflow.providers.standard.operators.python.PythonOperator'`.","category":"DeprecatedImportWarning","filename":"/opt/airflow/dags/hello_world_dag.py","lineno":4,"logger":"py.warnings"}
{"timestamp":"2026-02-23T05:52:13.438846Z","level":"warning","event":"The `airflow.operators.empty.EmptyOperator` attribute is deprecated. Please use `'airflow.providers.standard.operators.empty.EmptyOperator'`.","category":"DeprecatedImportWarning","filename":"/opt/airflow/dags/hello_world_dag.py","lineno":5,"logger":"py.warnings"}
{"timestamp":"2026-02-23T05:52:13.438898Z","level":"warning","event":"The `airflow.utils.timezone.datetime` attribute is deprecated. Please use `'airflow.sdk.timezone.datetime'`.","category":"DeprecatedImportWarning","filename":"/opt/airflow/dags/hello_world_dag.py","lineno":27,"logger":"py.warnings"}
{"timestamp":"2026-02-23T05:52:45.655540Z","level":"info","event":"Filling up the DagBag from /opt/airflow/dags/hello_world_dag.py","logger":"airflow.models.dagbag.BundleDagBag","filename":"dagbag.py","lineno":593}
{"timestamp":"2026-02-23T05:52:45.705073Z","level":"warning","event":"The `airflow.operators.python.PythonOperator` attribute is deprecated. Please use `'airflow.providers.standard.operators.python.PythonOperator'`.","category":"DeprecatedImportWarning","filename":"/opt/airflow/dags/hello_world_dag.py","lineno":4,"logger":"py.warnings"}
{"timestamp":"2026-02-23T05:52:45.705771Z","level":"warning","event":"The `airflow.operators.empty.EmptyOperator` attribute is deprecated. Please use `'airflow.providers.standard.operators.empty.EmptyOperator'`.","category":"DeprecatedImportWarning","filename":"/opt/airflow/dags/hello_world_dag.py","lineno":5,"logger":"py.warnings"}
{"timestamp":"2026-02-23T05:52:45.706213Z","level":"warning","event":"The `airflow.utils.timezone.datetime` attribute is deprecated. Please use `'airflow.sdk.timezone.datetime'`.","category":"DeprecatedImportWarning","filename":"/opt/airflow/dags/hello_world_dag.py","lineno":27,"logger":"py.warnings"}
{"timestamp":"2026-02-23T05:53:16.592201Z","level":"info","event":"Filling up the DagBag from /opt/airflow/dags/hello_world_dag.py","logger":"airflow.models.dagbag.BundleDagBag","filename":"dagbag.py","lineno":593}
{"timestamp":"2026-02-23T05:53:16.669256Z","level":"warning","event":"The `airflow.operators.python.PythonOperator` attribute is deprecated. Please use `'airflow.providers.standard.operators.python.PythonOperator'`.","category":"DeprecatedImportWarning","filename":"/opt/airflow/dags/hello_world_dag.py","lineno":4,"logger":"py.warnings"}
{"timestamp":"2026-02-23T05:53:16.669629Z","level":"warning","event":"The `airflow.operators.empty.EmptyOperator` attribute is deprecated. Please use `'airflow.providers.standard.operators.empty.EmptyOperator'`.","category":"DeprecatedImportWarning","filename":"/opt/airflow/dags/hello_world_dag.py","lineno":5,"logger":"py.warnings"}
{"timestamp":"2026-02-23T05:53:16.669873Z","level":"warning","event":"The `airflow.utils.timezone.datetime` attribute is deprecated. Please use `'airflow.sdk.timezone.datetime'`.","category":"DeprecatedImportWarning","filename":"/opt/airflow/dags/hello_world_dag.py","lineno":27,"logger":"py.warnings"}
{"timestamp":"2026-02-23T05:53:47.100823Z","level":"info","event":"Filling up the DagBag from /opt/airflow/dags/hello_world_dag.py","logger":"airflow.models.dagbag.BundleDagBag","filename":"dagbag.py","lineno":593}
{"timestamp":"2026-02-23T05:53:47.126061Z","level":"warning","event":"The `airflow.operators.python.PythonOperator` attribute is deprecated. Please use `'airflow.providers.standard.operators.python.PythonOperator'`.","category":"DeprecatedImportWarning","filename":"/opt/airflow/dags/hello_world_dag.py","lineno":4,"logger":"py.warnings"}
{"timestamp":"2026-02-23T05:53:47.126328Z","level":"warning","event":"The `airflow.operators.empty.EmptyOperator` attribute is deprecated. Please use `'airflow.providers.standard.operators.empty.EmptyOperator'`.","category":"DeprecatedImportWarning","filename":"/opt/airflow/dags/hello_world_dag.py","lineno":5,"logger":"py.warnings"}
{"timestamp":"2026-02-23T05:53:47.126472Z","level":"warning","event":"The `airflow.utils.timezone.datetime` attribute is deprecated. Please use `'airflow.sdk.timezone.datetime'`.","category":"DeprecatedImportWarning","filename":"/opt/airflow/dags/hello_world_dag.py","lineno":27,"logger":"py.warnings"}
{"timestamp":"2026-02-23T05:54:18.250048Z","level":"info","event":"Filling up the DagBag from /opt/airflow/dags/hello_world_dag.py","logger":"airflow.models.dagbag.BundleDagBag","filename":"dagbag.py","lineno":593}
{"timestamp":"2026-02-23T05:54:18.287876Z","level":"warning","event":"The `airflow.operators.python.PythonOperator` attribute is deprecated. Please use `'airflow.providers.standard.operators.python.PythonOperator'`.","category":"DeprecatedImportWarning","filename":"/opt/airflow/dags/hello_world_dag.py","lineno":4,"logger":"py.warnings"}
{"timestamp":"2026-02-23T05:54:18.288198Z","level":"warning","event":"The `airflow.operators.empty.EmptyOperator` attribute is deprecated. Please use `'airflow.providers.standard.operators.empty.EmptyOperator'`.","category":"DeprecatedImportWarning","filename":"/opt/airflow/dags/hello_world_dag.py","lineno":5,"logger":"py.warnings"}
{"timestamp":"2026-02-23T05:54:18.288338Z","level":"warning","event":"The `airflow.utils.timezone.datetime` attribute is deprecated. Please use `'airflow.sdk.timezone.datetime'`.","category":"DeprecatedImportWarning","filename":"/opt/airflow/dags/hello_world_dag.py","lineno":27,"logger":"py.warnings"}
{"timestamp":"2026-02-23T05:54:48.775328Z","level":"info","event":"Filling up the DagBag from /opt/airflow/dags/hello_world_dag.py","logger":"airflow.models.dagbag.BundleDagBag","filename":"dagbag.py","lineno":593}
{"timestamp":"2026-02-23T05:54:48.799907Z","level":"warning","event":"The `airflow.operators.python.PythonOperator` attribute is deprecated. Please use `'airflow.providers.standard.operators.python.PythonOperator'`.","category":"DeprecatedImportWarning","filename":"/opt/airflow/dags/hello_world_dag.py","lineno":4,"logger":"py.warnings"}
{"timestamp":"2026-02-23T05:54:48.800104Z","level":"warning","event":"The `airflow.operators.empty.EmptyOperator` attribute is deprecated. Please use `'airflow.providers.standard.operators.empty.EmptyOperator'`.","category":"DeprecatedImportWarning","filename":"/opt/airflow/dags/hello_world_dag.py","lineno":5,"logger":"py.warnings"}
{"timestamp":"2026-02-23T05:54:48.800215Z","level":"warning","event":"The `airflow.utils.timezone.datetime` attribute is deprecated. Please use `'airflow.sdk.timezone.datetime'`.","category":"DeprecatedImportWarning","filename":"/opt/airflow/dags/hello_world_dag.py","lineno":27,"logger":"py.warnings"}
{"timestamp":"2026-02-23T05:55:19.418628Z","level":"info","event":"Filling up the DagBag from /opt/airflow/dags/hello_world_dag.py","logger":"airflow.models.dagbag.BundleDagBag","filename":"dagbag.py","lineno":593}
{"timestamp":"2026-02-23T05:55:19.491483Z","level":"warning","event":"The `airflow.operators.python.PythonOperator` attribute is deprecated. Please use `'airflow.providers.standard.operators.python.PythonOperator'`.","category":"DeprecatedImportWarning","filename":"/opt/airflow/dags/hello_world_dag.py","lineno":4,"logger":"py.warnings"}
{"timestamp":"2026-02-23T05:55:19.491881Z","level":"warning","event":"The `airflow.operators.empty.EmptyOperator` attribute is deprecated. Please use `'airflow.providers.standard.operators.empty.EmptyOperator'`.","category":"DeprecatedImportWarning","filename":"/opt/airflow/dags/hello_world_dag.py","lineno":5,"logger":"py.warnings"}
{"timestamp":"2026-02-23T05:55:19.491984Z","level":"warning","event":"The `airflow.utils.timezone.datetime` attribute is deprecated. Please use `'airflow.sdk.timezone.datetime'`.","category":"DeprecatedImportWarning","filename":"/opt/airflow/dags/hello_world_dag.py","lineno":27,"logger":"py.warnings"}
{"timestamp":"2026-02-23T05:55:50.144281Z","level":"info","event":"Filling up the DagBag from /opt/airflow/dags/hello_world_dag.py","logger":"airflow.models.dagbag.BundleDagBag","filename":"dagbag.py","lineno":593}
{"timestamp":"2026-02-23T05:55:50.155078Z","level":"warning","event":"The `airflow.operators.python.PythonOperator` attribute is deprecated. Please use `'airflow.providers.standard.operators.python.PythonOperator'`.","category":"DeprecatedImportWarning","filename":"/opt/airflow/dags/hello_world_dag.py","lineno":4,"logger":"py.warnings"}
{"timestamp":"2026-02-23T05:55:50.155186Z","level":"warning","event":"The `airflow.operators.empty.EmptyOperator` attribute is deprecated. Please use `'airflow.providers.standard.operators.empty.EmptyOperator'`.","category":"DeprecatedImportWarning","filename":"/opt/airflow/dags/hello_world_dag.py","lineno":5,"logger":"py.warnings"}
{"timestamp":"2026-02-23T05:55:50.155240Z","level":"warning","event":"The `airflow.utils.timezone.datetime` attribute is deprecated. Please use `'airflow.sdk.timezone.datetime'`.","category":"DeprecatedImportWarning","filename":"/opt/airflow/dags/hello_world_dag.py","lineno":27,"logger":"py.warnings"}
{"timestamp":"2026-02-23T05:56:20.410050Z","level":"info","event":"Filling up the DagBag from /opt/airflow/dags/hello_world_dag.py","logger":"airflow.models.dagbag.BundleDagBag","filename":"dagbag.py","lineno":593}
{"timestamp":"2026-02-23T05:56:20.423155Z","level":"warning","event":"The `airflow.operators.python.PythonOperator` attribute is deprecated. Please use `'airflow.providers.standard.operators.python.PythonOperator'`.","category":"DeprecatedImportWarning","filename":"/opt/airflow/dags/hello_world_dag.py","lineno":4,"logger":"py.warnings"}
{"timestamp":"2026-02-23T05:56:20.423252Z","level":"warning","event":"The `airflow.operators.empty.EmptyOperator` attribute is deprecated. Please use `'airflow.providers.standard.operators.empty.EmptyOperator'`.","category":"DeprecatedImportWarning","filename":"/opt/airflow/dags/hello_world_dag.py","lineno":5,"logger":"py.warnings"}
{"timestamp":"2026-02-23T05:56:20.423311Z","level":"warning","event":"The `airflow.utils.timezone.datetime` attribute is deprecated. Please use `'airflow.sdk.timezone.datetime'`.","category":"DeprecatedImportWarning","filename":"/opt/airflow/dags/hello_world_dag.py","lineno":27,"logger":"py.warnings"}
{"timestamp":"2026-02-23T05:56:50.818204Z","level":"info","event":"Filling up the DagBag from /opt/airflow/dags/hello_world_dag.py","logger":"airflow.models.dagbag.BundleDagBag","filename":"dagbag.py","lineno":593}
{"timestamp":"2026-02-23T05:56:50.868498Z","level":"warning","event":"The `airflow.operators.python.PythonOperator` attribute is deprecated. Please use `'airflow.providers.standard.operators.python.PythonOperator'`.","category":"DeprecatedImportWarning","filename":"/opt/airflow/dags/hello_world_dag.py","lineno":4,"logger":"py.warnings"}
{"timestamp":"2026-02-23T05:56:50.868720Z","level":"warning","event":"The `airflow.operators.empty.EmptyOperator` attribute is deprecated. Please use `'airflow.providers.standard.operators.empty.EmptyOperator'`.","category":"DeprecatedImportWarning","filename":"/opt/airflow/dags/hello_world_dag.py","lineno":5,"logger":"py.warnings"}
{"timestamp":"2026-02-23T05:56:50.868950Z","level":"warning","event":"The `airflow.utils.timezone.datetime` attribute is deprecated. Please use `'airflow.sdk.timezone.datetime'`.","category":"DeprecatedImportWarning","filename":"/opt/airflow/dags/hello_world_dag.py","lineno":27,"logger":"py.warnings"}
{"timestamp":"2026-02-23T05:57:21.757612Z","level":"info","event":"Filling up the DagBag from /opt/airflow/dags/hello_world_dag.py","logger":"airflow.models.dagbag.BundleDagBag","filename":"dagbag.py","lineno":593}
{"timestamp":"2026-02-23T05:57:21.787884Z","level":"warning","event":"The `airflow.operators.python.PythonOperator` attribute is deprecated. Please use `'airflow.providers.standard.operators.python.PythonOperator'`.","category":"DeprecatedImportWarning","filename":"/opt/airflow/dags/hello_world_dag.py","lineno":4,"logger":"py.warnings"}
{"timestamp":"2026-02-23T05:57:21.788074Z","level":"warning","event":"The `airflow.operators.empty.EmptyOperator` attribute is deprecated. Please use `'airflow.providers.standard.operators.empty.EmptyOperator'`.","category":"DeprecatedImportWarning","filename":"/opt/airflow/dags/hello_world_dag.py","lineno":5,"logger":"py.warnings"}
{"timestamp":"2026-02-23T05:57:21.788142Z","level":"warning","event":"The `airflow.utils.timezone.datetime` attribute is deprecated. Please use `'airflow.sdk.timezone.datetime'`.","category":"DeprecatedImportWarning","filename":"/opt/airflow/dags/hello_world_dag.py","lineno":27,"logger":"py.warnings"}
{"timestamp":"2026-02-23T05:57:52.327470Z","level":"info","event":"Filling up the DagBag from /opt/airflow/dags/hello_world_dag.py","logger":"airflow.models.dagbag.BundleDagBag","filename":"dagbag.py","lineno":593}
{"timestamp":"2026-02-23T05:57:52.366438Z","level":"warning","event":"The `airflow.operators.python.PythonOperator` attribute is deprecated. Please use `'airflow.providers.standard.operators.python.PythonOperator'`.","category":"DeprecatedImportWarning","filename":"/opt/airflow/dags/hello_world_dag.py","lineno":4,"logger":"py.warnings"}
{"timestamp":"2026-02-23T05:57:52.366595Z","level":"warning","event":"The `airflow.operators.empty.EmptyOperator` attribute is deprecated. Please use `'airflow.providers.standard.operators.empty.EmptyOperator'`.","category":"DeprecatedImportWarning","filename":"/opt/airflow/dags/hello_world_dag.py","lineno":5,"logger":"py.warnings"}
{"timestamp":"2026-02-23T05:57:52.366674Z","level":"warning","event":"The `airflow.utils.timezone.datetime` attribute is deprecated. Please use `'airflow.sdk.timezone.datetime'`.","category":"DeprecatedImportWarning","filename":"/opt/airflow/dags/hello_world_dag.py","lineno":27,"logger":"py.warnings"}
{"timestamp":"2026-02-23T05:58:22.749937Z","level":"info","event":"Filling up the DagBag from /opt/airflow/dags/hello_world_dag.py","logger":"airflow.models.dagbag.BundleDagBag","filename":"dagbag.py","lineno":593}
{"timestamp":"2026-02-23T05:58:22.778472Z","level":"warning","event":"The `airflow.operators.python.PythonOperator` attribute is deprecated. Please use `'airflow.providers.standard.operators.python.PythonOperator'`.","category":"DeprecatedImportWarning","filename":"/opt/airflow/dags/hello_world_dag.py","lineno":4,"logger":"py.warnings"}
{"timestamp":"2026-02-23T05:58:22.778941Z","level":"warning","event":"The `airflow.operators.empty.EmptyOperator` attribute is deprecated. Please use `'airflow.providers.standard.operators.empty.EmptyOperator'`.","category":"DeprecatedImportWarning","filename":"/opt/airflow/dags/hello_world_dag.py","lineno":5,"logger":"py.warnings"}
{"timestamp":"2026-02-23T05:58:22.779145Z","level":"warning","event":"The `airflow.utils.timezone.datetime` attribute is deprecated. Please use `'airflow.sdk.timezone.datetime'`.","category":"DeprecatedImportWarning","filename":"/opt/airflow/dags/hello_world_dag.py","lineno":27,"logger":"py.warnings"}
{"timestamp":"2026-02-23T05:58:53.828336Z","level":"info","event":"Filling up the DagBag from /opt/airflow/dags/hello_world_dag.py","logger":"airflow.models.dagbag.BundleDagBag","filename":"dagbag.py","lineno":593}
{"timestamp":"2026-02-23T05:58:53.849834Z","level":"warning","event":"The `airflow.operators.python.PythonOperator` attribute is deprecated. Please use `'airflow.providers.standard.operators.python.PythonOperator'`.","category":"DeprecatedImportWarning","filename":"/opt/airflow/dags/hello_world_dag.py","lineno":4,"logger":"py.warnings"}
{"timestamp":"2026-02-23T05:58:53.849983Z","level":"warning","event":"The `airflow.operators.empty.EmptyOperator` attribute is deprecated. Please use `'airflow.providers.standard.operators.empty.EmptyOperator'`.","category":"DeprecatedImportWarning","filename":"/opt/airflow/dags/hello_world_dag.py","lineno":5,"logger":"py.warnings"}
{"timestamp":"2026-02-23T05:58:53.850065Z","level":"warning","event":"The `airflow.utils.timezone.datetime` attribute is deprecated. Please use `'airflow.sdk.timezone.datetime'`.","category":"DeprecatedImportWarning","filename":"/opt/airflow/dags/hello_world_dag.py","lineno":27,"logger":"py.warnings"}
{"timestamp":"2026-02-23T05:59:24.473382Z","level":"info","event":"Filling up the DagBag from /opt/airflow/dags/hello_world_dag.py","logger":"airflow.models.dagbag.BundleDagBag","filename":"dagbag.py","lineno":593}
{"timestamp":"2026-02-23T05:59:24.508688Z","level":"warning","event":"The `airflow.operators.python.PythonOperator` attribute is deprecated. Please use `'airflow.providers.standard.operators.python.PythonOperator'`.","category":"DeprecatedImportWarning","filename":"/opt/airflow/dags/hello_world_dag.py","lineno":4,"logger":"py.warnings"}
{"timestamp":"2026-02-23T05:59:24.508926Z","level":"warning","event":"The `airflow.operators.empty.EmptyOperator` attribute is deprecated. Please use `'airflow.providers.standard.operators.empty.EmptyOperator'`.","category":"DeprecatedImportWarning","filename":"/opt/airflow/dags/hello_world_dag.py","lineno":5,"logger":"py.warnings"}
{"timestamp":"2026-02-23T05:59:24.509162Z","level":"warning","event":"The `airflow.utils.timezone.datetime` attribute is deprecated. Please use `'airflow.sdk.timezone.datetime'`.","category":"DeprecatedImportWarning","filename":"/opt/airflow/dags/hello_world_dag.py","lineno":27,"logger":"py.warnings"}
{"timestamp":"2026-02-23T05:59:55.325980Z","level":"info","event":"Filling up the DagBag from /opt/airflow/dags/hello_world_dag.py","logger":"airflow.models.dagbag.BundleDagBag","filename":"dagbag.py","lineno":593}
{"timestamp":"2026-02-23T05:59:55.351704Z","level":"warning","event":"The `airflow.operators.python.PythonOperator` attribute is deprecated. Please use `'airflow.providers.standard.operators.python.PythonOperator'`.","category":"DeprecatedImportWarning","filename":"/opt/airflow/dags/hello_world_dag.py","lineno":4,"logger":"py.warnings"}
{"timestamp":"2026-02-23T05:59:55.352619Z","level":"warning","event":"The `airflow.operators.empty.EmptyOperator` attribute is deprecated. Please use `'airflow.providers.standard.operators.empty.EmptyOperator'`.","category":"DeprecatedImportWarning","filename":"/opt/airflow/dags/hello_world_dag.py","lineno":5,"logger":"py.warnings"}
{"timestamp":"2026-02-23T05:59:55.352692Z","level":"warning","event":"The `airflow.utils.timezone.datetime` attribute is deprecated. Please use `'airflow.sdk.timezone.datetime'`.","category":"DeprecatedImportWarning","filename":"/opt/airflow/dags/hello_world_dag.py","lineno":27,"logger":"py.warnings"}
{"timestamp":"2026-02-23T06:00:25.524945Z","level":"info","event":"Filling up the DagBag from /opt/airflow/dags/hello_world_dag.py","logger":"airflow.models.dagbag.BundleDagBag","filename":"dagbag.py","lineno":593}
{"timestamp":"2026-02-23T06:00:25.551846Z","level":"warning","event":"The `airflow.operators.python.PythonOperator` attribute is deprecated. Please use `'airflow.providers.standard.operators.python.PythonOperator'`.","category":"DeprecatedImportWarning","filename":"/opt/airflow/dags/hello_world_dag.py","lineno":4,"logger":"py.warnings"}
{"timestamp":"2026-02-23T06:00:25.552020Z","level":"warning","event":"The `airflow.operators.empty.EmptyOperator` attribute is deprecated. Please use `'airflow.providers.standard.operators.empty.EmptyOperator'`.","category":"DeprecatedImportWarning","filename":"/opt/airflow/dags/hello_world_dag.py","lineno":5,"logger":"py.warnings"}
{"timestamp":"2026-02-23T06:00:25.552087Z","level":"warning","event":"The `airflow.utils.timezone.datetime` attribute is deprecated. Please use `'airflow.sdk.timezone.datetime'`.","category":"DeprecatedImportWarning","filename":"/opt/airflow/dags/hello_world_dag.py","lineno":27,"logger":"py.warnings"}
{"timestamp":"2026-02-23T06:00:56.214273Z","level":"info","event":"Filling up the DagBag from /opt/airflow/dags/hello_world_dag.py","logger":"airflow.models.dagbag.BundleDagBag","filename":"dagbag.py","lineno":593}
{"timestamp":"2026-02-23T06:00:56.238103Z","level":"warning","event":"The `airflow.operators.python.PythonOperator` attribute is deprecated. Please use `'airflow.providers.standard.operators.python.PythonOperator'`.","category":"DeprecatedImportWarning","filename":"/opt/airflow/dags/hello_world_dag.py","lineno":4,"logger":"py.warnings"}
{"timestamp":"2026-02-23T06:00:56.238247Z","level":"warning","event":"The `airflow.operators.empty.EmptyOperator` attribute is deprecated. Please use `'airflow.providers.standard.operators.empty.EmptyOperator'`.","category":"DeprecatedImportWarning","filename":"/opt/airflow/dags/hello_world_dag.py","lineno":5,"logger":"py.warnings"}
{"timestamp":"2026-02-23T06:00:56.238315Z","level":"warning","event":"The `airflow.utils.timezone.datetime` attribute is deprecated. Please use `'airflow.sdk.timezone.datetime'`.","category":"DeprecatedImportWarning","filename":"/opt/airflow/dags/hello_world_dag.py","lineno":27,"logger":"py.warnings"}
{"timestamp":"2026-02-23T06:01:26.453011Z","level":"info","event":"Filling up the DagBag from /opt/airflow/dags/hello_world_dag.py","logger":"airflow.models.dagbag.BundleDagBag","filename":"dagbag.py","lineno":593}
{"timestamp":"2026-02-23T06:01:26.466398Z","level":"warning","event":"The `airflow.operators.python.PythonOperator` attribute is deprecated. Please use `'airflow.providers.standard.operators.python.PythonOperator'`.","category":"DeprecatedImportWarning","filename":"/opt/airflow/dags/hello_world_dag.py","lineno":4,"logger":"py.warnings"}
{"timestamp":"2026-02-23T06:01:26.466514Z","level":"warning","event":"The `airflow.operators.empty.EmptyOperator` attribute is deprecated. Please use `'airflow.providers.standard.operators.empty.EmptyOperator'`.","category":"DeprecatedImportWarning","filename":"/opt/airflow/dags/hello_world_dag.py","lineno":5,"logger":"py.warnings"}
{"timestamp":"2026-02-23T06:01:26.466586Z","level":"warning","event":"The `airflow.utils.timezone.datetime` attribute is deprecated. Please use `'airflow.sdk.timezone.datetime'`.","category":"DeprecatedImportWarning","filename":"/opt/airflow/dags/hello_world_dag.py","lineno":27,"logger":"py.warnings"}
{"timestamp":"2026-02-23T06:01:57.039807Z","level":"info","event":"Filling up the DagBag from /opt/airflow/dags/hello_world_dag.py","logger":"airflow.models.dagbag.BundleDagBag","filename":"dagbag.py","lineno":593}
{"timestamp":"2026-02-23T06:01:57.052591Z","level":"warning","event":"The `airflow.operators.python.PythonOperator` attribute is deprecated. Please use `'airflow.providers.standard.operators.python.PythonOperator'`.","category":"DeprecatedImportWarning","filename":"/opt/airflow/dags/hello_world_dag.py","lineno":4,"logger":"py.warnings"}
{"timestamp":"2026-02-23T06:01:57.053153Z","level":"warning","event":"The `airflow.operators.empty.EmptyOperator` attribute is deprecated. Please use `'airflow.providers.standard.operators.empty.EmptyOperator'`.","category":"DeprecatedImportWarning","filename":"/opt/airflow/dags/hello_world_dag.py","lineno":5,"logger":"py.warnings"}
{"timestamp":"2026-02-23T06:01:57.053211Z","level":"warning","event":"The `airflow.utils.timezone.datetime` attribute is deprecated. Please use `'airflow.sdk.timezone.datetime'`.","category":"DeprecatedImportWarning","filename":"/opt/airflow/dags/hello_world_dag.py","lineno":27,"logger":"py.warnings"}
{"timestamp":"2026-02-23T06:02:27.573952Z","level":"info","event":"Filling up the DagBag from /opt/airflow/dags/hello_world_dag.py","logger":"airflow.models.dagbag.BundleDagBag","filename":"dagbag.py","lineno":593}
{"timestamp":"2026-02-23T06:02:27.616809Z","level":"warning","event":"The `airflow.operators.python.PythonOperator` attribute is deprecated. Please use `'airflow.providers.standard.operators.python.PythonOperator'`.","category":"DeprecatedImportWarning","filename":"/opt/airflow/dags/hello_world_dag.py","lineno":4,"logger":"py.warnings"}
{"timestamp":"2026-02-23T06:02:27.616969Z","level":"warning","event":"The `airflow.operators.empty.EmptyOperator` attribute is deprecated. Please use `'airflow.providers.standard.operators.empty.EmptyOperator'`.","category":"DeprecatedImportWarning","filename":"/opt/airflow/dags/hello_world_dag.py","lineno":5,"logger":"py.warnings"}
{"timestamp":"2026-02-23T06:02:27.617046Z","level":"warning","event":"The `airflow.utils.timezone.datetime` attribute is deprecated. Please use `'airflow.sdk.timezone.datetime'`.","category":"DeprecatedImportWarning","filename":"/opt/airflow/dags/hello_world_dag.py","lineno":27,"logger":"py.warnings"}
{"timestamp":"2026-02-23T06:02:58.318135Z","level":"info","event":"Filling up the DagBag from /opt/airflow/dags/hello_world_dag.py","logger":"airflow.models.dagbag.BundleDagBag","filename":"dagbag.py","lineno":593}
{"timestamp":"2026-02-23T06:02:58.332208Z","level":"warning","event":"The `airflow.operators.python.PythonOperator` attribute is deprecated. Please use `'airflow.providers.standard.operators.python.PythonOperator'`.","category":"DeprecatedImportWarning","filename":"/opt/airflow/dags/hello_world_dag.py","lineno":4,"logger":"py.warnings"}
{"timestamp":"2026-02-23T06:02:58.332325Z","level":"warning","event":"The `airflow.operators.empty.EmptyOperator` attribute is deprecated. Please use `'airflow.providers.standard.operators.empty.EmptyOperator'`.","category":"DeprecatedImportWarning","filename":"/opt/airflow/dags/hello_world_dag.py","lineno":5,"logger":"py.warnings"}
{"timestamp":"2026-02-23T06:02:58.332399Z","level":"warning","event":"The `airflow.utils.timezone.datetime` attribute is deprecated. Please use `'airflow.sdk.timezone.datetime'`.","category":"DeprecatedImportWarning","filename":"/opt/airflow/dags/hello_world_dag.py","lineno":27,"logger":"py.warnings"}
{"timestamp":"2026-02-23T06:03:28.685842Z","level":"info","event":"Filling up the DagBag from /opt/airflow/dags/hello_world_dag.py","logger":"airflow.models.dagbag.BundleDagBag","filename":"dagbag.py","lineno":593}
{"timestamp":"2026-02-23T06:03:28.705128Z","level":"warning","event":"The `airflow.operators.python.PythonOperator` attribute is deprecated. Please use `'airflow.providers.standard.operators.python.PythonOperator'`.","category":"DeprecatedImportWarning","filename":"/opt/airflow/dags/hello_world_dag.py","lineno":4,"logger":"py.warnings"}
{"timestamp":"2026-02-23T06:03:28.705266Z","level":"warning","event":"The `airflow.operators.empty.EmptyOperator` attribute is deprecated. Please use `'airflow.providers.standard.operators.empty.EmptyOperator'`.","category":"DeprecatedImportWarning","filename":"/opt/airflow/dags/hello_world_dag.py","lineno":5,"logger":"py.warnings"}
{"timestamp":"2026-02-23T06:03:28.705347Z","level":"warning","event":"The `airflow.utils.timezone.datetime` attribute is deprecated. Please use `'airflow.sdk.timezone.datetime'`.","category":"DeprecatedImportWarning","filename":"/opt/airflow/dags/hello_world_dag.py","lineno":27,"logger":"py.warnings"}
{"timestamp":"2026-02-23T06:03:58.969815Z","level":"info","event":"Filling up the DagBag from /opt/airflow/dags/hello_world_dag.py","logger":"airflow.models.dagbag.BundleDagBag","filename":"dagbag.py","lineno":593}
{"timestamp":"2026-02-23T06:03:58.980364Z","level":"warning","event":"The `airflow.operators.python.PythonOperator` attribute is deprecated. Please use `'airflow.providers.standard.operators.python.PythonOperator'`.","category":"DeprecatedImportWarning","filename":"/opt/airflow/dags/hello_world_dag.py","lineno":4,"logger":"py.warnings"}
{"timestamp":"2026-02-23T06:03:58.980479Z","level":"warning","event":"The `airflow.operators.empty.EmptyOperator` attribute is deprecated. Please use `'airflow.providers.standard.operators.empty.EmptyOperator'`.","category":"DeprecatedImportWarning","filename":"/opt/airflow/dags/hello_world_dag.py","lineno":5,"logger":"py.warnings"}
{"timestamp":"2026-02-23T06:03:58.980525Z","level":"warning","event":"The `airflow.utils.timezone.datetime` attribute is deprecated. Please use `'airflow.sdk.timezone.datetime'`.","category":"DeprecatedImportWarning","filename":"/opt/airflow/dags/hello_world_dag.py","lineno":27,"logger":"py.warnings"}
{"timestamp":"2026-02-23T06:04:29.102302Z","level":"info","event":"Filling up the DagBag from /opt/airflow/dags/hello_world_dag.py","logger":"airflow.models.dagbag.BundleDagBag","filename":"dagbag.py","lineno":593}
{"timestamp":"2026-02-23T06:04:29.129177Z","level":"warning","event":"The `airflow.operators.python.PythonOperator` attribute is deprecated. Please use `'airflow.providers.standard.operators.python.PythonOperator'`.","category":"DeprecatedImportWarning","filename":"/opt/airflow/dags/hello_world_dag.py","lineno":4,"logger":"py.warnings"}
{"timestamp":"2026-02-23T06:04:29.129361Z","level":"warning","event":"The `airflow.operators.empty.EmptyOperator` attribute is deprecated. Please use `'airflow.providers.standard.operators.empty.EmptyOperator'`.","category":"DeprecatedImportWarning","filename":"/opt/airflow/dags/hello_world_dag.py","lineno":5,"logger":"py.warnings"}
{"timestamp":"2026-02-23T06:04:29.129433Z","level":"warning","event":"The `airflow.utils.timezone.datetime` attribute is deprecated. Please use `'airflow.sdk.timezone.datetime'`.","category":"DeprecatedImportWarning","filename":"/opt/airflow/dags/hello_world_dag.py","lineno":27,"logger":"py.warnings"}
{"timestamp":"2026-02-23T06:04:59.704835Z","level":"info","event":"Filling up the DagBag from /opt/airflow/dags/hello_world_dag.py","logger":"airflow.models.dagbag.BundleDagBag","filename":"dagbag.py","lineno":593}
{"timestamp":"2026-02-23T06:04:59.727749Z","level":"warning","event":"The `airflow.operators.python.PythonOperator` attribute is deprecated. Please use `'airflow.providers.standard.operators.python.PythonOperator'`.","category":"DeprecatedImportWarning","filename":"/opt/airflow/dags/hello_world_dag.py","lineno":4,"logger":"py.warnings"}
{"timestamp":"2026-02-23T06:04:59.727894Z","level":"warning","event":"The `airflow.operators.empty.EmptyOperator` attribute is deprecated. Please use `'airflow.providers.standard.operators.empty.EmptyOperator'`.","category":"DeprecatedImportWarning","filename":"/opt/airflow/dags/hello_world_dag.py","lineno":5,"logger":"py.warnings"}
{"timestamp":"2026-02-23T06:04:59.727953Z","level":"warning","event":"The `airflow.utils.timezone.datetime` attribute is deprecated. Please use `'airflow.sdk.timezone.datetime'`.","category":"DeprecatedImportWarning","filename":"/opt/airflow/dags/hello_world_dag.py","lineno":27,"logger":"py.warnings"}
{"timestamp":"2026-02-23T06:05:29.822139Z","level":"info","event":"Filling up the DagBag from /opt/airflow/dags/hello_world_dag.py","logger":"airflow.models.dagbag.BundleDagBag","filename":"dagbag.py","lineno":593}
{"timestamp":"2026-02-23T06:05:29.831327Z","level":"warning","event":"The `airflow.operators.python.PythonOperator` attribute is deprecated. Please use `'airflow.providers.standard.operators.python.PythonOperator'`.","category":"DeprecatedImportWarning","filename":"/opt/airflow/dags/hello_world_dag.py","lineno":4,"logger":"py.warnings"}
{"timestamp":"2026-02-23T06:05:29.831455Z","level":"warning","event":"The `airflow.operators.empty.EmptyOperator` attribute is deprecated. Please use `'airflow.providers.standard.operators.empty.EmptyOperator'`.","category":"DeprecatedImportWarning","filename":"/opt/airflow/dags/hello_world_dag.py","lineno":5,"logger":"py.warnings"}
{"timestamp":"2026-02-23T06:05:29.831535Z","level":"warning","event":"The `airflow.utils.timezone.datetime` attribute is deprecated. Please use `'airflow.sdk.timezone.datetime'`.","category":"DeprecatedImportWarning","filename":"/opt/airflow/dags/hello_world_dag.py","lineno":27,"logger":"py.warnings"}
{"timestamp":"2026-02-23T06:06:00.447591Z","level":"info","event":"Filling up the DagBag from /opt/airflow/dags/hello_world_dag.py","logger":"airflow.models.dagbag.BundleDagBag","filename":"dagbag.py","lineno":593}
{"timestamp":"2026-02-23T06:06:00.490682Z","level":"warning","event":"The `airflow.operators.python.PythonOperator` attribute is deprecated. Please use `'airflow.providers.standard.operators.python.PythonOperator'`.","category":"DeprecatedImportWarning","filename":"/opt/airflow/dags/hello_world_dag.py","lineno":4,"logger":"py.warnings"}
{"timestamp":"2026-02-23T06:06:00.490892Z","level":"warning","event":"The `airflow.operators.empty.EmptyOperator` attribute is deprecated. Please use `'airflow.providers.standard.operators.empty.EmptyOperator'`.","category":"DeprecatedImportWarning","filename":"/opt/airflow/dags/hello_world_dag.py","lineno":5,"logger":"py.warnings"}
{"timestamp":"2026-02-23T06:06:00.490963Z","level":"warning","event":"The `airflow.utils.timezone.datetime` attribute is deprecated. Please use `'airflow.sdk.timezone.datetime'`.","category":"DeprecatedImportWarning","filename":"/opt/airflow/dags/hello_world_dag.py","lineno":27,"logger":"py.warnings"}
{"timestamp":"2026-02-23T06:06:31.283343Z","level":"info","event":"Filling up the DagBag from /opt/airflow/dags/hello_world_dag.py","logger":"airflow.models.dagbag.BundleDagBag","filename":"dagbag.py","lineno":593}
{"timestamp":"2026-02-23T06:06:31.300827Z","level":"warning","event":"The `airflow.operators.python.PythonOperator` attribute is deprecated. Please use `'airflow.providers.standard.operators.python.PythonOperator'`.","category":"DeprecatedImportWarning","filename":"/opt/airflow/dags/hello_world_dag.py","lineno":4,"logger":"py.warnings"}
{"timestamp":"2026-02-23T06:06:31.300930Z","level":"warning","event":"The `airflow.operators.empty.EmptyOperator` attribute is deprecated. Please use `'airflow.providers.standard.operators.empty.EmptyOperator'`.","category":"DeprecatedImportWarning","filename":"/opt/airflow/dags/hello_world_dag.py","lineno":5,"logger":"py.warnings"}
{"timestamp":"2026-02-23T06:06:31.300988Z","level":"warning","event":"The `airflow.utils.timezone.datetime` attribute is deprecated. Please use `'airflow.sdk.timezone.datetime'`.","category":"DeprecatedImportWarning","filename":"/opt/airflow/dags/hello_world_dag.py","lineno":27,"logger":"py.warnings"}
{"timestamp":"2026-02-23T06:07:01.609490Z","level":"info","event":"Filling up the DagBag from /opt/airflow/dags/hello_world_dag.py","logger":"airflow.models.dagbag.BundleDagBag","filename":"dagbag.py","lineno":593}
{"timestamp":"2026-02-23T06:07:01.630705Z","level":"warning","event":"The `airflow.operators.python.PythonOperator` attribute is deprecated. Please use `'airflow.providers.standard.operators.python.PythonOperator'`.","category":"DeprecatedImportWarning","filename":"/opt/airflow/dags/hello_world_dag.py","lineno":4,"logger":"py.warnings"}
{"timestamp":"2026-02-23T06:07:01.630877Z","level":"warning","event":"The `airflow.operators.empty.EmptyOperator` attribute is deprecated. Please use `'airflow.providers.standard.operators.empty.EmptyOperator'`.","category":"DeprecatedImportWarning","filename":"/opt/airflow/dags/hello_world_dag.py","lineno":5,"logger":"py.warnings"}
{"timestamp":"2026-02-23T06:07:01.630971Z","level":"warning","event":"The `airflow.utils.timezone.datetime` attribute is deprecated. Please use `'airflow.sdk.timezone.datetime'`.","category":"DeprecatedImportWarning","filename":"/opt/airflow/dags/hello_world_dag.py","lineno":27,"logger":"py.warnings"}
{"timestamp":"2026-02-23T06:07:31.930445Z","level":"info","event":"Filling up the DagBag from /opt/airflow/dags/hello_world_dag.py","logger":"airflow.models.dagbag.BundleDagBag","filename":"dagbag.py","lineno":593}
{"timestamp":"2026-02-23T06:07:31.939051Z","level":"warning","event":"The `airflow.operators.python.PythonOperator` attribute is deprecated. Please use `'airflow.providers.standard.operators.python.PythonOperator'`.","category":"DeprecatedImportWarning","filename":"/opt/airflow/dags/hello_world_dag.py","lineno":4,"logger":"py.warnings"}
{"timestamp":"2026-02-23T06:07:31.939126Z","level":"warning","event":"The `airflow.operators.empty.EmptyOperator` attribute is deprecated. Please use `'airflow.providers.standard.operators.empty.EmptyOperator'`.","category":"DeprecatedImportWarning","filename":"/opt/airflow/dags/hello_world_dag.py","lineno":5,"logger":"py.warnings"}
{"timestamp":"2026-02-23T06:07:31.939169Z","level":"warning","event":"The `airflow.utils.timezone.datetime` attribute is deprecated. Please use `'airflow.sdk.timezone.datetime'`.","category":"DeprecatedImportWarning","filename":"/opt/airflow/dags/hello_world_dag.py","lineno":27,"logger":"py.warnings"}
{"timestamp":"2026-02-23T06:08:02.197937Z","level":"info","event":"Filling up the DagBag from /opt/airflow/dags/hello_world_dag.py","logger":"airflow.models.dagbag.BundleDagBag","filename":"dagbag.py","lineno":593}
{"timestamp":"2026-02-23T06:08:02.212205Z","level":"warning","event":"The `airflow.operators.python.PythonOperator` attribute is deprecated. Please use `'airflow.providers.standard.operators.python.PythonOperator'`.","category":"DeprecatedImportWarning","filename":"/opt/airflow/dags/hello_world_dag.py","lineno":4,"logger":"py.warnings"}
{"timestamp":"2026-02-23T06:08:02.212359Z","level":"warning","event":"The `airflow.operators.empty.EmptyOperator` attribute is deprecated. Please use `'airflow.providers.standard.operators.empty.EmptyOperator'`.","category":"DeprecatedImportWarning","filename":"/opt/airflow/dags/hello_world_dag.py","lineno":5,"logger":"py.warnings"}
{"timestamp":"2026-02-23T06:08:02.212442Z","level":"warning","event":"The `airflow.utils.timezone.datetime` attribute is deprecated. Please use `'airflow.sdk.timezone.datetime'`.","category":"DeprecatedImportWarning","filename":"/opt/airflow/dags/hello_world_dag.py","lineno":27,"logger":"py.warnings"}
{"timestamp":"2026-02-23T06:08:33.242800Z","level":"info","event":"Filling up the DagBag from /opt/airflow/dags/hello_world_dag.py","logger":"airflow.models.dagbag.BundleDagBag","filename":"dagbag.py","lineno":593}
{"timestamp":"2026-02-23T06:08:33.271436Z","level":"warning","event":"The `airflow.operators.python.PythonOperator` attribute is deprecated. Please use `'airflow.providers.standard.operators.python.PythonOperator'`.","category":"DeprecatedImportWarning","filename":"/opt/airflow/dags/hello_world_dag.py","lineno":4,"logger":"py.warnings"}
{"timestamp":"2026-02-23T06:08:33.271916Z","level":"warning","event":"The `airflow.operators.empty.EmptyOperator` attribute is deprecated. Please use `'airflow.providers.standard.operators.empty.EmptyOperator'`.","category":"DeprecatedImportWarning","filename":"/opt/airflow/dags/hello_world_dag.py","lineno":5,"logger":"py.warnings"}
{"timestamp":"2026-02-23T06:08:33.272735Z","level":"warning","event":"The `airflow.utils.timezone.datetime` attribute is deprecated. Please use `'airflow.sdk.timezone.datetime'`.","category":"DeprecatedImportWarning","filename":"/opt/airflow/dags/hello_world_dag.py","lineno":27,"logger":"py.warnings"}
{"timestamp":"2026-02-23T06:09:04.274349Z","level":"info","event":"Filling up the DagBag from /opt/airflow/dags/hello_world_dag.py","logger":"airflow.models.dagbag.BundleDagBag","filename":"dagbag.py","lineno":593}
{"timestamp":"2026-02-23T06:09:04.310582Z","level":"warning","event":"The `airflow.operators.python.PythonOperator` attribute is deprecated. Please use `'airflow.providers.standard.operators.python.PythonOperator'`.","category":"DeprecatedImportWarning","filename":"/opt/airflow/dags/hello_world_dag.py","lineno":4,"logger":"py.warnings"}
{"timestamp":"2026-02-23T06:09:04.311174Z","level":"warning","event":"The `airflow.operators.empty.EmptyOperator` attribute is deprecated. Please use `'airflow.providers.standard.operators.empty.EmptyOperator'`.","category":"DeprecatedImportWarning","filename":"/opt/airflow/dags/hello_world_dag.py","lineno":5,"logger":"py.warnings"}
{"timestamp":"2026-02-23T06:09:04.311276Z","level":"warning","event":"The `airflow.utils.timezone.datetime` attribute is deprecated. Please use `'airflow.sdk.timezone.datetime'`.","category":"DeprecatedImportWarning","filename":"/opt/airflow/dags/hello_world_dag.py","lineno":27,"logger":"py.warnings"}
{"timestamp":"2026-02-23T06:09:35.037801Z","level":"info","event":"Filling up the DagBag from /opt/airflow/dags/hello_world_dag.py","logger":"airflow.models.dagbag.BundleDagBag","filename":"dagbag.py","lineno":593}
{"timestamp":"2026-02-23T06:09:35.063226Z","level":"warning","event":"The `airflow.operators.python.PythonOperator` attribute is deprecated. Please use `'airflow.providers.standard.operators.python.PythonOperator'`.","category":"DeprecatedImportWarning","filename":"/opt/airflow/dags/hello_world_dag.py","lineno":4,"logger":"py.warnings"}
{"timestamp":"2026-02-23T06:09:35.063715Z","level":"warning","event":"The `airflow.operators.empty.EmptyOperator` attribute is deprecated. Please use `'airflow.providers.standard.operators.empty.EmptyOperator'`.","category":"DeprecatedImportWarning","filename":"/opt/airflow/dags/hello_world_dag.py","lineno":5,"logger":"py.warnings"}
{"timestamp":"2026-02-23T06:09:35.064561Z","level":"warning","event":"The `airflow.utils.timezone.datetime` attribute is deprecated. Please use `'airflow.sdk.timezone.datetime'`.","category":"DeprecatedImportWarning","filename":"/opt/airflow/dags/hello_world_dag.py","lineno":27,"logger":"py.warnings"}
{"timestamp":"2026-02-23T06:10:05.839744Z","level":"info","event":"Filling up the DagBag from /opt/airflow/dags/hello_world_dag.py","logger":"airflow.models.dagbag.BundleDagBag","filename":"dagbag.py","lineno":593}
{"timestamp":"2026-02-23T06:10:05.888016Z","level":"warning","event":"The `airflow.operators.python.PythonOperator` attribute is deprecated. Please use `'airflow.providers.standard.operators.python.PythonOperator'`.","category":"DeprecatedImportWarning","filename":"/opt/airflow/dags/hello_world_dag.py","lineno":4,"logger":"py.warnings"}
{"timestamp":"2026-02-23T06:10:05.915409Z","level":"warning","event":"The `airflow.operators.empty.EmptyOperator` attribute is deprecated. Please use `'airflow.providers.standard.operators.empty.EmptyOperator'`.","category":"DeprecatedImportWarning","filename":"/opt/airflow/dags/hello_world_dag.py","lineno":5,"logger":"py.warnings"}
{"timestamp":"2026-02-23T06:10:05.916255Z","level":"warning","event":"The `airflow.utils.timezone.datetime` attribute is deprecated. Please use `'airflow.sdk.timezone.datetime'`.","category":"DeprecatedImportWarning","filename":"/opt/airflow/dags/hello_world_dag.py","lineno":27,"logger":"py.warnings"}
{"timestamp":"2026-02-23T06:10:36.207465Z","level":"info","event":"Filling up the DagBag from /opt/airflow/dags/hello_world_dag.py","logger":"airflow.models.dagbag.BundleDagBag","filename":"dagbag.py","lineno":593}
{"timestamp":"2026-02-23T06:10:36.215460Z","level":"warning","event":"The `airflow.operators.python.PythonOperator` attribute is deprecated. Please use `'airflow.providers.standard.operators.python.PythonOperator'`.","category":"DeprecatedImportWarning","filename":"/opt/airflow/dags/hello_world_dag.py","lineno":4,"logger":"py.warnings"}
{"timestamp":"2026-02-23T06:10:36.215548Z","level":"warning","event":"The `airflow.operators.empty.EmptyOperator` attribute is deprecated. Please use `'airflow.providers.standard.operators.empty.EmptyOperator'`.","category":"DeprecatedImportWarning","filename":"/opt/airflow/dags/hello_world_dag.py","lineno":5,"logger":"py.warnings"}
{"timestamp":"2026-02-23T06:10:36.215613Z","level":"warning","event":"The `airflow.utils.timezone.datetime` attribute is deprecated. Please use `'airflow.sdk.timezone.datetime'`.","category":"DeprecatedImportWarning","filename":"/opt/airflow/dags/hello_world_dag.py","lineno":27,"logger":"py.warnings"}
{"timestamp":"2026-02-23T06:11:07.067911Z","level":"info","event":"Filling up the DagBag from /opt/airflow/dags/hello_world_dag.py","logger":"airflow.models.dagbag.BundleDagBag","filename":"dagbag.py","lineno":593}
{"timestamp":"2026-02-23T06:11:07.077004Z","level":"warning","event":"The `airflow.operators.python.PythonOperator` attribute is deprecated. Please use `'airflow.providers.standard.operators.python.PythonOperator'`.","category":"DeprecatedImportWarning","filename":"/opt/airflow/dags/hello_world_dag.py","lineno":4,"logger":"py.warnings"}
{"timestamp":"2026-02-23T06:11:07.077078Z","level":"warning","event":"The `airflow.operators.empty.EmptyOperator` attribute is deprecated. Please use `'airflow.providers.standard.operators.empty.EmptyOperator'`.","category":"DeprecatedImportWarning","filename":"/opt/airflow/dags/hello_world_dag.py","lineno":5,"logger":"py.warnings"}
{"timestamp":"2026-02-23T06:11:07.077121Z","level":"warning","event":"The `airflow.utils.timezone.datetime` attribute is deprecated. Please use `'airflow.sdk.timezone.datetime'`.","category":"DeprecatedImportWarning","filename":"/opt/airflow/dags/hello_world_dag.py","lineno":27,"logger":"py.warnings"}
{"timestamp":"2026-02-23T06:11:38.456702Z","level":"info","event":"Filling up the DagBag from /opt/airflow/dags/hello_world_dag.py","logger":"airflow.models.dagbag.BundleDagBag","filename":"dagbag.py","lineno":593}
{"timestamp":"2026-02-23T06:11:38.566862Z","level":"warning","event":"The `airflow.operators.python.PythonOperator` attribute is deprecated. Please use `'airflow.providers.standard.operators.python.PythonOperator'`.","category":"DeprecatedImportWarning","filename":"/opt/airflow/dags/hello_world_dag.py","lineno":4,"logger":"py.warnings"}
{"timestamp":"2026-02-23T06:11:38.567143Z","level":"warning","event":"The `airflow.operators.empty.EmptyOperator` attribute is deprecated. Please use `'airflow.providers.standard.operators.empty.EmptyOperator'`.","category":"DeprecatedImportWarning","filename":"/opt/airflow/dags/hello_world_dag.py","lineno":5,"logger":"py.warnings"}
{"timestamp":"2026-02-23T06:11:38.567353Z","level":"warning","event":"The `airflow.utils.timezone.datetime` attribute is deprecated. Please use `'airflow.sdk.timezone.datetime'`.","category":"DeprecatedImportWarning","filename":"/opt/airflow/dags/hello_world_dag.py","lineno":27,"logger":"py.warnings"}
{"timestamp":"2026-02-23T06:12:08.821034Z","level":"info","event":"Filling up the DagBag from /opt/airflow/dags/hello_world_dag.py","logger":"airflow.models.dagbag.BundleDagBag","filename":"dagbag.py","lineno":593}
{"timestamp":"2026-02-23T06:12:08.832013Z","level":"warning","event":"The `airflow.operators.python.PythonOperator` attribute is deprecated. Please use `'airflow.providers.standard.operators.python.PythonOperator'`.","category":"DeprecatedImportWarning","filename":"/opt/airflow/dags/hello_world_dag.py","lineno":4,"logger":"py.warnings"}
{"timestamp":"2026-02-23T06:12:08.832667Z","level":"warning","event":"The `airflow.operators.empty.EmptyOperator` attribute is deprecated. Please use `'airflow.providers.standard.operators.empty.EmptyOperator'`.","category":"DeprecatedImportWarning","filename":"/opt/airflow/dags/hello_world_dag.py","lineno":5,"logger":"py.warnings"}
{"timestamp":"2026-02-23T06:12:08.832796Z","level":"warning","event":"The `airflow.utils.timezone.datetime` attribute is deprecated. Please use `'airflow.sdk.timezone.datetime'`.","category":"DeprecatedImportWarning","filename":"/opt/airflow/dags/hello_world_dag.py","lineno":27,"logger":"py.warnings"}
{"timestamp":"2026-02-23T06:12:39.089900Z","level":"info","event":"Filling up the DagBag from /opt/airflow/dags/hello_world_dag.py","logger":"airflow.models.dagbag.BundleDagBag","filename":"dagbag.py","lineno":593}
{"timestamp":"2026-02-23T06:12:39.100378Z","level":"warning","event":"The `airflow.operators.python.PythonOperator` attribute is deprecated. Please use `'airflow.providers.standard.operators.python.PythonOperator'`.","category":"DeprecatedImportWarning","filename":"/opt/airflow/dags/hello_world_dag.py","lineno":4,"logger":"py.warnings"}
{"timestamp":"2026-02-23T06:12:39.100464Z","level":"warning","event":"The `airflow.operators.empty.EmptyOperator` attribute is deprecated. Please use `'airflow.providers.standard.operators.empty.EmptyOperator'`.","category":"DeprecatedImportWarning","filename":"/opt/airflow/dags/hello_world_dag.py","lineno":5,"logger":"py.warnings"}
{"timestamp":"2026-02-23T06:12:39.100508Z","level":"warning","event":"The `airflow.utils.timezone.datetime` attribute is deprecated. Please use `'airflow.sdk.timezone.datetime'`.","category":"DeprecatedImportWarning","filename":"/opt/airflow/dags/hello_world_dag.py","lineno":27,"logger":"py.warnings"}
{"timestamp":"2026-02-23T06:22:17.563029Z","level":"info","event":"Filling up the DagBag from /opt/airflow/dags/hello_world_dag.py","logger":"airflow.models.dagbag.BundleDagBag","filename":"dagbag.py","lineno":593}
{"timestamp":"2026-02-23T06:22:17.600089Z","level":"warning","event":"The `airflow.operators.python.PythonOperator` attribute is deprecated. Please use `'airflow.providers.standard.operators.python.PythonOperator'`.","category":"DeprecatedImportWarning","filename":"/opt/airflow/dags/hello_world_dag.py","lineno":4,"logger":"py.warnings"}
{"timestamp":"2026-02-23T06:22:17.601105Z","level":"warning","event":"The `airflow.operators.empty.EmptyOperator` attribute is deprecated. Please use `'airflow.providers.standard.operators.empty.EmptyOperator'`.","category":"DeprecatedImportWarning","filename":"/opt/airflow/dags/hello_world_dag.py","lineno":5,"logger":"py.warnings"}
{"timestamp":"2026-02-23T06:22:17.601568Z","level":"warning","event":"The `airflow.utils.timezone.datetime` attribute is deprecated. Please use `'airflow.sdk.timezone.datetime'`.","category":"DeprecatedImportWarning","filename":"/opt/airflow/dags/hello_world_dag.py","lineno":27,"logger":"py.warnings"}
{"timestamp":"2026-02-23T06:22:47.995186Z","level":"info","event":"Filling up the DagBag from /opt/airflow/dags/hello_world_dag.py","logger":"airflow.models.dagbag.BundleDagBag","filename":"dagbag.py","lineno":593}
{"timestamp":"2026-02-23T06:22:48.029417Z","level":"warning","event":"The `airflow.operators.python.PythonOperator` attribute is deprecated. Please use `'airflow.providers.standard.operators.python.PythonOperator'`.","category":"DeprecatedImportWarning","filename":"/opt/airflow/dags/hello_world_dag.py","lineno":4,"logger":"py.warnings"}
{"timestamp":"2026-02-23T06:22:48.029921Z","level":"warning","event":"The `airflow.operators.empty.EmptyOperator` attribute is deprecated. Please use `'airflow.providers.standard.operators.empty.EmptyOperator'`.","category":"DeprecatedImportWarning","filename":"/opt/airflow/dags/hello_world_dag.py","lineno":5,"logger":"py.warnings"}
{"timestamp":"2026-02-23T06:22:48.030149Z","level":"warning","event":"The `airflow.utils.timezone.datetime` attribute is deprecated. Please use `'airflow.sdk.timezone.datetime'`.","category":"DeprecatedImportWarning","filename":"/opt/airflow/dags/hello_world_dag.py","lineno":27,"logger":"py.warnings"}
{"timestamp":"2026-02-23T06:23:18.658144Z","level":"info","event":"Filling up the DagBag from /opt/airflow/dags/hello_world_dag.py","logger":"airflow.models.dagbag.BundleDagBag","filename":"dagbag.py","lineno":593}
{"timestamp":"2026-02-23T06:23:18.684394Z","level":"warning","event":"The `airflow.operators.python.PythonOperator` attribute is deprecated. Please use `'airflow.providers.standard.operators.python.PythonOperator'`.","category":"DeprecatedImportWarning","filename":"/opt/airflow/dags/hello_world_dag.py","lineno":4,"logger":"py.warnings"}
{"timestamp":"2026-02-23T06:23:18.686147Z","level":"warning","event":"The `airflow.operators.empty.EmptyOperator` attribute is deprecated. Please use `'airflow.providers.standard.operators.empty.EmptyOperator'`.","category":"DeprecatedImportWarning","filename":"/opt/airflow/dags/hello_world_dag.py","lineno":5,"logger":"py.warnings"}
{"timestamp":"2026-02-23T06:23:18.686293Z","level":"warning","event":"The `airflow.utils.timezone.datetime` attribute is deprecated. Please use `'airflow.sdk.timezone.datetime'`.","category":"DeprecatedImportWarning","filename":"/opt/airflow/dags/hello_world_dag.py","lineno":27,"logger":"py.warnings"}
{"timestamp":"2026-02-23T06:23:49.719753Z","level":"info","event":"Filling up the DagBag from /opt/airflow/dags/hello_world_dag.py","logger":"airflow.models.dagbag.BundleDagBag","filename":"dagbag.py","lineno":593}
{"timestamp":"2026-02-23T06:23:49.741061Z","level":"warning","event":"The `airflow.operators.python.PythonOperator` attribute is deprecated. Please use `'airflow.providers.standard.operators.python.PythonOperator'`.","category":"DeprecatedImportWarning","filename":"/opt/airflow/dags/hello_world_dag.py","lineno":4,"logger":"py.warnings"}
{"timestamp":"2026-02-23T06:23:49.741180Z","level":"warning","event":"The `airflow.operators.empty.EmptyOperator` attribute is deprecated. Please use `'airflow.providers.standard.operators.empty.EmptyOperator'`.","category":"DeprecatedImportWarning","filename":"/opt/airflow/dags/hello_world_dag.py","lineno":5,"logger":"py.warnings"}
{"timestamp":"2026-02-23T06:23:49.741233Z","level":"warning","event":"The `airflow.utils.timezone.datetime` attribute is deprecated. Please use `'airflow.sdk.timezone.datetime'`.","category":"DeprecatedImportWarning","filename":"/opt/airflow/dags/hello_world_dag.py","lineno":27,"logger":"py.warnings"}
{"timestamp":"2026-02-23T06:24:19.983681Z","level":"info","event":"Filling up the DagBag from /opt/airflow/dags/hello_world_dag.py","logger":"airflow.models.dagbag.BundleDagBag","filename":"dagbag.py","lineno":593}
{"timestamp":"2026-02-23T06:24:20.003040Z","level":"warning","event":"The `airflow.operators.python.PythonOperator` attribute is deprecated. Please use `'airflow.providers.standard.operators.python.PythonOperator'`.","category":"DeprecatedImportWarning","filename":"/opt/airflow/dags/hello_world_dag.py","lineno":4,"logger":"py.warnings"}
{"timestamp":"2026-02-23T06:24:20.003565Z","level":"warning","event":"The `airflow.operators.empty.EmptyOperator` attribute is deprecated. Please use `'airflow.providers.standard.operators.empty.EmptyOperator'`.","category":"DeprecatedImportWarning","filename":"/opt/airflow/dags/hello_world_dag.py","lineno":5,"logger":"py.warnings"}
{"timestamp":"2026-02-23T06:24:20.004540Z","level":"warning","event":"The `airflow.utils.timezone.datetime` attribute is deprecated. Please use `'airflow.sdk.timezone.datetime'`.","category":"DeprecatedImportWarning","filename":"/opt/airflow/dags/hello_world_dag.py","lineno":27,"logger":"py.warnings"}
{"timestamp":"2026-02-23T06:24:51.136307Z","level":"info","event":"Filling up the DagBag from /opt/airflow/dags/hello_world_dag.py","logger":"airflow.models.dagbag.BundleDagBag","filename":"dagbag.py","lineno":593}
{"timestamp":"2026-02-23T06:24:51.162584Z","level":"warning","event":"The `airflow.operators.python.PythonOperator` attribute is deprecated. Please use `'airflow.providers.standard.operators.python.PythonOperator'`.","category":"DeprecatedImportWarning","filename":"/opt/airflow/dags/hello_world_dag.py","lineno":4,"logger":"py.warnings"}
{"timestamp":"2026-02-23T06:24:51.163648Z","level":"warning","event":"The `airflow.operators.empty.EmptyOperator` attribute is deprecated. Please use `'airflow.providers.standard.operators.empty.EmptyOperator'`.","category":"DeprecatedImportWarning","filename":"/opt/airflow/dags/hello_world_dag.py","lineno":5,"logger":"py.warnings"}
{"timestamp":"2026-02-23T06:24:51.163966Z","level":"warning","event":"The `airflow.utils.timezone.datetime` attribute is deprecated. Please use `'airflow.sdk.timezone.datetime'`.","category":"DeprecatedImportWarning","filename":"/opt/airflow/dags/hello_world_dag.py","lineno":27,"logger":"py.warnings"}
{"timestamp":"2026-02-23T06:33:59.043052Z","level":"info","event":"Filling up the DagBag from /opt/airflow/dags/hello_world_dag.py","logger":"airflow.models.dagbag.BundleDagBag","filename":"dagbag.py","lineno":593}
{"timestamp":"2026-02-23T06:33:59.089040Z","level":"warning","event":"The `airflow.operators.python.PythonOperator` attribute is deprecated. Please use `'airflow.providers.standard.operators.python.PythonOperator'`.","category":"DeprecatedImportWarning","filename":"/opt/airflow/dags/hello_world_dag.py","lineno":4,"logger":"py.warnings"}
{"timestamp":"2026-02-23T06:33:59.089670Z","level":"warning","event":"The `airflow.operators.empty.EmptyOperator` attribute is deprecated. Please use `'airflow.providers.standard.operators.empty.EmptyOperator'`.","category":"DeprecatedImportWarning","filename":"/opt/airflow/dags/hello_world_dag.py","lineno":5,"logger":"py.warnings"}
{"timestamp":"2026-02-23T06:33:59.090743Z","level":"warning","event":"The `airflow.utils.timezone.datetime` attribute is deprecated. Please use `'airflow.sdk.timezone.datetime'`.","category":"DeprecatedImportWarning","filename":"/opt/airflow/dags/hello_world_dag.py","lineno":27,"logger":"py.warnings"}
{"timestamp":"2026-02-23T06:34:29.603803Z","level":"info","event":"Filling up the DagBag from /opt/airflow/dags/hello_world_dag.py","logger":"airflow.models.dagbag.BundleDagBag","filename":"dagbag.py","lineno":593}
{"timestamp":"2026-02-23T06:34:29.634773Z","level":"warning","event":"The `airflow.operators.python.PythonOperator` attribute is deprecated. Please use `'airflow.providers.standard.operators.python.PythonOperator'`.","category":"DeprecatedImportWarning","filename":"/opt/airflow/dags/hello_world_dag.py","lineno":4,"logger":"py.warnings"}
{"timestamp":"2026-02-23T06:34:29.634989Z","level":"warning","event":"The `airflow.operators.empty.EmptyOperator` attribute is deprecated. Please use `'airflow.providers.standard.operators.empty.EmptyOperator'`.","category":"DeprecatedImportWarning","filename":"/opt/airflow/dags/hello_world_dag.py","lineno":5,"logger":"py.warnings"}
{"timestamp":"2026-02-23T06:34:29.635055Z","level":"warning","event":"The `airflow.utils.timezone.datetime` attribute is deprecated. Please use `'airflow.sdk.timezone.datetime'`.","category":"DeprecatedImportWarning","filename":"/opt/airflow/dags/hello_world_dag.py","lineno":27,"logger":"py.warnings"}
{"timestamp":"2026-02-23T06:35:00.290381Z","level":"info","event":"Filling up the DagBag from /opt/airflow/dags/hello_world_dag.py","logger":"airflow.models.dagbag.BundleDagBag","filename":"dagbag.py","lineno":593}
{"timestamp":"2026-02-23T06:35:00.343917Z","level":"warning","event":"The `airflow.operators.python.PythonOperator` attribute is deprecated. Please use `'airflow.providers.standard.operators.python.PythonOperator'`.","category":"DeprecatedImportWarning","filename":"/opt/airflow/dags/hello_world_dag.py","lineno":4,"logger":"py.warnings"}
{"timestamp":"2026-02-23T06:35:00.344509Z","level":"warning","event":"The `airflow.operators.empty.EmptyOperator` attribute is deprecated. Please use `'airflow.providers.standard.operators.empty.EmptyOperator'`.","category":"DeprecatedImportWarning","filename":"/opt/airflow/dags/hello_world_dag.py","lineno":5,"logger":"py.warnings"}
{"timestamp":"2026-02-23T06:35:00.344936Z","level":"warning","event":"The `airflow.utils.timezone.datetime` attribute is deprecated. Please use `'airflow.sdk.timezone.datetime'`.","category":"DeprecatedImportWarning","filename":"/opt/airflow/dags/hello_world_dag.py","lineno":27,"logger":"py.warnings"}
{"timestamp":"2026-02-23T06:35:31.301298Z","level":"info","event":"Filling up the DagBag from /opt/airflow/dags/hello_world_dag.py","logger":"airflow.models.dagbag.BundleDagBag","filename":"dagbag.py","lineno":593}
{"timestamp":"2026-02-23T06:35:31.340236Z","level":"warning","event":"The `airflow.operators.python.PythonOperator` attribute is deprecated. Please use `'airflow.providers.standard.operators.python.PythonOperator'`.","category":"DeprecatedImportWarning","filename":"/opt/airflow/dags/hello_world_dag.py","lineno":4,"logger":"py.warnings"}
{"timestamp":"2026-02-23T06:35:31.340926Z","level":"warning","event":"The `airflow.operators.empty.EmptyOperator` attribute is deprecated. Please use `'airflow.providers.standard.operators.empty.EmptyOperator'`.","category":"DeprecatedImportWarning","filename":"/opt/airflow/dags/hello_world_dag.py","lineno":5,"logger":"py.warnings"}
{"timestamp":"2026-02-23T06:35:31.341311Z","level":"warning","event":"The `airflow.utils.timezone.datetime` attribute is deprecated. Please use `'airflow.sdk.timezone.datetime'`.","category":"DeprecatedImportWarning","filename":"/opt/airflow/dags/hello_world_dag.py","lineno":27,"logger":"py.warnings"}
{"timestamp":"2026-02-23T06:36:01.519677Z","level":"info","event":"Filling up the DagBag from /opt/airflow/dags/hello_world_dag.py","logger":"airflow.models.dagbag.BundleDagBag","filename":"dagbag.py","lineno":593}
{"timestamp":"2026-02-23T06:36:01.546758Z","level":"warning","event":"The `airflow.operators.python.PythonOperator` attribute is deprecated. Please use `'airflow.providers.standard.operators.python.PythonOperator'`.","category":"DeprecatedImportWarning","filename":"/opt/airflow/dags/hello_world_dag.py","lineno":4,"logger":"py.warnings"}
{"timestamp":"2026-02-23T06:36:01.547237Z","level":"warning","event":"The `airflow.operators.empty.EmptyOperator` attribute is deprecated. Please use `'airflow.providers.standard.operators.empty.EmptyOperator'`.","category":"DeprecatedImportWarning","filename":"/opt/airflow/dags/hello_world_dag.py","lineno":5,"logger":"py.warnings"}
{"timestamp":"2026-02-23T06:36:01.547354Z","level":"warning","event":"The `airflow.utils.timezone.datetime` attribute is deprecated. Please use `'airflow.sdk.timezone.datetime'`.","category":"DeprecatedImportWarning","filename":"/opt/airflow/dags/hello_world_dag.py","lineno":27,"logger":"py.warnings"}
{"timestamp":"2026-02-23T06:36:31.987709Z","level":"info","event":"Filling up the DagBag from /opt/airflow/dags/hello_world_dag.py","logger":"airflow.models.dagbag.BundleDagBag","filename":"dagbag.py","lineno":593}
{"timestamp":"2026-02-23T06:36:32.006846Z","level":"warning","event":"The `airflow.operators.python.PythonOperator` attribute is deprecated. Please use `'airflow.providers.standard.operators.python.PythonOperator'`.","category":"DeprecatedImportWarning","filename":"/opt/airflow/dags/hello_world_dag.py","lineno":4,"logger":"py.warnings"}
{"timestamp":"2026-02-23T06:36:32.007032Z","level":"warning","event":"The `airflow.operators.empty.EmptyOperator` attribute is deprecated. Please use `'airflow.providers.standard.operators.empty.EmptyOperator'`.","category":"DeprecatedImportWarning","filename":"/opt/airflow/dags/hello_world_dag.py","lineno":5,"logger":"py.warnings"}
{"timestamp":"2026-02-23T06:36:32.007142Z","level":"warning","event":"The `airflow.utils.timezone.datetime` attribute is deprecated. Please use `'airflow.sdk.timezone.datetime'`.","category":"DeprecatedImportWarning","filename":"/opt/airflow/dags/hello_world_dag.py","lineno":27,"logger":"py.warnings"}
{"timestamp":"2026-02-23T06:37:02.620627Z","level":"info","event":"Filling up the DagBag from /opt/airflow/dags/hello_world_dag.py","logger":"airflow.models.dagbag.BundleDagBag","filename":"dagbag.py","lineno":593}
{"timestamp":"2026-02-23T06:37:02.650275Z","level":"warning","event":"The `airflow.operators.python.PythonOperator` attribute is deprecated. Please use `'airflow.providers.standard.operators.python.PythonOperator'`.","category":"DeprecatedImportWarning","filename":"/opt/airflow/dags/hello_world_dag.py","lineno":4,"logger":"py.warnings"}
{"timestamp":"2026-02-23T06:37:02.650439Z","level":"warning","event":"The `airflow.operators.empty.EmptyOperator` attribute is deprecated. Please use `'airflow.providers.standard.operators.empty.EmptyOperator'`.","category":"DeprecatedImportWarning","filename":"/opt/airflow/dags/hello_world_dag.py","lineno":5,"logger":"py.warnings"}
{"timestamp":"2026-02-23T06:37:02.650495Z","level":"warning","event":"The `airflow.utils.timezone.datetime` attribute is deprecated. Please use `'airflow.sdk.timezone.datetime'`.","category":"DeprecatedImportWarning","filename":"/opt/airflow/dags/hello_world_dag.py","lineno":27,"logger":"py.warnings"}
{"timestamp":"2026-02-23T06:37:33.262996Z","level":"info","event":"Filling up the DagBag from /opt/airflow/dags/hello_world_dag.py","logger":"airflow.models.dagbag.BundleDagBag","filename":"dagbag.py","lineno":593}
{"timestamp":"2026-02-23T06:37:33.290334Z","level":"warning","event":"The `airflow.operators.python.PythonOperator` attribute is deprecated. Please use `'airflow.providers.standard.operators.python.PythonOperator'`.","category":"DeprecatedImportWarning","filename":"/opt/airflow/dags/hello_world_dag.py","lineno":4,"logger":"py.warnings"}
{"timestamp":"2026-02-23T06:37:33.290488Z","level":"warning","event":"The `airflow.operators.empty.EmptyOperator` attribute is deprecated. Please use `'airflow.providers.standard.operators.empty.EmptyOperator'`.","category":"DeprecatedImportWarning","filename":"/opt/airflow/dags/hello_world_dag.py","lineno":5,"logger":"py.warnings"}
{"timestamp":"2026-02-23T06:37:33.290582Z","level":"warning","event":"The `airflow.utils.timezone.datetime` attribute is deprecated. Please use `'airflow.sdk.timezone.datetime'`.","category":"DeprecatedImportWarning","filename":"/opt/airflow/dags/hello_world_dag.py","lineno":27,"logger":"py.warnings"}
{"timestamp":"2026-02-23T06:38:03.644810Z","level":"info","event":"Filling up the DagBag from /opt/airflow/dags/hello_world_dag.py","logger":"airflow.models.dagbag.BundleDagBag","filename":"dagbag.py","lineno":593}
{"timestamp":"2026-02-23T06:38:03.672103Z","level":"warning","event":"The `airflow.operators.python.PythonOperator` attribute is deprecated. Please use `'airflow.providers.standard.operators.python.PythonOperator'`.","category":"DeprecatedImportWarning","filename":"/opt/airflow/dags/hello_world_dag.py","lineno":4,"logger":"py.warnings"}
{"timestamp":"2026-02-23T06:38:03.672236Z","level":"warning","event":"The `airflow.operators.empty.EmptyOperator` attribute is deprecated. Please use `'airflow.providers.standard.operators.empty.EmptyOperator'`.","category":"DeprecatedImportWarning","filename":"/opt/airflow/dags/hello_world_dag.py","lineno":5,"logger":"py.warnings"}
{"timestamp":"2026-02-23T06:38:03.672301Z","level":"warning","event":"The `airflow.utils.timezone.datetime` attribute is deprecated. Please use `'airflow.sdk.timezone.datetime'`.","category":"DeprecatedImportWarning","filename":"/opt/airflow/dags/hello_world_dag.py","lineno":27,"logger":"py.warnings"}
{"timestamp":"2026-02-23T06:38:34.728512Z","level":"info","event":"Filling up the DagBag from /opt/airflow/dags/hello_world_dag.py","logger":"airflow.models.dagbag.BundleDagBag","filename":"dagbag.py","lineno":593}
{"timestamp":"2026-02-23T06:38:34.767379Z","level":"warning","event":"The `airflow.operators.python.PythonOperator` attribute is deprecated. Please use `'airflow.providers.standard.operators.python.PythonOperator'`.","category":"DeprecatedImportWarning","filename":"/opt/airflow/dags/hello_world_dag.py","lineno":4,"logger":"py.warnings"}
{"timestamp":"2026-02-23T06:38:34.767686Z","level":"warning","event":"The `airflow.operators.empty.EmptyOperator` attribute is deprecated. Please use `'airflow.providers.standard.operators.empty.EmptyOperator'`.","category":"DeprecatedImportWarning","filename":"/opt/airflow/dags/hello_world_dag.py","lineno":5,"logger":"py.warnings"}
{"timestamp":"2026-02-23T06:38:34.767767Z","level":"warning","event":"The `airflow.utils.timezone.datetime` attribute is deprecated. Please use `'airflow.sdk.timezone.datetime'`.","category":"DeprecatedImportWarning","filename":"/opt/airflow/dags/hello_world_dag.py","lineno":27,"logger":"py.warnings"}
{"timestamp":"2026-02-23T06:39:05.915319Z","level":"info","event":"Filling up the DagBag from /opt/airflow/dags/hello_world_dag.py","logger":"airflow.models.dagbag.BundleDagBag","filename":"dagbag.py","lineno":593}
{"timestamp":"2026-02-23T06:39:05.936465Z","level":"warning","event":"The `airflow.operators.python.PythonOperator` attribute is deprecated. Please use `'airflow.providers.standard.operators.python.PythonOperator'`.","category":"DeprecatedImportWarning","filename":"/opt/airflow/dags/hello_world_dag.py","lineno":4,"logger":"py.warnings"}
{"timestamp":"2026-02-23T06:39:05.937725Z","level":"warning","event":"The `airflow.operators.empty.EmptyOperator` attribute is deprecated. Please use `'airflow.providers.standard.operators.empty.EmptyOperator'`.","category":"DeprecatedImportWarning","filename":"/opt/airflow/dags/hello_world_dag.py","lineno":5,"logger":"py.warnings"}
{"timestamp":"2026-02-23T06:39:05.937974Z","level":"warning","event":"The `airflow.utils.timezone.datetime` attribute is deprecated. Please use `'airflow.sdk.timezone.datetime'`.","category":"DeprecatedImportWarning","filename":"/opt/airflow/dags/hello_world_dag.py","lineno":27,"logger":"py.warnings"}
{"timestamp":"2026-02-23T06:39:36.784221Z","level":"info","event":"Filling up the DagBag from /opt/airflow/dags/hello_world_dag.py","logger":"airflow.models.dagbag.BundleDagBag","filename":"dagbag.py","lineno":593}
{"timestamp":"2026-02-23T06:39:36.809108Z","level":"warning","event":"The `airflow.operators.python.PythonOperator` attribute is deprecated. Please use `'airflow.providers.standard.operators.python.PythonOperator'`.","category":"DeprecatedImportWarning","filename":"/opt/airflow/dags/hello_world_dag.py","lineno":4,"logger":"py.warnings"}
{"timestamp":"2026-02-23T06:39:36.809225Z","level":"warning","event":"The `airflow.operators.empty.EmptyOperator` attribute is deprecated. Please use `'airflow.providers.standard.operators.empty.EmptyOperator'`.","category":"DeprecatedImportWarning","filename":"/opt/airflow/dags/hello_world_dag.py","lineno":5,"logger":"py.warnings"}
{"timestamp":"2026-02-23T06:39:36.809279Z","level":"warning","event":"The `airflow.utils.timezone.datetime` attribute is deprecated. Please use `'airflow.sdk.timezone.datetime'`.","category":"DeprecatedImportWarning","filename":"/opt/airflow/dags/hello_world_dag.py","lineno":27,"logger":"py.warnings"}
{"timestamp":"2026-02-23T06:40:07.303641Z","level":"info","event":"Filling up the DagBag from /opt/airflow/dags/hello_world_dag.py","logger":"airflow.models.dagbag.BundleDagBag","filename":"dagbag.py","lineno":593}
{"timestamp":"2026-02-23T06:40:07.324106Z","level":"warning","event":"The `airflow.operators.python.PythonOperator` attribute is deprecated. Please use `'airflow.providers.standard.operators.python.PythonOperator'`.","category":"DeprecatedImportWarning","filename":"/opt/airflow/dags/hello_world_dag.py","lineno":4,"logger":"py.warnings"}
{"timestamp":"2026-02-23T06:40:07.324299Z","level":"warning","event":"The `airflow.operators.empty.EmptyOperator` attribute is deprecated. Please use `'airflow.providers.standard.operators.empty.EmptyOperator'`.","category":"DeprecatedImportWarning","filename":"/opt/airflow/dags/hello_world_dag.py","lineno":5,"logger":"py.warnings"}
{"timestamp":"2026-02-23T06:40:07.324428Z","level":"warning","event":"The `airflow.utils.timezone.datetime` attribute is deprecated. Please use `'airflow.sdk.timezone.datetime'`.","category":"DeprecatedImportWarning","filename":"/opt/airflow/dags/hello_world_dag.py","lineno":27,"logger":"py.warnings"}
{"timestamp":"2026-02-23T06:40:37.829523Z","level":"info","event":"Filling up the DagBag from /opt/airflow/dags/hello_world_dag.py","logger":"airflow.models.dagbag.BundleDagBag","filename":"dagbag.py","lineno":593}
{"timestamp":"2026-02-23T06:40:37.855749Z","level":"warning","event":"The `airflow.operators.python.PythonOperator` attribute is deprecated. Please use `'airflow.providers.standard.operators.python.PythonOperator'`.","category":"DeprecatedImportWarning","filename":"/opt/airflow/dags/hello_world_dag.py","lineno":4,"logger":"py.warnings"}
{"timestamp":"2026-02-23T06:40:37.856884Z","level":"warning","event":"The `airflow.operators.empty.EmptyOperator` attribute is deprecated. Please use `'airflow.providers.standard.operators.empty.EmptyOperator'`.","category":"DeprecatedImportWarning","filename":"/opt/airflow/dags/hello_world_dag.py","lineno":5,"logger":"py.warnings"}
{"timestamp":"2026-02-23T06:40:37.856975Z","level":"warning","event":"The `airflow.utils.timezone.datetime` attribute is deprecated. Please use `'airflow.sdk.timezone.datetime'`.","category":"DeprecatedImportWarning","filename":"/opt/airflow/dags/hello_world_dag.py","lineno":27,"logger":"py.warnings"}
{"timestamp":"2026-02-23T06:41:08.481372Z","level":"info","event":"Filling up the DagBag from /opt/airflow/dags/hello_world_dag.py","logger":"airflow.models.dagbag.BundleDagBag","filename":"dagbag.py","lineno":593}
{"timestamp":"2026-02-23T06:41:08.510841Z","level":"warning","event":"The `airflow.operators.python.PythonOperator` attribute is deprecated. Please use `'airflow.providers.standard.operators.python.PythonOperator'`.","category":"DeprecatedImportWarning","filename":"/opt/airflow/dags/hello_world_dag.py","lineno":4,"logger":"py.warnings"}
{"timestamp":"2026-02-23T06:41:08.511297Z","level":"warning","event":"The `airflow.operators.empty.EmptyOperator` attribute is deprecated. Please use `'airflow.providers.standard.operators.empty.EmptyOperator'`.","category":"DeprecatedImportWarning","filename":"/opt/airflow/dags/hello_world_dag.py","lineno":5,"logger":"py.warnings"}
{"timestamp":"2026-02-23T06:41:08.511439Z","level":"warning","event":"The `airflow.utils.timezone.datetime` attribute is deprecated. Please use `'airflow.sdk.timezone.datetime'`.","category":"DeprecatedImportWarning","filename":"/opt/airflow/dags/hello_world_dag.py","lineno":27,"logger":"py.warnings"}
{"timestamp":"2026-02-23T06:41:39.476577Z","level":"info","event":"Filling up the DagBag from /opt/airflow/dags/hello_world_dag.py","logger":"airflow.models.dagbag.BundleDagBag","filename":"dagbag.py","lineno":593}
{"timestamp":"2026-02-23T06:41:39.510252Z","level":"warning","event":"The `airflow.operators.python.PythonOperator` attribute is deprecated. Please use `'airflow.providers.standard.operators.python.PythonOperator'`.","category":"DeprecatedImportWarning","filename":"/opt/airflow/dags/hello_world_dag.py","lineno":4,"logger":"py.warnings"}
{"timestamp":"2026-02-23T06:41:39.510405Z","level":"warning","event":"The `airflow.operators.empty.EmptyOperator` attribute is deprecated. Please use `'airflow.providers.standard.operators.empty.EmptyOperator'`.","category":"DeprecatedImportWarning","filename":"/opt/airflow/dags/hello_world_dag.py","lineno":5,"logger":"py.warnings"}
{"timestamp":"2026-02-23T06:41:39.510471Z","level":"warning","event":"The `airflow.utils.timezone.datetime` attribute is deprecated. Please use `'airflow.sdk.timezone.datetime'`.","category":"DeprecatedImportWarning","filename":"/opt/airflow/dags/hello_world_dag.py","lineno":27,"logger":"py.warnings"}
{"timestamp":"2026-02-23T06:42:09.639801Z","level":"info","event":"Filling up the DagBag from /opt/airflow/dags/hello_world_dag.py","logger":"airflow.models.dagbag.BundleDagBag","filename":"dagbag.py","lineno":593}
{"timestamp":"2026-02-23T06:42:09.650590Z","level":"warning","event":"The `airflow.operators.python.PythonOperator` attribute is deprecated. Please use `'airflow.providers.standard.operators.python.PythonOperator'`.","category":"DeprecatedImportWarning","filename":"/opt/airflow/dags/hello_world_dag.py","lineno":4,"logger":"py.warnings"}
{"timestamp":"2026-02-23T06:42:09.650948Z","level":"warning","event":"The `airflow.operators.empty.EmptyOperator` attribute is deprecated. Please use `'airflow.providers.standard.operators.empty.EmptyOperator'`.","category":"DeprecatedImportWarning","filename":"/opt/airflow/dags/hello_world_dag.py","lineno":5,"logger":"py.warnings"}
{"timestamp":"2026-02-23T06:42:09.651010Z","level":"warning","event":"The `airflow.utils.timezone.datetime` attribute is deprecated. Please use `'airflow.sdk.timezone.datetime'`.","category":"DeprecatedImportWarning","filename":"/opt/airflow/dags/hello_world_dag.py","lineno":27,"logger":"py.warnings"}
{"timestamp":"2026-02-23T06:42:40.569503Z","level":"info","event":"Filling up the DagBag from /opt/airflow/dags/hello_world_dag.py","logger":"airflow.models.dagbag.BundleDagBag","filename":"dagbag.py","lineno":593}
{"timestamp":"2026-02-23T06:42:40.597529Z","level":"warning","event":"The `airflow.operators.python.PythonOperator` attribute is deprecated. Please use `'airflow.providers.standard.operators.python.PythonOperator'`.","category":"DeprecatedImportWarning","filename":"/opt/airflow/dags/hello_world_dag.py","lineno":4,"logger":"py.warnings"}
{"timestamp":"2026-02-23T06:42:40.597637Z","level":"warning","event":"The `airflow.operators.empty.EmptyOperator` attribute is deprecated. Please use `'airflow.providers.standard.operators.empty.EmptyOperator'`.","category":"DeprecatedImportWarning","filename":"/opt/airflow/dags/hello_world_dag.py","lineno":5,"logger":"py.warnings"}
{"timestamp":"2026-02-23T06:42:40.597689Z","level":"warning","event":"The `airflow.utils.timezone.datetime` attribute is deprecated. Please use `'airflow.sdk.timezone.datetime'`.","category":"DeprecatedImportWarning","filename":"/opt/airflow/dags/hello_world_dag.py","lineno":27,"logger":"py.warnings"}
{"timestamp":"2026-02-23T06:43:10.918654Z","level":"info","event":"Filling up the DagBag from /opt/airflow/dags/hello_world_dag.py","logger":"airflow.models.dagbag.BundleDagBag","filename":"dagbag.py","lineno":593}
{"timestamp":"2026-02-23T06:43:10.931721Z","level":"warning","event":"The `airflow.operators.python.PythonOperator` attribute is deprecated. Please use `'airflow.providers.standard.operators.python.PythonOperator'`.","category":"DeprecatedImportWarning","filename":"/opt/airflow/dags/hello_world_dag.py","lineno":4,"logger":"py.warnings"}
{"timestamp":"2026-02-23T06:43:10.931856Z","level":"warning","event":"The `airflow.operators.empty.EmptyOperator` attribute is deprecated. Please use `'airflow.providers.standard.operators.empty.EmptyOperator'`.","category":"DeprecatedImportWarning","filename":"/opt/airflow/dags/hello_world_dag.py","lineno":5,"logger":"py.warnings"}
{"timestamp":"2026-02-23T06:43:10.931932Z","level":"warning","event":"The `airflow.utils.timezone.datetime` attribute is deprecated. Please use `'airflow.sdk.timezone.datetime'`.","category":"DeprecatedImportWarning","filename":"/opt/airflow/dags/hello_world_dag.py","lineno":27,"logger":"py.warnings"}
{"timestamp":"2026-02-23T06:43:41.035799Z","level":"info","event":"Filling up the DagBag from /opt/airflow/dags/hello_world_dag.py","logger":"airflow.models.dagbag.BundleDagBag","filename":"dagbag.py","lineno":593}
{"timestamp":"2026-02-23T06:43:41.070522Z","level":"warning","event":"The `airflow.operators.python.PythonOperator` attribute is deprecated. Please use `'airflow.providers.standard.operators.python.PythonOperator'`.","category":"DeprecatedImportWarning","filename":"/opt/airflow/dags/hello_world_dag.py","lineno":4,"logger":"py.warnings"}
{"timestamp":"2026-02-23T06:43:41.070713Z","level":"warning","event":"The `airflow.operators.empty.EmptyOperator` attribute is deprecated. Please use `'airflow.providers.standard.operators.empty.EmptyOperator'`.","category":"DeprecatedImportWarning","filename":"/opt/airflow/dags/hello_world_dag.py","lineno":5,"logger":"py.warnings"}
{"timestamp":"2026-02-23T06:43:41.070794Z","level":"warning","event":"The `airflow.utils.timezone.datetime` attribute is deprecated. Please use `'airflow.sdk.timezone.datetime'`.","category":"DeprecatedImportWarning","filename":"/opt/airflow/dags/hello_world_dag.py","lineno":27,"logger":"py.warnings"}
{"timestamp":"2026-02-23T06:44:11.790432Z","level":"info","event":"Filling up the DagBag from /opt/airflow/dags/hello_world_dag.py","logger":"airflow.models.dagbag.BundleDagBag","filename":"dagbag.py","lineno":593}
{"timestamp":"2026-02-23T06:44:11.805012Z","level":"warning","event":"The `airflow.operators.python.PythonOperator` attribute is deprecated. Please use `'airflow.providers.standard.operators.python.PythonOperator'`.","category":"DeprecatedImportWarning","filename":"/opt/airflow/dags/hello_world_dag.py","lineno":4,"logger":"py.warnings"}
{"timestamp":"2026-02-23T06:44:11.805137Z","level":"warning","event":"The `airflow.operators.empty.EmptyOperator` attribute is deprecated. Please use `'airflow.providers.standard.operators.empty.EmptyOperator'`.","category":"DeprecatedImportWarning","filename":"/opt/airflow/dags/hello_world_dag.py","lineno":5,"logger":"py.warnings"}
{"timestamp":"2026-02-23T06:44:11.805215Z","level":"warning","event":"The `airflow.utils.timezone.datetime` attribute is deprecated. Please use `'airflow.sdk.timezone.datetime'`.","category":"DeprecatedImportWarning","filename":"/opt/airflow/dags/hello_world_dag.py","lineno":27,"logger":"py.warnings"}
{"timestamp":"2026-02-23T06:44:42.847986Z","level":"info","event":"Filling up the DagBag from /opt/airflow/dags/hello_world_dag.py","logger":"airflow.models.dagbag.BundleDagBag","filename":"dagbag.py","lineno":593}
{"timestamp":"2026-02-23T06:44:42.873092Z","level":"warning","event":"The `airflow.operators.python.PythonOperator` attribute is deprecated. Please use `'airflow.providers.standard.operators.python.PythonOperator'`.","category":"DeprecatedImportWarning","filename":"/opt/airflow/dags/hello_world_dag.py","lineno":4,"logger":"py.warnings"}
{"timestamp":"2026-02-23T06:44:42.873308Z","level":"warning","event":"The `airflow.operators.empty.EmptyOperator` attribute is deprecated. Please use `'airflow.providers.standard.operators.empty.EmptyOperator'`.","category":"DeprecatedImportWarning","filename":"/opt/airflow/dags/hello_world_dag.py","lineno":5,"logger":"py.warnings"}
{"timestamp":"2026-02-23T06:44:42.873407Z","level":"warning","event":"The `airflow.utils.timezone.datetime` attribute is deprecated. Please use `'airflow.sdk.timezone.datetime'`.","category":"DeprecatedImportWarning","filename":"/opt/airflow/dags/hello_world_dag.py","lineno":27,"logger":"py.warnings"}
{"timestamp":"2026-02-23T06:45:13.339260Z","level":"info","event":"Filling up the DagBag from /opt/airflow/dags/hello_world_dag.py","logger":"airflow.models.dagbag.BundleDagBag","filename":"dagbag.py","lineno":593}
{"timestamp":"2026-02-23T06:45:13.363786Z","level":"warning","event":"The `airflow.operators.python.PythonOperator` attribute is deprecated. Please use `'airflow.providers.standard.operators.python.PythonOperator'`.","category":"DeprecatedImportWarning","filename":"/opt/airflow/dags/hello_world_dag.py","lineno":4,"logger":"py.warnings"}
{"timestamp":"2026-02-23T06:45:13.363957Z","level":"warning","event":"The `airflow.operators.empty.EmptyOperator` attribute is deprecated. Please use `'airflow.providers.standard.operators.empty.EmptyOperator'`.","category":"DeprecatedImportWarning","filename":"/opt/airflow/dags/hello_world_dag.py","lineno":5,"logger":"py.warnings"}
{"timestamp":"2026-02-23T06:45:13.364074Z","level":"warning","event":"The `airflow.utils.timezone.datetime` attribute is deprecated. Please use `'airflow.sdk.timezone.datetime'`.","category":"DeprecatedImportWarning","filename":"/opt/airflow/dags/hello_world_dag.py","lineno":27,"logger":"py.warnings"}
{"timestamp":"2026-02-23T06:45:44.122249Z","level":"info","event":"Filling up the DagBag from /opt/airflow/dags/hello_world_dag.py","logger":"airflow.models.dagbag.BundleDagBag","filename":"dagbag.py","lineno":593}
{"timestamp":"2026-02-23T06:45:44.157176Z","level":"warning","event":"The `airflow.operators.python.PythonOperator` attribute is deprecated. Please use `'airflow.providers.standard.operators.python.PythonOperator'`.","category":"DeprecatedImportWarning","filename":"/opt/airflow/dags/hello_world_dag.py","lineno":4,"logger":"py.warnings"}
{"timestamp":"2026-02-23T06:45:44.157398Z","level":"warning","event":"The `airflow.operators.empty.EmptyOperator` attribute is deprecated. Please use `'airflow.providers.standard.operators.empty.EmptyOperator'`.","category":"DeprecatedImportWarning","filename":"/opt/airflow/dags/hello_world_dag.py","lineno":5,"logger":"py.warnings"}
{"timestamp":"2026-02-23T06:45:44.157524Z","level":"warning","event":"The `airflow.utils.timezone.datetime` attribute is deprecated. Please use `'airflow.sdk.timezone.datetime'`.","category":"DeprecatedImportWarning","filename":"/opt/airflow/dags/hello_world_dag.py","lineno":27,"logger":"py.warnings"}
{"timestamp":"2026-02-23T06:50:45.021200Z","level":"info","event":"Filling up the DagBag from /opt/airflow/dags/hello_world_dag.py","logger":"airflow.models.dagbag.BundleDagBag","filename":"dagbag.py","lineno":593}
{"timestamp":"2026-02-23T06:50:48.879626Z","level":"warning","event":"The `airflow.operators.python.PythonOperator` attribute is deprecated. Please use `'airflow.providers.standard.operators.python.PythonOperator'`.","category":"DeprecatedImportWarning","filename":"/opt/airflow/dags/hello_world_dag.py","lineno":4,"logger":"py.warnings"}
{"timestamp":"2026-02-23T06:50:48.905456Z","level":"warning","event":"The `airflow.operators.empty.EmptyOperator` attribute is deprecated. Please use `'airflow.providers.standard.operators.empty.EmptyOperator'`.","category":"DeprecatedImportWarning","filename":"/opt/airflow/dags/hello_world_dag.py","lineno":5,"logger":"py.warnings"}
{"timestamp":"2026-02-23T06:50:48.905911Z","level":"warning","event":"The `airflow.utils.timezone.datetime` attribute is deprecated. Please use `'airflow.sdk.timezone.datetime'`.","category":"DeprecatedImportWarning","filename":"/opt/airflow/dags/hello_world_dag.py","lineno":27,"logger":"py.warnings"}
